sample,t_iso,elapsed_s,v1_set,v1,i1,p_in_w,v2,i2_raw,i_chg,v_bat,p_bat_w,ah_cum,wh_cum,eff_inst,flags
1,2026-09-15T18:17:35.603,0.167,7.7114,7.71059,0.207029,1.5963157371099999,0.0,0.3894,0.3894,3.39728579,1.322903086626,0.0,0.0,0.8287226993207552,
2,2026-09-15T18:17:37.623,2.187,7.7114,6.03636,0.180651,1.09047447036,0.0,0.27696,0.27696,3.37719522,0.9353479881311999,0.00018694729120731358,0.000633552316003156,0.8577440495442429,
3,2026-09-15T18:17:39.663,4.227,7.7114,6.03657,0.180649,1.0905003339300001,0.0,0.27696,0.27696,3.37741467,0.9354087670031999,0.0003438538515647253,0.0011634736182011835,0.8577794411415965,
4,2026-09-15T18:17:41.597,6.161,7.7114,6.0364,0.180648,1.0904635872000001,0.0,0.27696,0.27696,3.37756091,0.9354492696336,0.0004926722854852677,0.0016661060616947373,0.8578454893992079,
5,2026-09-15T18:17:43.591,8.155,7.7114,6.03661,0.180652,1.0905256697199999,0.0,0.27696,0.27696,3.37765722,0.9354759436512,0.0006460910506486893,0.0021842946736518164,0.8578211129054761,
6,2026-09-15T18:17:45.623,10.187,7.7114,6.03733,0.180612,1.09041424596,0.0,0.22844,0.22844,3.36908401,0.7696335512444,0.0007887220995465915,0.0026655007594110795,0.7058175863860026,
7,2026-09-15T18:17:47.624,12.188,7.7114,6.03755,0.180622,1.0905143561000001,0.0,0.2323,0.2323,3.36935997,0.782702321031,0.0009167406760931016,0.003096823910626042,0.7177368336811022,
8,2026-09-15T18:17:49.592,14.156,7.7114,6.03746,0.180635,1.0905765871,-1e-05,0.22174,0.22174,3.36655162,0.7464991562188,0.0010408811879118285,0.003514927720994607,0.6844995253417724,
9,2026-09-15T18:17:51.596,16.16,7.7114,6.04067,0.180584,1.09084835128,0.0,0.0668,0.0668,3.35591519,0.224175134692,0.001121187845536073,0.0037850864786879257,0.20550531559125812,
10,2026-09-15T18:17:53.675,18.239,7.7114,6.03865,0.180578,1.0904473396999999,0.0,0.16678,0.16678,3.35662399,0.5598177490522,0.0011886373112499713,0.00401147530107017,0.5133835708253598,
11,2026-09-15T18:17:55.643,20.207,7.7114,6.03612,0.180617,1.09022588604,0.0,0.2768,0.2768,3.37668506,0.9346664246079999,0.00130988296260039,0.004419969162534445,0.8573144671907994,
12,2026-09-15T18:17:57.663,22.227,7.7114,6.0364,0.180648,1.0904635872000001,0.0,0.27686,0.27686,3.37708205,0.9349789363629999,0.0014651937895602649,0.004944435743349566,0.8574141744281067,
13,2026-09-15T18:17:59.643,24.207,7.7114,6.0365,0.180649,1.0904876885,0.0,0.27686,0.27686,3.37725901,0.9350279295085999,0.0016174691563341352,0.005458695624463222,0.8574401521164903,
14,2026-09-15T18:18:01.651,26.215,7.7114,6.03648,0.18065,1.0904901120000001,0.0,0.27686,0.27686,3.37738781,0.9350635890766,0.0017718689538558322,0.00598015367513251,0.8574709470420213,
15,2026-09-15T18:18:03.581,28.145,7.7114,6.03661,0.180647,1.0904954866699998,0.0,0.27663,0.27663,3.37742158,0.9342961316753999,0.0019203046385450494,0.006481481052465916,0.8567629514253385,
16,2026-09-15T18:18:05.635,30.199,7.7114,6.0364,0.180649,1.0904696236,0.0,0.2766,0.2766,3.37750764,0.9342186132240001,0.002078083918221129,0.007014374985395007,0.8567121843704699,
17,2026-09-15T18:18:07.613,32.177,7.7114,6.03655,0.180653,1.09052086715,0.0,0.27663,0.27663,3.37756574,0.9343360106562,0.0022300894633187187,0.007527779291285019,0.8567795801083768,
18,2026-09-15T18:18:09.575,34.139,7.7114,6.03633,0.18065,1.0904630145,0.0,0.27662,0.27662,3.37762321,0.9343181323501999,0.0023808014584336015,0.008036823293222996,0.8568086399322806,
19,2026-09-15T18:18:11.584,36.148,7.7114,6.03619,0.18066,1.0904980854,0.0,0.27664,0.27664,3.37767048,0.9343987615871999,0.0025351937577399943,0.008558305955999441,0.8568550225784742,
20,2026-09-15T18:18:13.682,38.246,7.7114,6.03636,0.180657,1.09051068852,0.0,0.27669,0.27669,3.37772314,0.9345822156066,0.002696474826836917,0.009103064508985232,0.8570133474574008,
21,2026-09-15T18:18:15.606,40.17,7.7114,6.03628,0.18065,1.0904539819999999,0.0,0.27904,0.27904,3.37821882,0.9426581795328,0.002844941576980882,0.009604581038064676,0.8644639710553141,
22,2026-09-15T18:18:17.672,42.236,7.7114,6.03637,0.180653,1.09048834961,0.0,0.27905,0.27905,3.37825046,0.9427007908630001,0.0030050903843396237,0.01014560128668406,0.8644758022404785,
23,2026-09-15T18:18:19.642,44.206,7.7114,6.0363,0.180658,1.0905058854,0.0,0.27903,0.27903,3.37828626,0.9426432151277999,0.0031577969774928354,0.01066148513859899,0.864409103837194,
24,2026-09-15T18:18:21.655,46.219,7.7114,6.03634,0.180653,1.09048293002,0.0,0.27904,0.27904,3.37832956,0.9426890804224001,0.0033138368372056214,0.01118863583100252,0.8644693598322631,
25,2026-09-15T18:18:23.682,48.246,7.7114,6.03642,0.18066,1.0905396371999998,0.0,0.27905,0.27905,3.37835459,0.9427298483395,0.003470930054942104,0.011719350458214045,0.8644617913751336,
26,2026-09-15T18:18:25.602,50.166,7.7114,6.0364,0.180648,1.0904635872000001,0.0,0.27901,0.27901,3.37837956,0.9426016810355999,0.0036197606780820415,0.012222154935048557,0.8644045450943783,
27,2026-09-15T18:18:27.631,52.195,7.7114,6.03627,0.180661,1.09051857447,0.0,0.27903,0.27903,3.37840426,0.9426761406678,0.0037770080707854687,0.012753398254496008,0.8644292382878005,
28,2026-09-15T18:18:29.670,54.234,7.7114,6.03647,0.180648,1.09047623256,0.0,0.27901,0.27901,3.37842382,0.9426140300182,0.0039350780826449385,0.013287424201809603,0.8644058456967201,
29,2026-09-15T18:18:31.603,56.167,7.7114,6.03634,0.18065,1.090464821,0.0,0.27903,0.27903,3.37845057,0.9426890625471,0.0040848316157009856,0.0137933571080406,0.8644836994215148,
30,2026-09-15T18:18:33.682,58.246,7.7114,6.0364,0.180656,1.0905118784,0.0,0.27902,0.27902,3.37846985,0.942660657547,0.0042460250250213665,0.014337942627515905,0.8644203481121843,
31,2026-09-15T18:18:35.702,60.266,7.7114,6.0363,0.180649,1.0904515586999999,0.0,0.27902,0.27902,3.37848671,0.9426653618241999,0.004402543430468107,0.014866736660737954,0.8644724786748108,
32,2026-09-15T18:18:37.562,62.126,7.7114,6.03621,0.180659,1.09049566239,0.0,0.27903,0.27903,3.37850419,0.9427040241357001,0.004546735905556876,0.01535389028177218,0.8644729700892251,
33,2026-09-15T18:18:39.647,64.212,7.7114,6.03649,0.180651,1.09049795499,0.0,0.27903,0.27903,3.37852044,0.9427085583732,0.0047083667471081,0.015899962070436806,0.8644753106225171,
34,2026-09-15T18:18:41.604,66.168,7.7114,6.03609,0.180661,1.0904860554899998,0.0,0.27903,0.27903,3.37853845,0.9427135837035,0.004860041705126561,0.01641240038217132,0.8644893522090022,
35,2026-09-15T18:18:43.674,68.238,7.7114,6.03639,0.180658,1.09052214462,0.0,0.27902,0.27902,3.37855172,0.9426835009143999,0.005020421516827409,0.016954250806707375,0.8644331576071612,
36,2026-09-15T18:18:45.704,70.268,7.7114,6.03633,0.180647,1.09044490551,0.0,0.279,0.279,3.37856553,0.94261978287,0.005177764312090142,0.017485842664684954,0.8644359546337076,
37,2026-09-15T18:18:47.636,72.2,7.7114,6.03638,0.180652,1.0904841197600001,0.0,0.27902,0.27902,3.37857669,0.9426904680438,0.005327541045166715,0.017991874008037596,0.8644696891608771,
38,2026-09-15T18:18:49.694,74.258,7.7114,6.03662,0.180651,1.09052143962,0.0,0.27903,0.27903,3.37859144,0.9427283695032,0.005487022292366621,0.018530694808514603,0.8644748606058589,
39,2026-09-15T18:18:51.661,76.225,7.7114,6.03632,0.180646,1.09043706272,0.0,0.279,0.279,3.37860167,0.9426298659300001,0.005639446583110091,0.019045674992076895,0.8644514187537722,
40,2026-09-15T18:18:53.620,78.184,7.7114,6.03644,0.180651,1.09048892244,0.0,0.27902,0.27902,3.37861101,0.9427000440102,0.0057912816289418245,0.01955866584058359,0.8644746632555256,
41,2026-09-15T18:18:55.640,80.204,7.7114,6.03649,0.180652,1.0905039914799999,0.0,0.27903,0.27903,3.37862783,0.9427385234049,0.00594784142352839,0.020087621802988568,0.8644980034648412,
42,2026-09-15T18:18:57.620,82.184,7.7114,6.03677,0.180652,1.09055457404,0.0,0.27904,0.27904,3.37863358,0.9427739141632,0.006101307847603822,0.020606128175564276,0.8644903580300974,
43,2026-09-15T18:18:59.660,84.224,7.7114,6.03614,0.180649,1.09042265486,0.0,0.27901,0.27901,3.37863659,0.9426733949759,0.006259440083869296,0.02114039929706752,0.8645027602594431,
44,2026-09-15T18:19:01.661,86.225,7.7114,6.03629,0.180644,1.09041957076,0.0,0.27898,0.27898,3.37865101,0.9425760587698,0.006414523039876088,0.021664369364805425,0.864415940474036,
45,2026-09-15T18:19:03.605,88.169,7.7114,6.03628,0.180661,1.09052038108,0.0,0.27902,0.27902,3.37865645,0.9427127226789999,0.006565212382494076,0.022173496474342323,0.8644613516946668,
46,2026-09-15T18:19:05.614,90.178,7.7114,6.03634,0.180661,1.09053122074,0.0,0.27901,0.27901,3.37866668,0.9426817903867999,0.006720901849356953,0.022699518492092997,0.864424394697408,
47,2026-09-15T18:19:07.653,92.217,7.7114,6.03634,0.180661,1.09053122074,0.0,0.279,0.279,3.37867571,0.9426505230900001,0.006878889766475887,0.023233307716808,0.8643957230773708,
48,2026-09-15T18:19:09.580,94.144,7.7114,6.03643,0.18065,1.0904810795000002,0.0,0.279,0.279,3.37867842,0.94265127918,0.007028229683181972,0.02373787906827186,0.8644361620764828,
49,2026-09-15T18:19:11.659,96.223,7.7114,6.03634,0.180648,1.09045274832,0.0,0.27899,0.27899,3.37869016,0.9426207677384001,0.007189385972447194,0.024282375291030008,0.8644306405670888,
50,2026-09-15T18:19:13.599,98.163,7.7114,6.03642,0.18065,1.090479273,0.0,0.279,0.279,3.37869676,0.9426563960400001,0.007339747528288097,0.024790400896393984,0.864442286414737,
51,2026-09-15T18:19:15.599,100.163,7.7114,6.03621,0.180648,1.09042926408,0.0,0.27899,0.27899,3.37870431,0.9426247154469,0.007494719196668927,0.02531400375525165,0.8644528778693377,
52,2026-09-15T18:19:17.653,102.217,7.7114,6.03641,0.180651,1.09048350291,0.0,0.279,0.279,3.37871121,0.9426604275900001,0.007653878406112722,0.025851756211284705,0.864442630332758,
53,2026-09-15T18:19:19.679,104.243,7.7114,6.03645,0.180648,1.0904726196,0.0,0.279,0.279,3.37871903,0.9426626093700001,0.007810930547540716,0.026382390656155847,0.8644532585474557,
54,2026-09-15T18:19:21.661,106.225,7.7114,6.03637,0.180652,1.0904823132400001,0.0,0.27899,0.27899,3.37871964,0.9426289923636,0.007964541690973439,0.026901399596542606,0.8644147465013863,
55,2026-09-15T18:19:23.581,108.145,7.7114,6.03634,0.180663,1.09054329342,0.0,0.279,0.279,3.37872481,0.9426642219900001,0.008113298750122386,0.027404008378421687,0.8643987154638828,
56,2026-09-15T18:19:25.646,110.21,7.7114,6.03624,0.18066,1.0905071184,0.0,0.27899,0.27899,3.37873591,0.9426335315309001,0.008273360510896971,0.02794481390900992,0.8643992465761609,
57,2026-09-15T18:19:27.619,112.183,7.7114,6.0364,0.180648,1.0904635872000001,0.0,0.27898,0.27898,3.37873649,0.9425999059802,0.00842625177512897,0.028461393158133546,0.8644029172955038,
58,2026-09-15T18:19:29.645,114.209,7.7114,6.03649,0.180651,1.09049795499,0.0,0.27901,0.27901,3.37874674,0.9427041279273999,0.008583264443418712,0.02899189839460955,0.8644712478493778,
59,2026-09-15T18:19:31.574,116.138,7.7114,6.03649,0.18065,1.0904919185,0.0,0.279,0.279,3.37874945,0.94267109655,0.00873277104516294,0.029497043540439152,0.8644457428411471,
60,2026-09-15T18:19:33.582,118.146,7.7114,6.03651,0.180651,1.09050156801,0.0,0.279,0.279,3.37875998,0.9426740344200001,0.008888383498385215,0.03002281985047663,0.8644407876828982,
61,2026-09-15T18:19:35.596,120.16,7.7114,6.03632,0.180652,1.09047328064,0.0,0.27899,0.27899,3.37876479,0.9426415887621,0.009044458453406226,0.03055016003773546,0.8644334579283435,
62,2026-09-15T18:19:37.618,122.182,7.7114,6.03619,0.180648,1.0904256511200001,0.0,0.27898,0.27898,3.37876719,0.9426084706662,0.009201149990100991,0.0310795840728372,0.864440844451913,
63,2026-09-15T18:19:39.582,124.146,7.7114,6.03647,0.180647,1.0904701960899998,0.0,0.27897,0.27897,3.37876962,0.9425753608913999,0.009353327264692384,0.03159375584018229,0.8643751697855723,
64,2026-09-15T18:19:41.659,126.223,7.7114,6.03624,0.180657,1.0904890096800002,0.0,0.27898,0.27898,3.37877562,0.9426108224676,0.00951428763147791,0.03213760432039104,0.864392776176814,
65,2026-09-15T18:19:43.582,128.146,7.7114,6.0363,0.18065,1.090457595,0.0,0.27898,0.27898,3.37877385,0.942610328673,0.009663342860499352,0.03264122836232833,0.8644172253878428,
66,2026-09-15T18:19:45.639,130.203,7.7114,6.03631,0.180652,1.0904714741200001,0.0,0.27899,0.27899,3.37878227,0.9426464655073,0.009822750915212761,0.0331798328001933,0.8644393621282084,
67,2026-09-15T18:19:47.618,132.182,7.7114,6.0365,0.180663,1.0905721995,0.0,0.27899,0.27899,3.37879368,0.9426496487832,0.009976094588915504,0.03369794856094245,0.864362441308683,
68,2026-09-15T18:19:49.642,134.206,7.7114,6.03628,0.180648,1.09044190944,0.0,0.27898,0.27898,3.37879816,0.9426171106768001,0.010132977615501481,0.0342280242910821,0.8644358791757043,
69,2026-09-15T18:19:51.610,136.174,7.7114,6.03656,0.180652,1.09051663712,0.0,0.27901,0.27901,3.37880242,0.9427196632042,0.01028547229811549,0.03474327336893923,0.8644706839997193,
70,2026-09-15T18:19:53.595,138.159,7.7114,6.03655,0.180649,1.09049672095,0.0,0.279,0.279,3.37880211,0.9426857886900001,0.010439339912508592,0.03526316161296122,0.8644554087872611,
71,2026-09-15T18:19:55.649,140.213,7.7114,6.03642,0.180645,1.0904490909,0.0,0.27898,0.27898,3.37880244,0.9426183047112,0.010598506561150814,0.03580095424749674,0.8644312811827023,
72,2026-09-15T18:19:57.630,142.194,7.7114,6.03653,0.18064,1.0904387791999999,0.0,0.27899,0.27899,3.37880813,0.9426536801887,0.010752041341536905,0.03631971837490441,0.8644718971571037,
73,2026-09-15T18:19:59.639,144.203,7.7114,6.03634,0.180655,1.0904950027,0.0,0.27899,0.27899,3.37881653,0.9426560237047,0.010907701966197954,0.03684566641280466,0.8644294759450896,
74,2026-09-15T18:20:01.662,146.226,7.7114,6.03647,0.180652,1.09050037844,0.0,0.27899,0.27899,3.37881656,0.9426560320744001,0.01106448845482568,0.03737541919461247,0.8644252223212462,
75,2026-09-15T18:20:03.679,148.243,7.7114,6.03629,0.180654,1.0904799336600002,0.0,0.27899,0.27899,3.37881988,0.9426569583212,0.011220811545871033,0.03790360650284323,0.8644422783254169,
76,2026-09-15T18:20:05.596,150.16,7.7114,6.03644,0.180648,1.09047081312,0.0,0.27898,0.27898,3.3788259,0.942624849582,0.011369390389020576,0.038405628099038615,0.8644200635549423,
77,2026-09-15T18:20:07.624,152.188,7.7114,6.0365,0.180653,1.0905118345,0.0,0.279,0.279,3.37882319,0.9426916700100001,0.011526531262242795,0.03893657953849695,0.8644488213575642,
78,2026-09-15T18:20:09.609,154.173,7.7114,6.03628,0.180653,1.09047209084,0.0,0.27899,0.27899,3.37883731,0.9426618211169001,0.01168033708049324,0.03945626328980809,0.8644529548580739,
79,2026-09-15T18:20:11.658,156.222,7.7114,6.03646,0.180648,1.0904744260800001,0.0,0.27899,0.27899,3.37883643,0.9426615756057,0.011839178815001251,0.03999296359885851,0.8644508784991385,
80,2026-09-15T18:20:13.601,158.165,7.7114,6.03653,0.180648,1.09048707144,0.0,0.27899,0.27899,3.37884063,0.9426627473637,0.011989741327185104,0.0405016900161989,0.8644419287969217,
81,2026-09-15T18:20:15.605,160.169,7.7114,6.03631,0.180648,1.09044732888,0.0,0.27899,0.27899,3.37883165,0.9426602420335001,0.012145045072886681,0.041026435924852764,0.864471136814749,
82,2026-09-15T18:20:17.667,162.231,7.7114,6.03658,0.18065,1.090508177,0.0,0.279,0.279,3.37884847,0.94269872313,0.012304850408346125,0.04156639259412896,0.8644581884047624,
83,2026-09-15T18:20:19.588,164.152,7.7114,6.03659,0.180652,1.09052205668,0.0,0.27901,0.27901,3.37884786,0.9427323414186,0.012453699349264305,0.042069330565011734,0.8644780136668367,
84,2026-09-15T18:20:21.649,166.213,7.7114,6.03658,0.180637,1.09042970146,0.0,0.27897,0.27897,3.37884756,0.9425971038132,0.012613413815885783,0.04260898142481131,0.8644272093387922,
85,2026-09-15T18:20:23.610,168.174,7.7114,6.03651,0.180652,1.09050760452,0.0,0.279,0.279,3.37885483,0.9427004975700001,0.012765405905373893,0.04312254007803846,0.8644602693852291,
86,2026-09-15T18:20:25.698,170.262,7.7114,6.03661,0.180654,1.09053774294,0.0,0.27902,0.27902,3.37886019,0.9427695702138,0.012927264637934501,0.0436694376721255,0.8644997170590087,
87,2026-09-15T18:20:27.603,172.167,7.7114,6.03662,0.180651,1.09052143962,0.0,0.279,0.279,3.37886682,0.9427038427800001,0.013074905838267011,0.04416829713574587,0.8644523697842126,
88,2026-09-15T18:20:29.655,174.219,7.7114,6.0366,0.18065,1.09051179,0.0,0.27901,0.27901,3.37886861,0.9427381308760999,0.013233908258925878,0.04470554528151951,0.8644914612762691,
89,2026-09-15T18:20:31.577,176.141,7.7114,6.03649,0.180653,1.09051002797,0.0,0.27899,0.27899,3.37887613,0.9426726515087,0.013382836331974469,0.04520875423264067,0.8644328133905368,
90,2026-09-15T18:20:33.589,178.153,7.7114,6.03631,0.180648,1.09044732888,0.0,0.27897,0.27897,3.37886475,0.9426018993074999,0.013538792778071101,0.04573571085831584,0.8644176333355299,
91,2026-09-15T18:20:35.597,180.161,7.7114,6.03631,0.180661,1.09052580091,0.0,0.279,0.279,3.37888036,0.9427076204400001,0.013694381289388076,0.04626142460914337,0.8644523766914533,
92,2026-09-15T18:20:37.622,182.186,7.7114,6.03645,0.18065,1.0904846925,0.0,0.27898,0.27898,3.37887406,0.9426382852588,0.013851299517440137,0.04679163203375977,0.8644213822917097,
93,2026-09-15T18:20:39.582,184.146,7.7114,6.03644,0.180645,1.0904527038,0.0,0.27897,0.27897,3.37888008,0.9426061759176,0.014003231969415152,0.04730499311191883,0.8644172944253466,
94,2026-09-15T18:20:41.658,186.222,7.7114,6.03633,0.18065,1.0904630145,0.0,0.27897,0.27897,3.37888486,0.9426075093941999,0.014164049887775386,0.04784837795712812,0.864410343918363,
95,2026-09-15T18:20:43.678,188.242,7.7114,6.03652,0.180651,1.0905033745200001,0.0,0.27899,0.27899,3.37888129,0.9426740910971,0.014320600285551618,0.04837734344654873,0.8644394076378084,
96,2026-09-15T18:20:45.597,190.161,7.7114,6.03647,0.180653,1.0905064149099999,0.0,0.27899,0.27899,3.37888701,0.9426756869199001,0.014469364434494248,0.04888000027149922,0.8644384609124006,
97,2026-09-15T18:20:47.619,192.183,7.7114,6.03637,0.180652,1.0904823132400001,0.0,0.27898,0.27898,3.37888911,0.9426424839077999,0.014626038104465278,0.04940938306427776,0.8644271185903566,
98,2026-09-15T18:20:49.660,194.224,7.7114,6.03663,0.180662,1.0905896490599998,0.0,0.279,0.279,3.37890174,0.9427135854600001,0.014784200577198139,0.04994379751983731,0.8644072371973667,
99,2026-09-15T18:20:51.595,196.159,7.7114,6.03636,0.180653,1.0904865430800001,0.0,0.27899,0.27899,3.37890083,0.9426795425617001,0.014934178677601289,0.050450558716012596,0.8644577491980506,
100,2026-09-15T18:20:53.679,198.243,7.7114,6.03628,0.180644,1.09041776432,0.0,0.27897,0.27897,3.37890174,0.9426122184078,0.0150956350198057,0.05099610375815585,0.8644505337783326,
101,2026-09-15T18:20:55.588,200.152,7.7114,6.03645,0.180652,1.0904967654000002,0.0,0.27898,0.27898,3.37890533,0.9426470089633999,0.015243567150413993,0.05149595215721306,0.864419812027257,
102,2026-09-15T18:20:57.603,202.167,7.7114,6.03618,0.180651,1.09044195318,0.0,0.27896,0.27896,3.37890447,0.9425791909512,0.015399776939747735,0.05202377017982321,0.8644010698619992,
103,2026-09-15T18:20:59.651,204.215,7.7114,6.03645,0.180659,1.09053902055,0.0,0.27899,0.27899,3.37891019,0.9426821539081001,0.015558461939806412,0.05255995208970693,0.8644185454571537,
104,2026-09-15T18:21:01.586,206.15,7.7114,6.03632,0.180648,1.09044913536,0.0,0.27898,0.27898,3.37891138,0.9426486967924,0.015708382819645275,0.05306652136748956,0.864459117096915,
105,2026-09-15T18:21:03.615,208.179,7.7114,6.03626,0.180656,1.0904865865600002,0.0,0.27897,0.27897,3.37891019,0.9426145757043,0.015865629313622252,0.053597843241893484,0.8643981387041444,
106,2026-09-15T18:21:05.694,210.258,7.7114,6.03626,0.180652,1.0904624415200002,0.0,0.27899,0.27899,3.37892069,0.9426850833031001,0.016026730637270545,0.05414219099180346,0.8644819366626579,
107,2026-09-15T18:21:07.652,212.216,7.7114,6.03631,0.180664,1.09054390984,0.0,0.279,0.279,3.3789237,0.9427197123000001,0.016178458926368093,0.05465486907544863,0.8644491100209911,
108,2026-09-15T18:21:09.661,214.225,7.7114,6.03608,0.180657,1.0904601045600002,0.0,0.27898,0.27898,3.37892882,0.9426535622036001,0.016334156966503796,0.055180961271879395,0.8644548830917204,
109,2026-09-15T18:21:11.635,216.199,7.7114,6.03611,0.180649,1.09041723539,0.0,0.27898,0.27898,3.37892133,0.9426514726434,0.016487165031067865,0.05569796405791215,0.8644869523786004,
110,2026-09-15T18:21:13.597,218.161,7.7114,6.03614,0.180661,1.0904950885399998,0.0,0.27899,0.27899,3.37892522,0.9426863471278001,0.01663922847659224,0.056211774773276456,0.8644572149241936,
111,2026-09-15T18:21:15.625,220.189,7.7114,6.0363,0.180658,1.0905058854,0.0,0.27899,0.27899,3.37892826,0.9426871952574001,0.01679639024704993,0.05674281288198169,0.8644494338621751,
112,2026-09-15T18:21:17.625,222.189,7.7114,6.03629,0.180651,1.09046182479,0.0,0.27898,0.27898,3.37893064,0.9426540699472,0.016951334281437597,0.05726635784287269,0.8644539850156931,
113,2026-09-15T18:21:19.626,224.19,7.7114,6.03635,0.18065,1.0904666275,0.0,0.27898,0.27898,3.37894443,0.9426579170814001,0.017106452872656122,0.057790493873117285,0.8644537056971056,
114,2026-09-15T18:21:21.671,226.235,7.7114,6.03631,0.180658,1.09050769198,0.0,0.27898,0.27898,3.37894268,0.9426574288664,0.0172648683234185,0.058325770739483244,0.864420705877688,
115,2026-09-15T18:21:23.580,228.144,7.7114,6.03615,0.180659,1.09048482285,0.0,0.27899,0.27899,3.37894509,0.9426918906591001,0.017412881159106892,0.05882589780553724,0.8644704363655052,
116,2026-09-15T18:21:25.689,230.253,7.7114,6.03647,0.180648,1.09047623256,0.0,0.27898,0.27898,3.37895164,0.9426599285272,0.017576319203942023,0.05937814651990211,0.86444793603086,
117,2026-09-15T18:21:27.636,232.2,7.7114,6.03607,0.180659,1.0904703701299998,0.0,0.27899,0.27899,3.37894603,0.9426921529097,0.017727151416026554,0.059887800847198025,0.864482134253054,
118,2026-09-15T18:21:29.618,234.182,7.7114,6.03628,0.18065,1.0904539819999999,0.0,0.27899,0.27899,3.37894451,0.9426917288449002,0.01788075145501859,0.06040680697242198,0.8644947374266182,
119,2026-09-15T18:21:31.663,236.227,7.7114,6.0363,0.180665,1.0905481394999998,0.0,0.27902,0.27902,3.37895233,0.9427952791166,0.018039253737849332,0.06094237801059262,0.8645150497885015,
120,2026-09-15T18:21:33.599,238.163,7.7114,6.0362,0.180661,1.0905059282,0.0,0.27898,0.27898,3.37896073,0.9426624644554,0.01818927587859068,0.06144929630265001,0.8644267216514523,
121,2026-09-15T18:21:35.587,240.151,7.7114,6.0361,0.180661,1.0904878621,0.0,0.27897,0.27897,3.37896341,0.9426294224877,0.018343315844793127,0.06196979150570845,0.8644107424290238,
122,2026-09-15T18:21:37.623,242.187,7.7114,6.0364,0.180661,1.0905420604,0.0,0.279,0.279,3.37896316,0.9427307216400002,0.018501142851505684,0.06250308316677057,0.8644606713235947,
123,2026-09-15T18:21:39.612,244.176,7.7114,6.03616,0.180661,1.0904987017599999,0.0,0.27899,0.27899,3.37896194,0.9426965916406,0.018655316031632164,0.06302402856863404,0.8644637449995529,
124,2026-09-15T18:21:41.579,246.143,7.7114,6.03638,0.180658,1.0905203380400001,0.0,0.279,0.279,3.37896164,0.94273029756,0.01880772514675558,0.06353901314508337,0.8644775018633544,
125,2026-09-15T18:21:43.617,248.181,7.7114,6.0361,0.180658,1.0904697538,0.0,0.27898,0.27898,3.37897153,0.9426654774394,0.018965677981969718,0.06407273049724996,0.8644581604895127,
126,2026-09-15T18:21:45.652,250.216,7.7114,6.03627,0.180662,1.09052461074,0.0,0.27901,0.27901,3.37897216,0.9427670223615999,0.019123393981403777,0.06460564841884636,0.8645077910913576,
127,2026-09-15T18:21:47.695,252.259,7.7114,6.03636,0.180663,1.09054690668,0.0,0.27901,0.27901,3.37897366,0.9427674408766,0.019281743260412747,0.06514070634293571,0.8644905002268161,
128,2026-09-15T18:21:49.589,254.153,7.7114,6.03622,0.180661,1.09050954142,0.0,0.279,0.279,3.37898059,0.9427355846100001,0.019428511474969986,0.0656366327825926,0.8644909088850549,
129,2026-09-15T18:21:51.690,256.254,7.7114,6.03652,0.18065,1.090497338,0.0,0.27898,0.27898,3.37897849,0.9426674191402,0.019591301937050623,0.06618669842327635,0.8644380745294401,
130,2026-09-15T18:21:53.635,258.199,7.7114,6.03636,0.180651,1.09047447036,0.0,0.27898,0.27898,3.37897548,0.9426665794104,0.01974206851625476,0.0666961352245143,0.8644554320461955,
131,2026-09-15T18:21:55.610,260.174,7.7114,6.03629,0.180659,1.0905101151099998,0.0,0.279,0.279,3.37898929,0.9427380119100001,0.01989508951151338,0.06721319047206623,0.8644926799371375,
132,2026-09-15T18:21:57.634,262.198,7.7114,6.03626,0.180662,1.09052280412,0.0,0.27899,0.27899,3.37898302,0.9427024727498001,0.02005194564173785,0.06774320516443039,0.8644500318455204,
133,2026-09-15T18:21:59.569,264.133,7.7114,6.03602,0.180657,1.09044926514,0.0,0.27897,0.27897,3.3789854,0.942635557038,0.020201910135823162,0.0682499328219989,0.864446964359206,
134,2026-09-15T18:22:01.600,266.164,7.7114,6.03619,0.180664,1.09052223016,0.0,0.27899,0.27899,3.3789875,0.942703722625,0.020359273593530725,0.06878166181332383,0.8644516329453347,
135,2026-09-15T18:22:03.691,268.255,7.7114,6.03604,0.180662,1.0904830584799998,0.0,0.27899,0.27899,3.37899112,0.9427047325687999,0.020521374520747863,0.06932939911353163,0.8644836114032025,
136,2026-09-15T18:22:05.607,270.171,7.7114,6.03613,0.180659,1.0904812096699998,0.0,0.27899,0.27899,3.37900043,0.9427073299657001,0.020669833267033436,0.06983104058999237,0.8644874589365745,
137,2026-09-15T18:22:07.652,272.216,7.7114,6.03624,0.180659,1.0905010821599999,0.0,0.27898,0.27898,3.37900286,0.9426742178828,0.020828327790804044,0.0703665938465333,0.864441341053607,
138,2026-09-15T18:22:09.581,274.145,7.7114,6.03648,0.180656,1.0905263308800002,0.0,0.27899,0.27899,3.37900289,0.9427080162811001,0.020977796866097388,0.07087165028167314,0.8644523195697457,
139,2026-09-15T18:22:11.678,276.242,7.7114,6.0363,0.180651,1.0904636313,0.0,0.27898,0.27898,3.37900316,0.9426743015768,0.021140283115269082,0.0714206918091448,0.8644711061596686,
140,2026-09-15T18:22:13.693,278.257,7.7114,6.03623,0.18066,1.0905053117999999,0.0,0.279,0.279,3.37900651,0.9427428162900001,0.021296446899537913,0.07194836999125045,0.8645008933829939,
141,2026-09-15T18:22:15.611,280.175,7.7114,6.03629,0.180658,1.09050407882,0.0,0.27899,0.27899,3.37900946,0.9427098492454,0.021445143446155727,0.07245081680961003,0.8644716398176856,
142,2026-09-15T18:22:17.645,282.209,7.7114,6.0362,0.180654,1.0904636748,0.0,0.27899,0.27899,3.37900557,0.9427087639743,0.0216027294988576,0.07298330126594885,0.8645026751094671,
143,2026-09-15T18:22:19.588,284.152,7.7114,6.03619,0.180655,1.09046790445,0.0,0.27896,0.27896,3.37901847,0.9426109923911999,0.021753272608812657,0.07349198824396297,0.8644096617099658,
144,2026-09-15T18:22:21.578,286.142,7.7114,6.03613,0.180663,1.0905053541899998,0.0,0.27897,0.27897,3.37901609,0.9426441186272999,0.02190748068257041,0.07401305998990265,0.8644103534250618,
145,2026-09-15T18:22:23.584,288.148,7.7114,6.03605,0.180658,1.0904607209000001,0.0,0.27895,0.27895,3.37902002,0.9425776345789999,0.02206296714523766,0.07453845155455244,0.8643847655521728,
146,2026-09-15T18:22:25.633,290.197,7.7114,6.03617,0.180658,1.0904823998600002,0.0,0.27899,0.27899,3.37901643,0.9427117938057,0.02222174977073802,0.07507498093991108,0.8644906088596465,
147,2026-09-15T18:22:27.617,292.181,7.7114,6.03625,0.180649,1.09044252625,0.0,0.27897,0.27897,3.37902391,0.9426463001727,0.022375503993219803,0.07559451955887907,0.8644621586929787,
148,2026-09-15T18:22:29.648,294.212,7.7114,6.03622,0.18066,1.0905035052,0.0,0.27897,0.27897,3.37902272,0.9426459681984,0.022532869181961488,0.07612626020060659,0.8644135151363106,
149,2026-09-15T18:22:31.668,296.232,7.7114,6.03626,0.180659,1.09050469534,0.0,0.27899,0.27899,3.37902303,0.9427136351397001,0.022689437095095057,0.0766553067605768,0.8644746227761805,
150,2026-09-15T18:22:33.690,298.254,7.7114,6.03598,0.180661,1.09046618278,0.0,0.27898,0.27898,3.37902303,0.9426798449094,0.022846107365399937,0.07718469921205331,0.8644741669165401,
151,2026-09-15T18:22:35.638,300.202,7.7114,6.03621,0.18066,1.0905016985999998,0.0,0.279,0.279,3.37903115,0.94274969085,0.022997076181923357,0.07769482693285316,0.8645100618002836,
152,2026-09-15T18:22:37.644,302.208,7.7114,6.03598,0.180658,1.09044807484,0.0,0.27897,0.27897,3.37902668,0.9426470729195999,0.02315252307127814,0.07822008646674847,0.8644584686509839,
153,2026-09-15T18:22:39.642,304.207,7.7114,6.03602,0.180661,1.09047340922,0.0,0.27898,0.27898,3.37903925,0.942684369965,0.023307397348467516,0.07874341175481936,0.864472587772029,
154,2026-09-15T18:22:41.576,306.14,7.7114,6.03626,0.180657,1.09049262282,0.0,0.27897,0.27897,3.37903748,0.9426500857956,0.023457238544905192,0.07924973090624214,0.8644259173050789,
155,2026-09-15T18:22:43.688,308.252,7.7114,6.03609,0.180665,1.09051019985,0.0,0.27898,0.27898,3.37903148,0.9426822022904,0.02362089851937427,0.07980274360296027,0.8644414352291856,
156,2026-09-15T18:22:45.595,310.159,7.7114,6.03595,0.180666,1.0904909426999998,0.0,0.27897,0.27897,3.37903629,0.9426497538213,0.023768691010005612,0.08030213943674576,0.8644269447001067,
157,2026-09-15T18:22:47.668,312.232,7.7114,6.03616,0.180662,1.09050473792,0.0,0.27898,0.27898,3.37904317,0.9426854635666001,0.02392932112214864,0.0808449149675213,0.8644487555044039,
158,2026-09-15T18:22:49.647,314.211,7.7114,6.03609,0.180664,1.09050416376,0.0,0.27898,0.27898,3.37903662,0.9426836362476,0.024082702570527467,0.08136319700074625,0.8644475349798549,
159,2026-09-15T18:22:51.610,316.174,7.7114,6.03631,0.180663,1.09053787353,0.0,0.27899,0.27899,3.37904532,0.9427198538268,0.02423476586824027,0.08187702511376298,0.8644540246688337,
160,2026-09-15T18:22:53.610,318.174,7.7114,6.03614,0.18066,1.0904890524,0.0,0.27897,0.27897,3.37904952,0.9426534445944,0.02438979845314192,0.08240088756977916,0.8644318276462875,
161,2026-09-15T18:22:55.708,320.272,7.7114,6.03628,0.180662,1.0905264173599998,0.0,0.27898,0.27898,3.37905522,0.9426888252756,0.02455233332625661,0.0829501014179933,0.8644346530895672,
162,2026-09-15T18:22:57.626,322.19,7.7114,6.03632,0.180658,1.0905094985600001,0.0,0.27897,0.27897,3.37905342,0.9426545325774,0.024700985365796093,0.0834524047343784,0.8644166179406596,
163,2026-09-15T18:22:59.674,324.238,7.7114,6.03629,0.180647,1.09043767963,0.0,0.27894,0.27894,3.37904922,0.9425519894268001,0.024859731409448388,0.08398881576274439,0.864379512038341,
164,2026-09-15T18:23:01.592,326.156,7.7114,6.03622,0.180658,1.0904914327600002,0.0,0.27897,0.27897,3.37905944,0.9426562119767999,0.02500830393766165,0.08449085040756328,0.8644324784752927,
165,2026-09-15T18:23:03.587,328.151,7.7114,6.03623,0.180651,1.09045098573,0.0,0.27894,0.27894,3.37905226,0.9425528374044001,0.02516290603069365,0.08501325951447516,0.8643697421882839,
166,2026-09-15T18:23:05.646,330.21,7.7114,6.03602,0.18066,1.0904673731999999,0.0,0.27896,0.27896,3.37905734,0.9426218355664,0.0253224333633605,0.0855523111136688,0.8644200264334879,
167,2026-09-15T18:23:07.616,332.18,7.7114,6.03618,0.180646,1.09041177228,0.0,0.27894,0.27894,3.37906008,0.9425550187152001,0.0254750984440436,0.08606817538425639,0.8644028271488318,
168,2026-09-15T18:23:09.644,334.208,7.7114,6.03628,0.180658,1.09050227224,0.0,0.27898,0.27898,3.37906276,0.9426909287848,0.025632269900004404,0.08659926738743387,0.8644557217184144,
169,2026-09-15T18:23:11.664,336.228,7.7114,6.03605,0.180659,1.09046675695,0.0,0.27896,0.27896,3.37906997,0.9426253588312,0.025788792497233884,0.08712816763107423,0.8644237459083048,
170,2026-09-15T18:23:13.617,338.181,7.7114,6.03583,0.180662,1.09044511946,0.0,0.27896,0.27896,3.37907478,0.9426267006287999,0.0259400868451241,0.0876394021825237,0.8644421290047121,
171,2026-09-15T18:23:15.648,340.212,7.7114,6.03627,0.180658,1.0905004656600001,0.0,0.27896,0.27896,3.37907033,0.9426254592567999,0.02609748882952432,0.08817127490811301,0.8643971175989343,
172,2026-09-15T18:23:17.663,342.227,7.7114,6.03611,0.180657,1.09046552427,0.0,0.27896,0.27896,3.37907392,0.9426264607232,0.026253612598574495,0.08869882838416039,0.8644257335455247,
173,2026-09-15T18:23:19.654,344.218,7.7114,6.03621,0.180665,1.0905318796499999,0.0,0.27898,0.27898,3.37907179,0.9426934479742,0.02640793879699343,0.08922030785204726,0.8644345622218327,
174,2026-09-15T18:23:21.582,346.146,7.7114,6.03592,0.180658,1.09043723536,0.0,0.27895,0.27895,3.37908232,0.942595013164,0.0265573238108476,0.08972509132468047,0.8644193196986794,
175,2026-09-15T18:23:23.682,348.246,7.7114,6.03616,0.180663,1.09051077408,0.0,0.27896,0.27896,3.3790874,0.942630221104,0.02672003428879579,0.09027490383728597,0.8643933132153067,
176,2026-09-15T18:23:25.587,350.151,7.7114,6.03599,0.180663,1.0904800613699999,0.0,0.27897,0.27897,3.37908293,0.9426627649821,0.026867682013035153,0.0907738180719033,0.8644475019541458,
177,2026-09-15T18:23:27.643,352.207,7.7114,6.03621,0.180663,1.09051980723,0.0,0.27899,0.27899,3.37907782,0.9427289210018001,0.02702699845156173,0.09131216112272876,0.864476660351911,
178,2026-09-15T18:23:29.646,354.21,7.7114,6.03615,0.180661,1.09049689515,0.0,0.27897,0.27897,3.37909704,0.9426667012488,0.027182230874126818,0.09183670505049343,0.8644377672612579,
179,2026-09-15T18:23:31.586,356.15,7.7114,6.03604,0.180657,1.09045287828,0.0,0.27895,0.27895,3.37908953,0.9425970243934999,0.027332525551087658,0.09234456478420328,0.8644087637058494,
180,2026-09-15T18:23:33.578,358.142,7.7114,6.03615,0.180659,1.09048482285,0.0,0.27896,0.27896,3.37908834,0.9426304833264,0.02748688573954503,0.09286616158902244,0.8644141244101131,
181,2026-09-15T18:23:35.599,360.163,7.7114,6.03624,0.180661,1.09051315464,0.0,0.27897,0.27897,3.37908986,0.9426646982442001,0.027643521351947718,0.09339544727956633,0.8644230417884252,
182,2026-09-15T18:23:37.638,362.203,7.7114,6.03607,0.180659,1.0904703701299998,0.0,0.27895,0.27895,3.37909224,0.9425977803479999,0.027801544625087247,0.09392942230751708,0.8643955912673066,
183,2026-09-15T18:23:39.639,364.203,7.7114,6.03589,0.180655,1.09041370795,0.0,0.27894,0.27894,3.37909436,0.9425645807784,0.02795653660756449,0.0944531546770567,0.8644100618933346,
184,2026-09-15T18:23:41.583,366.147,7.7114,6.0361,0.18066,1.090481826,0.0,0.27898,0.27898,3.37909738,0.9427005870724,0.028107163387364482,0.09496213700660655,0.864480786929135,
185,2026-09-15T18:23:43.624,368.188,7.7114,6.03616,0.180658,1.0904805932800001,0.0,0.27896,0.27896,3.37910276,0.9426345059296,0.028265330965032514,0.09549660107936107,0.8644211659872812,
186,2026-09-15T18:23:45.621,370.185,7.7114,6.03626,0.180661,1.09051676786,0.0,0.27898,0.27898,3.37910696,0.9427032597008,0.02842011570572092,0.09601963494888675,0.8644555384056449,
187,2026-09-15T18:23:47.559,372.123,7.7114,6.03604,0.180656,1.09044684224,0.0,0.27896,0.27896,3.37910252,0.9426344389792,0.028570294645289915,0.09652710531544448,0.864447859780892,
188,2026-09-15T18:23:49.572,374.136,7.7114,6.03599,0.180656,1.09043780944,0.0,0.27895,0.27895,3.37910909,0.9426024806554999,0.028726273621325033,0.09705417477881352,0.8644257127690559,
189,2026-09-15T18:23:51.649,376.213,7.7114,6.03625,0.180654,1.0904727075,0.0,0.27897,0.27897,3.37911152,0.9426707407343999,0.028887176634003392,0.09759788380706752,0.8644606455997891,
190,2026-09-15T18:23:53.677,378.241,7.7114,6.036,0.180659,1.0904577239999997,0.0,0.27896,0.27896,3.37911931,0.9426391227176,0.029044364818827648,0.09812904082545205,0.8644435285944201,
191,2026-09-15T18:23:55.630,380.194,7.7114,6.03628,0.18066,1.0905143447999999,0.0,0.27897,0.27897,3.37911603,0.9426719988891,0.02919568572985729,0.09864037198974837,0.8644287930591008,
192,2026-09-15T18:23:57.617,382.181,7.7114,6.0363,0.180658,1.0905058854,0.0,0.27898,0.27898,3.3791202,0.942706953396,0.029349644439560844,0.09916061665467542,0.8644675521858489,
193,2026-09-15T18:23:59.637,384.201,7.7114,6.03623,0.180661,1.09051134803,0.0,0.27898,0.27898,3.37912536,0.9427083929328001,0.029506250672157612,0.09968980834273314,0.8644645419195273,
194,2026-09-15T18:24:01.667,386.232,7.7114,6.03616,0.18065,1.090432304,0.0,0.27894,0.27894,3.37911754,0.9425710466076002,0.02966355540525914,0.10022136014058713,0.8644012499904811,
195,2026-09-15T18:24:03.578,388.142,7.7114,6.03639,0.18065,1.0904738535,0.0,0.27896,0.27896,3.37912686,0.9426412288656,0.029811582112600415,0.10072156047358166,0.8644326737776294,
196,2026-09-15T18:24:05.612,390.176,7.7114,6.03632,0.180658,1.0905094985600001,0.0,0.27897,0.27897,3.37912777,0.9426752739969,0.02996920893376934,0.10125420157057148,0.8644356378754033,
197,2026-09-15T18:24:07.615,392.179,7.7114,6.03637,0.180659,1.09052456783,0.0,0.27897,0.27897,3.37913285,0.9426766911644999,0.03012444979644286,0.10177878067498212,0.8644249923138386,
198,2026-09-15T18:24:09.663,394.227,7.7114,6.03645,0.180651,1.09049072895,0.0,0.27896,0.27896,3.37912418,0.9426404812527999,0.030283123916848176,0.1023149609198486,0.8644186110233503,
199,2026-09-15T18:24:11.655,396.219,7.7114,6.0364,0.180648,1.0904635872000001,0.0,0.27895,0.27895,3.37912476,0.9426068518019999,0.030437456134973638,0.10283646869462493,0.8644092869000292,
200,2026-09-15T18:24:13.677,398.241,7.7114,6.03646,0.18065,1.090486499,0.0,0.27897,0.27897,3.37911909,0.9426728525373,0.03059416089924442,0.10336599319930836,0.8644516492425643,
201,2026-09-15T18:24:15.613,400.177,7.7114,6.03637,0.180657,1.09051249509,0.0,0.27896,0.27896,3.37913437,0.9426433238552,0.030744184394837094,0.10387294160337306,0.8644039642823199,
202,2026-09-15T18:24:17.618,402.182,7.7114,6.03612,0.180659,1.09047940308,0.0,0.27896,0.27896,3.37913796,0.9426443253215999,0.0308995773196386,0.10439803545535496,0.8644311141128865,
203,2026-09-15T18:24:19.679,404.243,7.7114,6.03612,0.180659,1.09047940308,0.0,0.27895,0.27895,3.37913351,0.9426092926144999,0.031059274317626825,0.10493767328803556,0.864398988144252,
204,2026-09-15T18:24:21.592,406.156,7.7114,6.0364,0.180662,1.0905480968,0.0,0.27898,0.27898,3.37914374,0.9427135205852,0.031207453608074125,0.10543839165185188,0.8644401135093521,
205,2026-09-15T18:24:23.652,408.216,7.7114,6.0363,0.18065,1.090457595,0.0,0.27898,0.27898,3.37913951,0.9427123404998,0.03136711385015482,0.10597790622172432,0.864510774946549,
206,2026-09-15T18:24:25.628,410.192,7.7114,6.0363,0.180661,1.0905239942999998,0.0,0.27897,0.27897,3.37913683,0.9426778014651,0.031520215911648344,0.10649525924162646,0.8644264650684726,
207,2026-09-15T18:24:27.657,412.221,7.7114,6.03619,0.180658,1.0904860130200003,0.0,0.27897,0.27897,3.37914702,0.9426806441694,0.03167750178527005,0.10702675053139181,0.8644591795897804,
208,2026-09-15T18:24:29.576,414.14,7.7114,6.03624,0.180659,1.0905010821599999,0.0,0.27897,0.27897,3.37914374,0.9426797291478,0.03182620394492514,0.10752923674718634,0.8644463949367165,
209,2026-09-15T18:24:31.587,416.151,7.7114,6.0363,0.180659,1.0905119216999999,0.0,0.27897,0.27897,3.37915424,0.9426826583328,0.031982006128813495,0.10805571553951247,0.864440488521438,
210,2026-09-15T18:24:33.660,418.224,7.7114,6.03626,0.180661,1.09051676786,0.0,0.27898,0.27898,3.37914796,0.9427146978808001,0.0321426693495618,0.10859862083862461,0.8644660271760491,
211,2026-09-15T18:24:35.617,420.181,7.7114,6.03619,0.180659,1.09049204921,0.0,0.27896,0.27896,3.37915515,0.942649120644,0.03229431871348885,0.10911106702253391,0.8644254869413271,
212,2026-09-15T18:24:37.713,422.277,7.7114,6.03645,0.18066,1.090545057,0.0,0.27898,0.27898,3.37915335,0.9427162015830001,0.032456715433214774,0.10965983058817659,0.8644449814630631,
213,2026-09-15T18:24:39.635,424.199,7.7114,6.03616,0.180665,1.0905228463999999,0.0,0.27898,0.27898,3.37916117,0.9427183832066001,0.03260567477119764,0.11016318761656618,0.8644645880814626,
214,2026-09-15T18:24:41.659,426.223,7.7114,6.03624,0.180658,1.09049504592,0.0,0.27896,0.27896,3.37915849,0.9426500523704,0.03276250321107706,0.11069313598081582,0.8644239658834304,
215,2026-09-15T18:24:43.675,428.239,7.7114,6.03613,0.18066,1.0904872458,0.0,0.27896,0.27896,3.37916838,0.9426528112847999,0.03291875331074662,0.1112211306043343,0.8644326789840204,
216,2026-09-15T18:24:45.618,430.182,7.7114,6.03599,0.180661,1.09046798939,0.0,0.27897,0.27897,3.37916269,0.9426850156293,0.03306932280161745,0.11172992983849984,0.8644774764609379,
217,2026-09-15T18:24:47.653,432.217,7.7114,6.03589,0.180657,1.09042577973,0.0,0.27896,0.27896,3.37916391,0.9426515643336,0.033226981030493645,0.11226268273945955,0.86448026253287,
218,2026-09-15T18:24:49.629,434.193,7.7114,6.03605,0.180657,1.09045468485,0.0,0.27895,0.27895,3.37916509,0.9426181018554999,0.0333800890939739,0.11278006007223416,0.8644266606871095,
219,2026-09-15T18:24:51.638,436.202,7.7114,6.03614,0.180661,1.0904950885399998,0.0,0.27897,0.27897,3.37916601,0.9426859418097,0.033535820125921566,0.11330630101046023,0.8644568432415475,
220,2026-09-15T18:24:53.598,438.162,7.7114,6.03622,0.18066,1.0905035052,0.0,0.27897,0.27897,3.37917952,0.9426897106944,0.033687712940893566,0.1138195730740128,0.8644536273375015,
221,2026-09-15T18:24:55.690,440.254,7.7114,6.03615,0.180664,1.0905150036,0.0,0.27898,0.27898,3.37917921,0.9427234160058001,0.03384976265839106,0.11436716813548396,0.8644754202314399,
222,2026-09-15T18:24:57.612,442.176,7.7114,6.03615,0.18066,1.090490859,0.0,0.27898,0.27898,3.37917952,0.9427235024896,0.0339987563065201,0.11487064439675768,0.864494639922149,
223,2026-09-15T18:24:59.574,444.138,7.7114,6.03618,0.180657,1.0904781702600002,0.0,0.27898,0.27898,3.37918012,0.9427236698776,0.03415077192654907,0.11538433251228437,0.8645048526306847,
224,2026-09-15T18:25:01.648,446.212,7.7114,6.0362,0.18065,1.09043953,0.0,0.27897,0.27897,3.37917595,0.9426887147715,0.03431151775252851,0.11592752127665805,0.8645034308060163,
225,2026-09-15T18:25:03.671,448.235,7.7114,6.03645,0.180659,1.09053902055,0.0,0.27899,0.27899,3.37918496,0.9427588119904,0.0344682566805856,0.11645717039891153,0.8644888392117607,
226,2026-09-15T18:25:05.602,450.166,7.7114,6.03615,0.180661,1.09049689515,0.0,0.27898,0.27898,3.37918225,0.942724264105,0.03461791842826273,0.11696290492296135,0.8644905531577203,
227,2026-09-15T18:25:07.645,452.209,7.7114,6.03638,0.180656,1.0905082652800002,0.0,0.27897,0.27897,3.37918651,0.9426916606946999,0.03477621628673937,0.11749782257370701,0.8644516421456496,
228,2026-09-15T18:25:09.627,454.191,7.7114,6.03617,0.180657,1.0904763636900001,0.0,0.27897,0.27897,3.37918648,0.9426916523256,0.03492979570734566,0.11801679607772973,0.8644769237690583,
229,2026-09-15T18:25:11.567,456.131,7.7114,6.03623,0.180659,1.0904992755699998,0.0,0.27898,0.27898,3.37918767,0.9427257761766,0.03508019309879077,0.11852501699901635,0.8644900526722871,
230,2026-09-15T18:25:13.654,458.218,7.7114,6.03611,0.180664,1.09050777704,0.0,0.27898,0.27898,3.37919728,0.9427284571744,0.035241878249207464,0.11907138224262369,0.8644857716955288,
231,2026-09-15T18:25:15.619,460.183,7.7114,6.03618,0.180664,1.09052042352,0.0,0.27898,0.27898,3.37920178,0.9427297125844,0.035394155694266814,0.11958595811339785,0.8644768976828893,
232,2026-09-15T18:25:17.647,462.211,7.7114,6.03612,0.180663,1.09050354756,0.0,0.27898,0.27898,3.3791883,0.942725951934,0.035551308265593974,0.12011700730294983,0.8644868272490702,
233,2026-09-15T18:25:19.625,464.189,7.7114,6.03612,0.180648,1.09041300576,0.0,0.27896,0.27896,3.3792027,0.942662385192,0.03570459403734935,0.12063498989304007,0.8645003133789473,
234,2026-09-15T18:25:21.646,466.21,7.7114,6.03603,0.180657,1.0904510717100002,0.0,0.27897,0.27897,3.37919551,0.9426941714247,0.03586119068571991,0.12116416114704977,0.8644992846367752,
235,2026-09-15T18:25:23.606,468.17,7.7114,6.0362,0.180659,1.0904938558,0.0,0.27896,0.27896,3.37920422,0.9426628092111999,0.03601306767944429,0.12167738386372792,0.864436607503534,
236,2026-09-15T18:25:25.613,470.177,7.7114,6.0359,0.180661,1.0904517298999998,0.0,0.27897,0.27897,3.37920151,0.9426958452447001,0.0361686149593648,0.1222030096776745,0.8645002978088266,
237,2026-09-15T18:25:27.605,472.169,7.7114,6.03619,0.180659,1.09049204921,0.0,0.27897,0.27897,3.37919764,0.9426947656308,0.03632298828866449,0.12272466796643534,0.8644673441807569,
238,2026-09-15T18:25:29.623,474.187,7.7114,6.03624,0.180658,1.09049504592,0.0,0.27898,0.27898,3.37921383,0.9427330742934,0.03647933854082591,0.1232530076352306,0.8645000982082041,
239,2026-09-15T18:25:31.575,476.139,7.7114,6.03623,0.180657,1.0904872031100001,0.0,0.27898,0.27898,3.37920515,0.9427306527470001,0.03663059917135404,0.12376414899337465,0.864504095103906,
240,2026-09-15T18:25:33.591,478.155,7.7114,6.03621,0.18065,1.0904413364999999,0.0,0.27895,0.27895,3.37921353,0.9426316141935,0.03678685214550661,0.12429216050299857,0.8644496339611205,
241,2026-09-15T18:25:35.627,480.191,7.7114,6.03616,0.180659,1.09048662944,0.0,0.27895,0.27895,3.37921295,0.9426314524024999,0.03694462534119719,0.12482530977479328,0.864413581014351,
242,2026-09-15T18:25:37.602,482.166,7.7114,6.0363,0.180658,1.0905058854,0.0,0.27896,0.27896,3.37922256,0.9426679253376,0.0370976748221659,0.12534249729828947,0.8644317632378731,
243,2026-09-15T18:25:39.667,484.231,7.7114,6.03619,0.180663,1.09051619397,0.0,0.27897,0.27897,3.37922165,0.9427014637004999,0.0372576569073028,0.12588311229678678,0.8644543464032534,
244,2026-09-15T18:25:41.663,486.227,7.7114,6.03632,0.180663,1.09053968016,0.0,0.27898,0.27898,3.3792214,0.942735186172,0.03741234768300354,0.12640584669575333,0.8644666519916867,
245,2026-09-15T18:25:43.589,488.153,7.7114,6.03623,0.180662,1.09051738426,0.0,0.27897,0.27897,3.3792214,0.942701393958,0.03756156308615472,0.12691007857929143,0.864453338905455,
246,2026-09-15T18:25:45.681,490.245,7.7114,6.03631,0.180659,1.09051372829,0.0,0.27896,0.27896,3.37922496,0.9426685948416,0.037723712062916484,0.12745801616017288,0.8644261602462986,
247,2026-09-15T18:25:47.624,492.188,7.7114,6.03591,0.180662,1.09045957242,0.0,0.27897,0.27897,3.37922317,0.9427018877348999,0.03787425949449174,0.12796674966387353,0.8644996216070725,
248,2026-09-15T18:25:49.667,494.231,7.7114,6.03616,0.18066,1.0904926655999998,0.0,0.27896,0.27896,3.37922709,0.9426691890264,0.03803254463968011,0.12850163080419422,0.8644434013755921,
249,2026-09-15T18:25:51.572,496.136,7.7114,6.03634,0.180647,1.09044671198,0.0,0.27894,0.27894,3.37922289,0.9426004329366,0.038180162717772845,0.12900046550267208,0.8644167776204806,
250,2026-09-15T18:25:53.662,498.226,7.7114,6.03637,0.180663,1.0905487133099998,0.0,0.27897,0.27897,3.37923729,0.9427058267913,0.03834213351530564,0.1295478020954589,0.8644325698482815,
251,2026-09-15T18:25:55.589,500.153,7.7114,6.03625,0.180657,1.09049081625,0.0,0.27897,0.27897,3.37923458,0.9427050707825999,0.038491474445274794,0.13005246033257697,0.8644777716004904,
252,2026-09-15T18:25:57.633,502.197,7.7114,6.03625,0.18066,1.090508925,0.0,0.27897,0.27897,3.37923165,0.9427042534005,0.03864982396920455,0.1305875602875849,0.8644626667319574,
253,2026-09-15T18:25:59.621,504.185,7.7114,6.03605,0.180662,1.0904848651,0.0,0.27898,0.27898,3.37923883,0.9427400487934,0.03880389113176133,0.13110818947263347,0.8645145650021915,
254,2026-09-15T18:26:01.635,506.199,7.7114,6.03616,0.180664,1.0905168102399998,0.0,0.27897,0.27897,3.37923405,0.9427049229284999,0.03896000177147752,0.1316357242350408,0.8644570299847376,
255,2026-09-15T18:26:03.595,508.159,7.7114,6.03598,0.180663,1.09047825474,0.0,0.27895,0.27895,3.37923975,0.9426389282625,0.039111885280445874,0.13214897459303263,0.8644270751526824,
256,2026-09-15T18:26:05.680,510.244,7.7114,6.03604,0.180658,1.09045891432,0.0,0.27894,0.27894,3.37924906,0.9426077327964,0.039273438546115154,0.13269490256214153,0.8644137990143363,
257,2026-09-15T18:26:07.629,512.193,7.7114,6.03622,0.180657,1.09048539654,0.0,0.27896,0.27896,3.37924334,0.9426737221263999,0.039424478199075325,0.133205302735441,0.8644533206197976,
258,2026-09-15T18:26:09.620,514.184,7.7114,6.03621,0.180655,1.09047151755,0.0,0.27896,0.27896,3.37924903,0.9426753094088,0.03957874733930296,0.13372661613901848,0.8644657785530623,
259,2026-09-15T18:26:11.642,516.206,7.7114,6.03606,0.180655,1.0904444193,0.0,0.27894,0.27894,3.37924814,0.9426074761716001,0.0397353666224526,0.13425587162998812,0.8644250541230681,
260,2026-09-15T18:26:13.660,518.224,7.7114,6.03615,0.180663,1.09050896745,0.0,0.27895,0.27895,3.37924698,0.9426409450709999,0.03989177744798958,0.1347844225305399,0.864404579152826,
261,2026-09-15T18:26:15.601,520.165,7.7114,6.03597,0.180662,1.09047041214,0.0,0.27894,0.27894,3.37925268,0.9426087425592,0.04004218752229445,0.13529269574855723,0.8644056107027902,
262,2026-09-15T18:26:17.622,522.186,7.7114,6.03609,0.18066,1.0904800194,0.0,0.27896,0.27896,3.3792482,0.942675077872,0.04019876100807951,0.13582179676927617,0.8644588264814567,
263,2026-09-15T18:26:19.658,524.222,7.7114,6.03629,0.180657,1.0904980425300002,0.0,0.27896,0.27896,3.37925359,0.9426765814663999,0.04035654436758591,0.13635498632810425,0.86444591801316,
264,2026-09-15T18:26:21.640,526.204,7.7114,6.03607,0.180659,1.0904703701299998,0.0,0.27894,0.27894,3.37925897,0.9426104970918001,0.0405101350575298,0.13687400863163188,0.8644072529723364,
265,2026-09-15T18:26:23.577,528.141,7.7114,6.03605,0.18066,1.090472793,0.0,0.27894,0.27894,3.3792608,0.9426110075520001,0.04066016546623011,0.137381000373283,0.8644058004957489,
266,2026-09-15T18:26:25.584,530.148,7.7114,6.03613,0.180663,1.0905053541899998,0.0,0.27897,0.27897,3.37926439,0.9427133868783,0.040815720102401566,0.13790666033679105,0.8644738728298349,
267,2026-09-15T18:26:27.594,532.158,7.7114,6.03603,0.180661,1.09047521583,0.0,0.27895,0.27895,3.37926591,0.9426462255945,0.04097144657107591,0.13843290136531058,0.8644361759996699,
268,2026-09-15T18:26:29.617,534.181,7.7114,6.03617,0.180658,1.0904823998600002,0.0,0.27895,0.27895,3.37926232,0.942645224164,0.041128196724951924,0.13896260153532453,0.8644295628109357,
269,2026-09-15T18:26:31.587,536.151,7.7114,6.03596,0.180659,1.09045049764,0.0,0.27894,0.27894,3.37927014,0.9426136128516001,0.04128086764105326,0.13947851720639823,0.8644258633396428,
270,2026-09-15T18:26:33.607,538.171,7.7114,6.03607,0.18066,1.0904764061999999,0.0,0.27895,0.27895,3.37927254,0.942648075033,0.0414374131220993,0.140007526863907,0.8644369283677218,
271,2026-09-15T18:26:35.717,540.281,7.7114,6.03628,0.180665,1.0905445262,0.0,0.27898,0.27898,3.37927224,0.9427493695152,0.0416008762527585,0.14055991330812526,0.8644758163155504,
272,2026-09-15T18:26:37.595,542.159,7.7114,6.03618,0.180658,1.09048420644,0.0,0.27896,0.27896,3.37927342,0.9426821132432,0.04174643183952768,0.14105178534774598,0.8644619588950165,
273,2026-09-15T18:26:39.612,544.176,7.7114,6.03602,0.18066,1.0904673731999999,0.0,0.27895,0.27895,3.37926654,0.9426464013329999,0.0419027257127275,0.1415799445415177,0.8644425541745315,
274,2026-09-15T18:26:41.581,546.145,7.7114,6.03622,0.180645,1.0904129619,0.0,0.27895,0.27895,3.37927942,0.942649994209,0.04205526751555104,0.14209542493411978,0.8644889845829334,
275,2026-09-15T18:26:43.651,548.215,7.7114,6.03623,0.180657,1.0904872031100001,0.0,0.27896,0.27896,3.37927826,0.9426834634096,0.04221569094776709,0.14263754044404597,0.8644608214760583,
276,2026-09-15T18:26:45.674,550.238,7.7114,6.03619,0.18066,1.0904980854,0.0,0.27897,0.27897,3.37927798,0.9427171780806,0.042372460615654445,0.143167308752617,0.864483111618492,
277,2026-09-15T18:26:47.696,552.26,7.7114,6.03621,0.18065,1.0904413364999999,0.0,0.27895,0.27895,3.37927677,0.9426492549915,0.042529103674124005,0.14369664909605737,0.8644658116291982,
278,2026-09-15T18:26:49.713,554.277,7.7114,6.0361,0.180659,1.0904757899,0.0,0.27896,0.27896,3.37928307,0.9426848052072,0.042685401353062515,0.14422482270404569,0.8644710996230802,
279,2026-09-15T18:26:51.632,556.196,7.7114,6.03598,0.180659,1.0904541108199999,0.0,0.27896,0.27896,3.37928787,0.9426861442152,0.04283414287283684,0.1447274627606048,0.8644895139203232,
280,2026-09-15T18:26:53.645,558.209,7.7114,6.03591,0.180659,1.09044146469,0.0,0.27894,0.27894,3.3792834,0.942617311596,0.042990078317645515,0.14525441316924656,0.8644364160014544,
281,2026-09-15T18:26:55.583,560.147,7.7114,6.03598,0.180673,1.09053861454,0.0,0.27898,0.27898,3.3792855,0.94275306879,0.04314024917655851,0.1457618832176257,0.8644838946740667,
282,2026-09-15T18:26:57.615,562.179,7.7114,6.03602,0.18066,1.0904673731999999,0.0,0.27895,0.27895,3.379296,0.9426546191999999,0.04329774118476277,0.14629409450410483,0.8644500902707064,
283,2026-09-15T18:26:59.637,564.201,7.7114,6.03637,0.180662,1.09054267694,0.0,0.27896,0.27896,3.3792966,0.9426885795359999,0.0434543830983079,0.14682343394297365,0.8644215393579369,
284,2026-09-15T18:27:01.621,566.185,7.7114,6.0363,0.180658,1.0905058854,0.0,0.27896,0.27896,3.37929542,0.9426882503631999,0.04360816261963015,0.14734310046579763,0.8644504014000985,
285,2026-09-15T18:27:03.657,568.221,7.7114,6.03616,0.180648,1.09042023168,0.0,0.27895,0.27895,3.37929152,0.942653369504,0.04376591809970504,0.14787620252947692,0.8644863164833827,
286,2026-09-15T18:27:05.669,570.233,7.7114,6.03642,0.180658,1.09052756436,0.0,0.27896,0.27896,3.37930382,0.9426905936272,0.043921814033044036,0.14840302129378907,0.8644353654466667,
287,2026-09-15T18:27:07.594,572.158,7.7114,6.0363,0.180645,1.0904274135,0.0,0.27896,0.27896,3.37929901,0.9426892518296,0.04407099017227158,0.14890713243216497,0.8645135294276971,
288,2026-09-15T18:27:09.625,574.189,7.7114,6.03629,0.180665,1.09054633285,0.0,0.27897,0.27897,3.37929995,0.9427233070515,0.044228329169516085,0.14943882802373837,0.8644504856458652,
289,2026-09-15T18:27:11.579,576.143,7.7114,6.03653,0.18065,1.0904991445,0.0,0.27896,0.27896,3.37930625,0.9426912715,0.0443797596195436,0.14995055741294222,0.8644585154005134,
290,2026-09-15T18:27:13.658,578.222,7.7114,6.0362,0.180658,1.0904878196,0.0,0.27897,0.27897,3.37931641,0.9427278988976999,0.04454086017008654,0.15049496632867587,0.8645010810331658,
291,2026-09-15T18:27:15.668,580.232,7.7114,6.03607,0.180661,1.09048244227,0.0,0.27896,0.27896,3.37930837,0.9426918628951999,0.04469660755405259,0.15102128539303364,0.8644722980893189,
292,2026-09-15T18:27:17.596,582.16,7.7114,6.03618,0.180651,1.09044195318,0.0,0.27896,0.27896,3.37930658,0.9426913635568,0.044846005353819975,0.15152614649453613,0.864503938799931,
293,2026-09-15T18:27:19.634,584.198,7.7114,6.03599,0.180658,1.09044988142,0.0,0.27896,0.27896,3.37931257,0.9426930345272,0.04500392792087494,0.15205981573749355,0.8644991856935332,
294,2026-09-15T18:27:21.628,586.192,7.7114,6.03641,0.180658,1.09052575778,0.0,0.27897,0.27897,3.37932246,0.9427295866662,0.04515844905557366,0.15258199171443232,0.8644725536656089,
295,2026-09-15T18:27:23.651,588.215,7.7114,6.03632,0.180658,1.0905094985600001,0.0,0.27896,0.27896,3.37931978,0.9426950458287999,0.04531520128294592,0.1531117078270022,0.8644537686958373,
296,2026-09-15T18:27:25.614,590.178,7.7114,6.03635,0.180656,1.0905028456,0.0,0.27895,0.27895,3.37931951,0.9426611773144999,0.04546732295807665,0.15362577559220214,0.8644279848676993,
297,2026-09-15T18:27:27.686,592.25,7.7114,6.03616,0.180661,1.0904987017599999,0.0,0.27896,0.27896,3.3793273,0.9426971436079999,0.04562792012411123,0.1541684853541707,0.8644642511600821,
298,2026-09-15T18:27:29.624,594.188,7.7114,6.03615,0.18066,1.090490859,0.0,0.27896,0.27896,3.3793273,0.9426971436079999,0.04577810385995341,0.15467600535271814,0.8644704683471354,
299,2026-09-15T18:27:31.627,596.191,7.7114,6.03629,0.180658,1.09050407882,0.0,0.27897,0.27897,3.37932791,0.9427311070527,0.04593326153650283,0.1552003339722101,0.8644911333782442,
300,2026-09-15T18:27:33.647,598.211,7.7114,6.03612,0.180656,1.09046129472,0.0,0.27898,0.27898,3.37932882,0.9427651542036001,0.046089831687447756,0.1557294359244119,0.8645562742744352,
301,2026-09-15T18:27:35.572,600.136,7.7114,6.03601,0.180658,1.0904534945800002,0.0,0.27897,0.27897,3.37932763,0.9427310289411001,0.046239014406936695,0.15623357329906473,0.8645311639853133,CC_TO_CV_EST
302,2026-09-15T18:27:37.597,602.161,7.7114,6.0362,0.180649,1.0904334938,0.0,0.27896,0.27896,3.37932824,0.9426974058304,0.046395899433485335,0.1567637392518629,0.864516186627062,
303,2026-09-15T18:27:39.608,604.172,7.7114,6.03631,0.180649,1.0904533651900001,0.0,0.27895,0.27895,3.37933034,0.942664198343,0.04655172146898574,0.15729031322045392,0.864469979583905,
304,2026-09-15T18:27:41.634,606.198,7.7114,6.03639,0.18066,1.0905342174,0.0,0.27898,0.27898,3.37933935,0.942768091863,0.046708722962702974,0.15782087383892765,0.864501156241299,
305,2026-09-15T18:27:43.648,608.212,7.7114,6.03641,0.180651,1.09048350291,0.0,0.27896,0.27896,3.37934023,0.9427007505607999,0.046864826388853455,0.15834840035827083,0.8644796074816027,
306,2026-09-15T18:27:45.581,610.145,7.7114,6.03623,0.180658,1.09049323934,0.0,0.27896,0.27896,3.37933277,0.9426986695191999,0.047014574507603706,0.1588544496417699,0.8644699806573309,
307,2026-09-15T18:27:47.688,612.252,7.7114,6.0361,0.180654,1.0904456094000001,0.0,0.27896,0.27896,3.37933788,0.9427000950048,0.04717789662786225,0.15940636985211348,0.8645090473824781,
308,2026-09-15T18:27:49.618,614.182,7.7114,6.03649,0.180663,1.09057039287,0.0,0.279,0.279,3.37934089,0.9428361083100001,0.04732744032842086,0.15991172876920598,0.8645348475202826,
309,2026-09-15T18:27:51.636,616.2,7.7114,6.0358,0.180659,1.0904215922,0.0,0.27895,0.27895,3.37934777,0.9426690604414999,0.0474838269224498,0.16044021291897748,0.8644996276528244,
310,2026-09-15T18:27:53.648,618.212,7.7114,6.03622,0.180663,1.09052161386,0.0,0.27898,0.27898,3.37935291,0.9427718748318,0.047639736166959004,0.16096708487744035,0.8645146165372859,
311,2026-09-15T18:27:55.669,620.233,7.7114,6.0362,0.18066,1.090499892,0.0,0.27897,0.27897,3.37935526,0.9427387368822,0.0477963111400836,0.16149620715247442,0.8645014491044076,
312,2026-09-15T18:27:57.576,622.14,7.7114,6.03613,0.180659,1.0904812096699998,0.0,0.27897,0.27897,3.379352,0.94273782744,0.04794411967902514,0.1619957044750915,0.8645154259240195,
313,2026-09-15T18:27:59.653,624.217,7.7114,6.03628,0.180661,1.09052038108,0.0,0.27897,0.27897,3.3793586,0.9427396686420001,0.048105075738347894,0.16253963218723097,0.864486060965092,
314,2026-09-15T18:28:01.627,626.191,7.7114,6.03602,0.180647,1.09038890494,0.0,0.27895,0.27895,3.37935562,0.942671250199,0.04825802237915197,0.16305649350529103,0.8645275515260967,
315,2026-09-15T18:28:03.565,628.129,7.7114,6.03616,0.180659,1.09048662944,0.0,0.27898,0.27898,3.3793562,0.942772792676,0.04840816321024397,0.16356387281017642,0.8645431931248384,
316,2026-09-15T18:28:05.583,630.147,7.7114,6.03622,0.180662,1.09051557764,0.0,0.27897,0.27897,3.37936012,0.9427400926763999,0.04856458917616903,0.16409249217455565,0.8644902576418,
317,2026-09-15T18:28:07.599,632.163,7.7114,6.03611,0.180658,1.0904715603800001,0.0,0.27896,0.27896,3.37936399,0.9427073786503999,0.04872077503020365,0.1646203007232026,0.8644951531994943,
318,2026-09-15T18:28:09.607,634.171,7.7114,6.03626,0.180661,1.09051676786,0.0,0.27897,0.27897,3.37936463,0.9427413508311,0.04887637520439823,0.16514613039850642,0.864490467836739,
319,2026-09-15T18:28:11.627,636.191,7.7114,6.03604,0.180659,1.09046495036,0.0,0.27895,0.27895,3.37936164,0.9426729294779999,0.04903293011964095,0.16567518630768913,0.8644688021992739,
320,2026-09-15T18:28:13.747,638.311,7.7114,6.03617,0.180659,1.09048843603,0.0,0.27896,0.27896,3.37936405,0.942707395388,0.0491971884617163,0.1662302748458834,0.8644817902150276,
321,2026-09-15T18:28:15.609,640.173,7.7114,6.03608,0.180658,1.09046614064,0.0,0.27896,0.27896,3.37937126,0.9427094066896,0.049341510091018004,0.1667179906918625,0.8645013096292189,
322,2026-09-15T18:28:17.685,642.249,7.7114,6.0359,0.180672,1.0905181248,0.0,0.27897,0.27897,3.37937396,0.9427439536212,0.049502377651798386,0.1672616221206051,0.864491778890973,
323,2026-09-15T18:28:19.597,644.162,7.7114,6.03599,0.180659,1.09045591741,0.0,0.27896,0.27896,3.37937427,0.9427102463592,0.049650551399709114,0.16776235664881672,0.8645101845091376,
324,2026-09-15T18:28:21.663,646.227,7.7114,6.03617,0.180659,1.09048843603,0.0,0.27898,0.27898,3.37937186,0.9427771615028,0.0498106158521427,0.16830327414802784,0.8645457671564558,
325,2026-09-15T18:28:23.588,648.152,7.7114,6.03639,0.180661,1.09054025379,0.0,0.27897,0.27897,3.37938029,0.9427457195012999,0.0499598034122871,0.16880743501945616,0.8644758560951202,
326,2026-09-15T18:28:25.615,650.179,7.7114,6.03611,0.180662,1.09049570482,0.0,0.27897,0.27897,3.37937098,0.9427431222906,0.05011684343305495,0.16933813223935892,0.8645087900150984,
327,2026-09-15T18:28:27.683,652.247,7.7114,6.03586,0.180667,1.0904807186199998,0.0,0.27896,0.27896,3.37938841,0.9427141908535999,0.050277134496130874,0.16987981660318263,0.8644941398382558,
328,2026-09-15T18:28:29.652,654.216,7.7114,6.03596,0.180658,1.0904444616800002,0.0,0.27895,0.27895,3.37937758,0.9426773759409999,0.05042970805654459,0.17039542109874617,0.8644891226176324,
329,2026-09-15T18:28:31.624,656.188,7.7114,6.03607,0.180659,1.0904703701299998,0.0,0.27896,0.27896,3.37938957,0.9427145144471999,0.050582466620197226,0.17091165087971089,0.8645026405759331,
330,2026-09-15T18:28:33.644,658.208,7.7114,6.03616,0.180661,1.0904987017599999,0.0,0.27897,0.27897,3.37938388,0.9427467210035999,0.05073900828660494,0.17144066570907052,0.8645097142087954,
331,2026-09-15T18:28:35.662,660.226,7.7114,6.03604,0.180664,1.09049513056,0.0,0.27896,0.27896,3.37938601,0.9427135213496,0.050895362522900764,0.1719690468612926,0.8644821007733341,
332,2026-09-15T18:28:37.616,662.18,7.7114,6.03605,0.180661,1.09047882905,0.0,0.27895,0.27895,3.37939259,0.9426815629805,0.051046809307546084,0.17248084450483347,0.8644657171398205,
333,2026-09-15T18:28:39.591,664.155,7.7114,6.03615,0.180661,1.09049689515,0.0,0.27896,0.27896,3.37939085,0.942714871516,0.05119981934554345,0.17299792536031627,0.8644819400300334,
334,2026-09-15T18:28:41.643,666.207,7.7114,6.03606,0.180663,1.09049270778,0.0,0.27895,0.27895,3.37938991,0.9426808153944999,0.05135882665500409,0.17353527313225858,0.864454029512575,
335,2026-09-15T18:28:43.654,668.218,7.7114,6.03626,0.180659,1.09050469534,0.0,0.27897,0.27897,3.37940046,0.9427513463262,0.05151465410688486,0.17406187567286474,0.8645092041829924,
336,2026-09-15T18:28:45.604,670.168,7.7114,6.03638,0.180662,1.09054448356,0.0,0.27895,0.27895,3.37939656,0.9426826704119999,0.0516657739973257,0.17457257000546242,0.8644146888301921,
337,2026-09-15T18:28:47.611,672.175,7.7114,6.03634,0.180646,1.09044067564,0.0,0.27894,0.27894,3.37940074,0.9426500424156,0.05182125468563868,0.17509800123364255,0.8644670576529448,
338,2026-09-15T18:28:49.701,674.265,7.7114,6.03612,0.180659,1.09047940308,0.0,0.27893,0.27893,3.37940914,0.9426185914202,0.05198319327294297,0.1756452572955431,0.8644075154082002,
339,2026-09-15T18:28:51.619,676.183,7.7114,6.03627,0.180651,1.0904582117700001,0.0,0.27895,0.27895,3.37940256,0.9426843441119999,0.05213187116528618,0.17614770023467585,0.8644846120071507,
340,2026-09-15T18:28:53.672,678.236,7.7114,6.03615,0.180661,1.09049689515,0.0,0.27896,0.27896,3.37940527,0.9427188941192,0.0522909580996679,0.17668531924355466,0.8644856288100913,
341,2026-09-15T18:28:55.678,680.242,7.7114,6.03623,0.180661,1.09051134803,0.0,0.27895,0.27895,3.37940585,0.9426852618574999,0.052446366547440164,0.1772105074160264,0.864443330700275,
342,2026-09-15T18:28:57.611,682.175,7.7114,6.03617,0.18066,1.0904944722,0.0,0.27895,0.27895,3.37940916,0.9426861851819999,0.052596114988136294,0.17771656842037695,0.8644575550027257,
343,2026-09-15T18:28:59.600,684.164,7.7114,6.03622,0.180658,1.0904914327600002,0.0,0.27894,0.27894,3.37940739,0.9426518973666,0.0527502988343474,0.17823761858613651,0.8644285219011554,
344,2026-09-15T18:29:01.619,686.183,7.7114,6.03633,0.180658,1.0905113051400002,0.0,0.27896,0.27896,3.3794161,0.9427219152559999,0.05290667871126566,0.17876609057890017,0.8644769759034941,
345,2026-09-15T18:29:03.638,688.202,7.7114,6.03617,0.18066,1.0904944722,0.0,0.27896,0.27896,3.3794143,0.942721413128,0.0530631558106896,0.17929489166714532,0.8644898595644618,
346,2026-09-15T18:29:05.658,690.222,7.7114,6.03629,0.180666,1.09055236914,0.0,0.27897,0.27897,3.37942389,0.9427578825933,0.05321966861895688,0.17982381404002928,0.8644774054608221,
347,2026-09-15T18:29:07.595,692.159,7.7114,6.03621,0.180658,1.0904896261800001,0.0,0.27896,0.27896,3.3794227,0.942723756392,0.0533697987714284,0.18033116737457508,0.8644958500837592,
348,2026-09-15T18:29:09.625,694.189,7.7114,6.03618,0.18066,1.0904962787999999,0.0,0.27897,0.27897,3.37941792,0.9427562171424,0.05352707068550521,0.18086265527519207,0.8645203431412205,
349,2026-09-15T18:29:11.621,696.185,7.7114,6.03618,0.180663,1.0905143873399998,0.0,0.27897,0.27897,3.37941554,0.9427555531938,0.053681776831616304,0.1813854718135937,0.8645053785061786,
350,2026-09-15T18:29:13.626,698.19,7.7114,6.03609,0.180655,1.09044983895,0.0,0.27896,0.27896,3.37942513,0.9427244342647999,0.05383711384617422,0.18191042087935558,0.8645280145784188,
351,2026-09-15T18:29:15.572,700.136,7.7114,6.0361,0.180657,1.0904637177,0.0,0.27895,0.27895,3.37943262,0.942692729349,0.053987922264340855,0.18242006720229087,0.8644879366892849,
352,2026-09-15T18:29:17.677,702.241,7.7114,6.03627,0.180659,1.09050650193,0.0,0.27897,0.27897,3.37942364,0.9427578128508001,0.054151010198151404,0.18297121115344758,0.86451370182781,
353,2026-09-15T18:29:19.695,704.259,7.7114,6.03631,0.180648,1.09044732888,0.0,0.27894,0.27894,3.37943533,0.9426596909502001,0.054307414345400866,0.18349976794018955,0.8644706314411418,
354,2026-09-15T18:29:21.622,706.186,7.7114,6.03636,0.18066,1.0905287976,0.0,0.27898,0.27898,3.37943298,0.9427942127604,0.054456719290869766,0.184004334172405,0.864529405216323,
355,2026-09-15T18:29:23.572,708.136,7.7114,6.0364,0.180647,1.0904575508,0.0,0.27894,0.27894,3.37943323,0.9426591051762001,0.054607863069215085,0.1845151144605586,0.8644619907346512,
356,2026-09-15T18:29:25.651,710.215,7.7114,6.03642,0.180659,1.09053360078,0.0,0.27896,0.27896,3.37943149,0.9427262084503999,0.054768932714500694,0.18505943843204548,0.8644632387082054,
357,2026-09-15T18:29:27.589,712.153,7.7114,6.0361,0.18066,1.090481826,0.0,0.27894,0.27894,3.37943806,0.9426604524564001,0.05491910351072285,0.18556693084297038,0.8644439824496443,
358,2026-09-15T18:29:29.594,714.158,7.7114,6.03611,0.180656,1.09045948816,0.0,0.27893,0.27893,3.37943721,0.9426264209853,0.05507447064967785,0.18609198439959834,0.8644304820308841,
359,2026-09-15T18:29:31.648,716.212,7.7114,6.03612,0.180656,1.09046129472,0.0,0.27892,0.27892,3.3794345,0.94259187074,0.055233590147657524,0.18662971853630433,0.8643973658707723,
360,2026-09-15T18:29:33.635,718.199,7.7114,6.03615,0.18066,1.090490859,0.0,0.27895,0.27895,3.37943897,0.9426945006814998,0.055387514035986525,0.1871498945789359,0.8644680447353478,
361,2026-09-15T18:29:35.655,720.219,7.7114,6.03619,0.180672,1.09057051968,0.0,0.27898,0.27898,3.37944107,0.9427964697086,0.0555440635912713,0.18767894441118732,0.8644984003283341,
362,2026-09-15T18:29:37.675,722.239,7.7114,6.03586,0.180661,1.0904445034599999,0.0,0.27893,0.27893,3.37943991,0.9426271740963,0.055700590427407284,0.18820791753900498,0.8644430515311208,
363,2026-09-15T18:29:39.632,724.196,7.7114,6.03608,0.180657,1.0904601045600002,0.0,0.27894,0.27894,3.37944889,0.9426634733766001,0.05585226524848407,0.18872049416372616,0.864463972074397,
364,2026-09-15T18:29:41.701,726.265,7.7114,6.03611,0.180663,1.09050174093,0.0,0.27896,0.27896,3.37944141,0.9427289757335999,0.05601258637750479,0.18926229062561625,0.8644910322927346,
365,2026-09-15T18:29:43.632,728.196,7.7114,6.03605,0.180654,1.0904365767000002,0.0,0.27894,0.27894,3.37945282,0.9426645696108,0.0561621796170473,0.1897678330673811,0.8644836295418444,
366,2026-09-15T18:29:45.672,730.236,7.7114,6.03621,0.180657,1.09048358997,0.0,0.27895,0.27895,3.37946423,0.9427015469585,0.05632021199862261,0.19030189694653799,0.8644802687809674,
367,2026-09-15T18:29:47.672,732.236,7.7114,6.0361,0.180654,1.0904456094000001,0.0,0.27895,0.27895,3.37945166,0.9426980405569999,0.05647522580610811,0.19082575958982956,0.8645071633382101,
368,2026-09-15T18:29:49.600,734.164,7.7114,6.03622,0.180657,1.09048539654,0.0,0.27897,0.27897,3.37945823,0.9427674624231,0.056624638866052686,0.19133069429412444,0.8645392826115836,
369,2026-09-15T18:29:51.620,736.184,7.7114,6.03623,0.180659,1.0904992755699998,0.0,0.27896,0.27896,3.37945972,0.9427340834911999,0.056781112654862465,0.1918594910440678,0.8644976705724416,
370,2026-09-15T18:29:53.654,738.218,7.7114,6.03625,0.180659,1.09050288875,0.0,0.27896,0.27896,3.37946036,0.9427342620256,0.056938742378008694,0.19239219439455674,0.8644949699365022,
371,2026-09-15T18:29:55.652,740.216,7.7114,6.03619,0.180658,1.0904860130200003,0.0,0.27896,0.27896,3.37946696,0.9427361031616,0.057093564671947226,0.19291541071067983,0.8645100367227815,
372,2026-09-15T18:29:57.667,742.231,7.7114,6.03609,0.180656,1.09045587504,0.0,0.27895,0.27895,3.37946635,0.9427021383324999,0.05724970716542469,0.19344308906081634,0.864502782653099,
373,2026-09-15T18:29:59.588,744.152,7.7114,6.03607,0.180661,1.09048244227,0.0,0.27896,0.27896,3.37947025,0.9427370209399999,0.05739860436379181,0.19394628242266204,0.8645137091593642,
374,2026-09-15T18:30:01.657,746.221,7.7114,6.0362,0.180658,1.0904878196,0.0,0.27895,0.27895,3.37946787,0.9427025623365,0.05755891979431675,0.19448806345996508,0.8644778468798404,
375,2026-09-15T18:30:03.630,748.194,7.7114,6.0362,0.180659,1.0904938558,0.0,0.27896,0.27896,3.37947268,0.9427376988128,0.057711760864906175,0.1950045853148278,0.8645052824448937,
376,2026-09-15T18:30:05.680,750.244,7.7114,6.03617,0.180653,1.0904522190100001,0.0,0.27894,0.27894,3.37947088,0.9426696072672001,0.05787064707141717,0.19554153676596808,0.8644758484906666,
377,2026-09-15T18:30:07.607,752.171,7.7114,6.03636,0.18065,1.0904684340000002,0.0,0.27895,0.27895,3.37947569,0.9427047437255,0.05801991446745925,0.19604598194322026,0.8644952153887838,
378,2026-09-15T18:30:09.590,754.154,7.7114,6.03606,0.180664,1.09049874384,0.0,0.27896,0.27896,3.37947058,0.9427371129968,0.058173574122881225,0.19656527062064513,0.8645008701955186,
379,2026-09-15T18:30:11.649,756.213,7.7114,6.03621,0.180663,1.09051980723,0.0,0.27897,0.27897,3.3794763,0.9427725034109999,0.05833315575975047,0.19710457252396466,0.8645166251548525,
380,2026-09-15T18:30:13.630,758.194,7.7114,6.03633,0.180654,1.09048715982,0.0,0.27893,0.27893,3.37947749,0.9426376562857001,0.058486680016728236,0.1976234042032365,0.8644188496830126,
381,2026-09-15T18:30:15.591,760.155,7.7114,6.03621,0.180663,1.09051980723,0.0,0.27896,0.27896,3.37947243,0.9427376290727999,0.05863857344459328,0.19813672423927434,0.8644846455998102,
382,2026-09-15T18:30:17.688,762.252,7.7114,6.0361,0.18066,1.090481826,0.0,0.27894,0.27894,3.37947694,0.9426712976436,0.05880110847622652,0.1986860072640914,0.864453927766422,
383,2026-09-15T18:30:19.610,764.174,7.7114,6.03607,0.180656,1.0904522619199999,0.0,0.27894,0.27894,3.37948832,0.9426744719808001,0.05894997317226032,0.19918909291855785,0.8644802756619516,
384,2026-09-15T18:30:21.710,766.274,7.7114,6.03605,0.180659,1.09046675695,0.0,0.27895,0.27895,3.37948354,0.9427069334829998,0.05911275797515776,0.1997392218695606,0.8644985530046972,
385,2026-09-15T18:30:23.666,768.23,7.7114,6.03612,0.180659,1.09047940308,0.0,0.27894,0.27894,3.37948561,0.9426737160534001,0.05926431590038869,0.2002514095400947,0.8644580662329515,
386,2026-09-15T18:30:25.650,770.214,7.7114,6.03623,0.180663,1.0905234204899998,0.0,0.27896,0.27896,3.37949103,0.9427428177288,0.059418022921919826,0.2007708606240761,0.8644865392301265,
387,2026-09-15T18:30:27.670,772.234,7.7114,6.03601,0.180658,1.0904534945800002,0.0,0.27894,0.27894,3.37948774,0.9426743101956001,0.05957451174077392,0.2012997129262739,0.8644791500793725,
388,2026-09-15T18:30:29.690,774.254,7.7114,6.03614,0.18065,1.090428691,0.0,0.27893,0.27893,3.37949075,0.9426413548975,0.059731027576215734,0.20182865650881748,0.8644685917361835,
389,2026-09-15T18:30:31.611,776.175,7.7114,6.03614,0.18065,1.090428691,0.0,0.27895,0.27895,3.37949644,0.9427105319379999,0.0598799281846679,0.20233186516138835,0.8645320319602631,
390,2026-09-15T18:30:33.632,778.196,7.7114,6.03629,0.180661,1.09052218769,0.0,0.27896,0.27896,3.37949738,0.9427445891248,0.06003650399659641,0.20286101263398282,0.8644891408599121,
391,2026-09-15T18:30:35.578,780.142,7.7114,6.03618,0.180661,1.09050231498,0.0,0.27897,0.27897,3.3795028,0.942779896116,0.06018727887539765,0.20337055635046866,0.8645372716455818,
392,2026-09-15T18:30:37.669,782.233,7.7114,6.03635,0.180652,1.0904787002,0.0,0.27896,0.27896,3.37949558,0.9427440869967999,0.06034932394807372,0.20391818754233143,0.8645231555865284,
393,2026-09-15T18:30:39.601,784.165,7.7114,6.03615,0.18066,1.090490859,0.0,0.27897,0.27897,3.37950219,0.9427797259443,0.060499070630914635,0.20442425629003363,0.8645461978551991,
394,2026-09-15T18:30:41.649,786.213,7.7114,6.03619,0.180659,1.09049204921,0.0,0.27895,0.27895,3.37950702,0.942713483229,0.060657757555488745,0.2049605394823714,0.8644845085408396,
395,2026-09-15T18:30:43.627,788.191,7.7114,6.03625,0.180657,1.09049081625,0.0,0.27893,0.27893,3.3795118,0.942647226374,0.06081097798081239,0.20547834935154372,0.8644247272210808,
396,2026-09-15T18:30:45.671,790.235,7.7114,6.03622,0.180649,1.09043710678,0.0,0.27894,0.27894,3.37950611,0.9426794343234001,0.060969335125995346,0.20601351874176968,0.8644968411860816,
397,2026-09-15T18:30:47.561,792.125,7.7114,6.0361,0.180662,1.0904938982,0.0,0.27893,0.27893,3.37950462,0.9426452236566001,0.061115779482072925,0.20650842822880977,0.8644204476637208,
398,2026-09-15T18:30:49.688,794.252,7.7114,6.03629,0.180661,1.09052218769,0.0,0.27896,0.27896,3.37951603,0.9427497917287999,0.06128065688589414,0.20706563311743334,0.8644939116055775,
399,2026-09-15T18:30:51.602,796.166,7.7114,6.03613,0.180658,1.09047517354,0.0,0.27895,0.27895,3.37951575,0.9427159184624999,0.06142890435598989,0.2075666377982746,0.8645001200734992,
400,2026-09-15T18:30:53.665,798.229,7.7114,6.03627,0.180646,1.09042803042,0.0,0.27894,0.27894,3.37952412,0.9426844580328001,0.06158876665956411,0.2081068956400467,0.8645086440686108,
401,2026-09-15T18:30:55.673,800.237,7.7114,6.0362,0.180662,1.0905119643999999,0.0,0.27897,0.27897,3.37952114,0.9427850124258,0.06174440215844545,0.20863286933053504,0.8645343134263738,
402,2026-09-15T18:30:57.664,802.228,7.7114,6.03621,0.180657,1.09048358997,0.0,0.27895,0.27895,3.37952236,0.942717762322,0.061898694410636355,0.20915430335266733,0.8644951386640626,
403,2026-09-15T18:30:59.592,804.156,7.7114,6.03637,0.18066,1.0905306041999998,0.0,0.27895,0.27895,3.37952534,0.9427185935929999,0.06204801404833561,0.20965893262954532,0.8644586313875776,
404,2026-09-15T18:31:01.705,806.269,7.7114,6.03634,0.180649,1.09045878466,0.0,0.27894,0.27894,3.37952385,0.9426843827190001,0.0622117469265143,0.21021227191836253,0.8644841932406686,
405,2026-09-15T18:31:03.700,808.264,7.7114,6.03626,0.180649,1.0904443327400002,0.0,0.27895,0.27895,3.37952686,0.9427190175969999,0.062366388498002946,0.21073488703014961,0.8645274126265525,
406,2026-09-15T18:31:05.655,810.219,7.7114,6.03618,0.180662,1.09050835116,0.0,0.27897,0.27897,3.37953556,0.9427890351732,0.06251785774673753,0.211246782083627,0.8645408668079732,
407,2026-09-15T18:31:07.599,812.163,7.7114,6.03634,0.180649,1.09045878466,0.0,0.27894,0.27894,3.37953647,0.9426879029418002,0.06266850102170937,0.2117558864568082,0.8644874214441088,
408,2026-09-15T18:31:09.584,814.148,7.7114,6.03627,0.180661,1.09051857447,0.0,0.27897,0.27897,3.37953288,0.9427882875336,0.0628222720411741,0.21227556094908454,0.8645320763947575,
409,2026-09-15T18:31:11.639,816.203,7.7114,6.03617,0.180656,1.09047032752,0.0,0.27895,0.27895,3.3795404,0.94272279458,0.06298154491221275,0.2128138294524962,0.8645102675319789,
410,2026-09-15T18:31:13.725,818.289,7.7114,6.03607,0.180662,1.09048847834,0.0,0.27896,0.27896,3.37954399,0.9427575914504,0.0631431583028492,0.21336000872543426,0.8645277874787968,
411,2026-09-15T18:31:15.676,820.24,7.7114,6.0361,0.180651,1.0904275011,0.0,0.27894,0.27894,3.37953291,0.9426869099154,0.0632943647032933,0.21387101656965127,0.8645113122737987,
412,2026-09-15T18:31:17.668,822.232,7.7114,6.0361,0.18066,1.090481826,0.0,0.27895,0.27895,3.37953833,0.9427222171534999,0.0634487118578732,0.21439263827640714,0.864500622272177,
413,2026-09-15T18:31:19.579,824.143,7.7114,6.0362,0.180658,1.0904878196,0.0,0.27895,0.27895,3.37954103,0.9427229703184999,0.06359678912890421,0.21489307128956256,0.8644965614235824,
414,2026-09-15T18:31:21.625,826.189,7.7114,6.03639,0.180652,1.09048592628,0.0,0.27894,0.27894,3.37953982,0.9426888373908001,0.06375533790853752,0.21542889329966947,0.8644667617184355,
415,2026-09-15T18:31:23.623,828.187,7.7114,6.03642,0.180647,1.09046116374,0.0,0.27894,0.27894,3.37954283,0.9426896770002001,0.06391010336220992,0.21595192954603776,0.8644871622635493,
416,2026-09-15T18:31:25.613,830.177,7.7114,6.03629,0.180659,1.0905101151099998,0.0,0.27895,0.27895,3.37954645,0.9427244822274998,0.06406430529426865,0.2164730618590095,0.8644802731906867,
417,2026-09-15T18:31:27.661,832.225,7.7114,6.03611,0.180647,1.09040516317,0.0,0.27894,0.27894,3.37954946,0.9426915263724001,0.06422301324414013,0.21700942298643563,0.8645332562731358,
418,2026-09-15T18:31:29.681,834.245,7.7114,6.03629,0.180651,1.09046182479,0.0,0.27895,0.27895,3.37955454,0.942726738933,0.06437954599673978,0.21753843356355643,0.8645206255749021,
419,2026-09-15T18:31:31.639,836.203,7.7114,6.03677,0.180652,1.09055457404,0.0,0.27898,0.27898,3.37955755,0.942828965299,0.06453124154629176,0.2180510971750567,0.8645408379759071,
420,2026-09-15T18:31:33.612,838.176,7.7114,6.03636,0.180662,1.09054087032,0.0,0.27897,0.27897,3.37955305,0.9427939143585,0.06468415809243619,0.21856788709904293,0.8645195609054559,
421,2026-09-15T18:31:35.640,840.204,7.7114,6.03642,0.18066,1.0905396371999998,0.0,0.27897,0.27897,3.37956446,0.9427970974062,0.06484133514563938,0.21909907618528085,0.8645234572370665,
422,2026-09-15T18:31:37.674,842.238,7.7114,6.03638,0.180658,1.0905203380400001,0.0,0.27895,0.27895,3.37955996,0.9427282508419998,0.06499894685586459,0.21963173476502415,0.8644756250363674,
423,2026-09-15T18:31:39.631,844.195,7.7114,6.0364,0.180649,1.0904696236,0.0,0.27895,0.27895,3.37956626,0.9427300082269998,0.06515053594788081,0.22014403966828056,0.8645174407653256,
424,2026-09-15T18:31:41.601,846.166,7.7114,6.03629,0.180647,1.09043767963,0.0,0.27894,0.27894,3.37956537,0.9426959643078,0.06530323372488353,0.22066009185546664,0.8645115460680608,
425,2026-09-15T18:31:43.650,848.214,7.7114,6.03644,0.18065,1.090482886,0.0,0.27896,0.27896,3.37956659,0.9427638959464,0.06546194669949147,0.22119647282503974,0.8645380024298703,
426,2026-09-15T18:31:45.640,850.204,7.7114,6.0364,0.180664,1.0905601696,0.0,0.27897,0.27897,3.3795699,0.942798615003,0.06561614782660338,0.22171760605757493,0.8645085720935539,
427,2026-09-15T18:31:47.660,852.224,7.7114,6.03626,0.180661,1.09051676786,0.0,0.27896,0.27896,3.37956571,0.9427636504615999,0.06577269754816426,0.22224667645644966,0.8645109165186458,
428,2026-09-15T18:31:49.679,854.243,7.7114,6.03622,0.180657,1.09048539654,0.0,0.27895,0.27895,3.37957322,0.942731949719,0.0659291776993407,0.22277551199723364,0.8645067166513125,
429,2026-09-15T18:31:51.629,856.193,7.7114,6.03639,0.180663,1.09055232657,0.0,0.27897,0.27897,3.37957142,0.9427990390374,0.06608025132890541,0.22328607625398758,0.8645151782883148,
430,2026-09-15T18:31:53.641,858.205,7.7114,6.03646,0.180647,1.09046838962,0.0,0.27894,0.27894,3.37956722,0.9426964803468001,0.06623618208660084,0.22381305505875704,0.8644876727470343,
431,2026-09-15T18:31:55.689,860.253,7.7114,6.03627,0.180647,1.09043406669,0.0,0.27894,0.27894,3.37957654,0.9426990800676001,0.06639487376147309,0.22434936498074537,0.8645172678153317,
432,2026-09-15T18:31:57.575,862.139,7.7114,6.03625,0.180659,1.09050288875,0.0,0.27895,0.27895,3.37957593,0.9427327056735,0.06654094413756297,0.22484302095241543,0.8644935427489945,
433,2026-09-15T18:31:59.720,864.284,7.7114,6.03632,0.180659,1.09051553488,0.0,0.27897,0.27897,3.37958734,0.9428034802398,0.06670716966356734,0.225404793687402,0.8645484177752184,
434,2026-09-15T18:32:01.643,866.207,7.7114,6.03643,0.180659,1.09053540737,0.0,0.27896,0.27896,3.37958344,0.9427685964224,0.06685617224239772,0.2259083606258947,0.864500675586533,
435,2026-09-15T18:32:03.645,868.209,7.7114,6.03634,0.180654,1.0904889663600001,0.0,0.27896,0.27896,3.37958612,0.9427693440352,0.06701130472807353,0.22643264401336824,0.8645381779350954,
436,2026-09-15T18:32:05.655,870.219,7.7114,6.03631,0.180656,1.0904956193600002,0.0,0.27894,0.27894,3.37958916,0.9427026002904001,0.06716711473354961,0.22695921758205503,0.864471698514169,
437,2026-09-15T18:32:07.614,872.178,7.7114,6.03621,0.180662,1.09051377102,0.0,0.27897,0.27897,3.37958645,0.9428032319565001,0.06731888142193819,0.22747212643132728,0.8645495884702672,
438,2026-09-15T18:32:09.684,874.248,7.7114,6.03613,0.180664,1.0905113903199999,0.0,0.27896,0.27896,3.37958737,0.9427696927352,0.0674792990580744,0.22801427177454506,0.8645207203737262,
439,2026-09-15T18:32:11.635,876.199,7.7114,6.03621,0.180662,1.09051377102,0.0,0.27897,0.27897,3.37959336,0.9428051596392,0.06763047730421257,0.2285251923185993,0.864551356153309,
440,2026-09-15T18:32:13.610,878.174,7.7114,6.03634,0.180659,1.0905191480599998,0.0,0.27895,0.27895,3.37960386,0.9427404967469999,0.0677835427194466,0.2290424919831345,0.8644877977833827,
441,2026-09-15T18:32:15.624,880.188,7.7114,6.03622,0.180657,1.09048539654,0.0,0.27895,0.27895,3.37959129,0.9427369903455,0.06793955344632896,0.2295697454573801,0.8645113390208701,
442,2026-09-15T18:32:17.629,882.193,7.7114,6.03602,0.18066,1.0904673731999999,0.0,0.27894,0.27894,3.37959999,0.9427056212106001,0.0680949070903374,0.23009477795531702,0.8644968610516152,
443,2026-09-15T18:32:19.571,884.135,7.7114,6.03607,0.180661,1.09048244227,0.0,0.27897,0.27897,3.37960483,0.9428083594251,0.06824542564423215,0.23060347082282906,0.8645791283557995,
444,2026-09-15T18:32:21.599,886.163,7.7114,6.03626,0.180645,1.0904201877000002,0.0,0.27891,0.27891,3.3795982,0.942603733962,0.06840250876050524,0.2311343491606225,0.8644408317037984,
445,2026-09-15T18:32:23.597,888.161,7.7114,6.03637,0.180647,1.09045213139,0.0,0.27894,0.27894,3.37960991,0.9427083882954,0.06855733575455678,0.23165760309759129,0.8645114821259775,
446,2026-09-15T18:32:25.584,890.148,7.7114,6.03628,0.180661,1.09052038108,0.0,0.27894,0.27894,3.37961649,0.9427102237206001,0.06871129517395032,0.23217792638363802,0.864459060166289,
447,2026-09-15T18:32:27.612,892.176,7.7114,6.03625,0.180647,1.09043045375,0.0,0.27893,0.27893,3.37961201,0.9426751779493001,0.0688684576984326,0.2327090750909506,0.8644982123412197,
448,2026-09-15T18:32:29.632,894.196,7.7114,6.03624,0.180651,1.09045279224,0.0,0.27894,0.27894,3.37961472,0.9427097299968001,0.06902492208619315,0.23323786422697654,0.8645121886113867,
449,2026-09-15T18:32:31.587,896.151,7.7114,6.03614,0.180663,1.0905071608199999,0.0,0.27895,0.27895,3.37961505,0.9427436181974999,0.06917640905356837,0.23374983183680176,0.8645001629229191,
450,2026-09-15T18:32:33.577,898.141,7.7114,6.03634,0.18066,1.0905251844,0.0,0.27895,0.27895,3.37961414,0.942743364353,0.06933066194864874,0.2342711471723364,0.8644856421832123,
451,2026-09-15T18:32:35.693,900.257,7.7114,6.03649,0.180648,1.09047984552,0.0,0.27894,0.27894,3.37960847,0.9427079866218001,0.0694945758885155,0.23482511257656552,0.8644891425501456,
452,2026-09-15T18:32:37.611,902.175,7.7114,6.0363,0.18065,1.090457595,0.0,0.27894,0.27894,3.37961715,0.9427104078210001,0.06964321969731349,0.2353274710969064,0.8645090025907887,
453,2026-09-15T18:32:39.653,904.217,7.7114,6.03669,0.18065,1.0905280485,0.0,0.27895,0.27895,3.37962256,0.942745713112,0.06980140786842205,0.23586208698081873,0.8644855255293326,
454,2026-09-15T18:32:41.571,906.135,7.7114,6.03647,0.180647,1.0904701960899998,0.0,0.27893,0.27893,3.37962826,0.9426797105618,0.06995006872822938,0.23636450500008085,0.8644708621490814,
455,2026-09-15T18:32:43.606,908.17,7.7114,6.03631,0.18066,1.0905197646,0.0,0.27894,0.27894,3.3796211,0.9427115096340001,0.07010772380191284,0.23689731997801858,0.8644607280270471,
456,2026-09-15T18:32:45.693,910.257,7.7114,6.03629,0.180647,1.09043767963,0.0,0.27894,0.27894,3.37962588,0.9427128429672,0.0702694510367572,0.23744389713987135,0.8645270248613154,
457,2026-09-15T18:32:47.612,912.176,7.7114,6.03621,0.180658,1.0904896261800001,0.0,0.27895,0.27895,3.37962798,0.942747225021,0.07041814012904628,0.23794641080037157,0.8645173712687724,
458,2026-09-15T18:32:49.669,914.233,7.7114,6.03617,0.180653,1.0904522190100001,0.0,0.27894,0.27894,3.37962591,0.9427128513354001,0.07057748839920855,0.2384849485078541,0.8645155054948398,
459,2026-09-15T18:32:51.652,916.216,7.7114,6.03609,0.180662,1.0904920915799998,0.0,0.27894,0.27894,3.37963909,0.9427165277646,0.0707311791589826,0.23900436679453615,0.8644872668436415,
460,2026-09-15T18:32:53.671,918.235,7.7114,6.03603,0.180661,1.09047521583,0.0,0.27893,0.27893,3.37963848,0.9426825612264,0.07088758443271083,0.2395329601238075,0.8644694969146001,
461,2026-09-15T18:32:55.620,920.184,7.7114,6.03636,0.180656,1.0905046521600001,0.0,0.27894,0.27894,3.37963942,0.9427166198148001,0.07103861984316238,0.24004340527980011,0.8644773939730829,
462,2026-09-15T18:32:57.625,922.189,7.7114,6.03606,0.180663,1.09049270778,0.0,0.27894,0.27894,3.37963284,0.9427147843896001,0.07119397859067647,0.24056846131601028,0.8644851796476083,
463,2026-09-15T18:32:59.635,924.199,7.7114,6.03601,0.180661,1.0904716026099999,0.0,0.27894,0.27894,3.37964124,0.9427171274856001,0.07134965968170294,0.24109460689767093,0.8645040597382313,
464,2026-09-15T18:33:01.738,926.302,7.7114,6.0362,0.18066,1.090499892,0.0,0.27894,0.27894,3.37964005,0.942716795547,0.07151261586388875,0.24164534023434012,0.8644813286666516,
465,2026-09-15T18:33:03.685,928.249,7.7114,6.03617,0.180661,1.09050050837,0.0,0.27895,0.27895,3.37963853,0.9427501679434999,0.07166350817820029,0.24215530182834433,0.8645114428719098,
466,2026-09-15T18:33:05.576,930.14,7.7114,6.03616,0.180659,1.09048662944,0.0,0.27895,0.27895,3.37964663,0.9427524274384999,0.07181006872328052,0.24265062408704552,0.8645245177583091,
467,2026-09-15T18:33:07.602,932.166,7.7114,6.03613,0.180658,1.09047517354,0.0,0.27894,0.27894,3.37964638,0.9427185612372001,0.07196700352113243,0.24318100822811894,0.8645025435809429,
468,2026-09-15T18:33:09.640,934.204,7.7114,6.03628,0.180659,1.0905083085199998,0.0,0.27895,0.27895,3.37964276,0.9427513479019999,0.07212494671121401,0.24371480007284152,0.8645063412505948,
469,2026-09-15T18:33:11.635,936.199,7.7114,6.03611,0.180658,1.0904715603800001,0.0,0.27893,0.27893,3.37965025,0.9426858442325,0.07227951302092038,0.24423717956121066,0.8644754053961748,
470,2026-09-15T18:33:13.668,938.232,7.7114,6.03585,0.180658,1.0904245893,0.0,0.27893,0.27893,3.37965177,0.9426862682061001,0.07243706497973298,0.24476965019793917,0.8645130323145586,
471,2026-09-15T18:33:15.572,940.136,7.7114,6.0361,0.180655,1.0904516455000002,0.0,0.27893,0.27893,3.37964934,0.9426855904062,0.07258455962362848,0.24526813055304011,0.8644909605083446,
472,2026-09-15T18:33:17.615,942.179,7.7114,6.03618,0.180661,1.09050231498,0.0,0.27895,0.27895,3.37965326,0.9427542768769999,0.07274284554728827,0.24580308178071977,0.8645137785831204,
473,2026-09-15T18:33:19.602,944.166,7.7114,6.03624,0.180659,1.0905010821599999,0.0,0.27894,0.27894,3.37965989,0.9427223297166001,0.07289680177784193,0.2463234009675635,0.8644854600687893,
474,2026-09-15T18:33:21.645,946.209,7.7114,6.03621,0.180663,1.09051980723,0.0,0.27896,0.27896,3.37965989,0.9427899229144,0.07305511907356542,0.24685845958181346,0.8645325987330348,
475,2026-09-15T18:33:23.593,948.157,7.7114,6.03617,0.180659,1.09048843603,0.0,0.27893,0.27893,3.37965331,0.9426866977583,0.07320602422716613,0.2473684671801808,0.8644628100690526,
476,2026-09-15T18:33:25.574,950.138,7.7114,6.03636,0.180661,1.09053483396,0.0,0.27894,0.27894,3.3796668,0.942724257192,0.07335957255665854,0.24788740833589684,0.8644604719032555,
477,2026-09-15T18:33:27.643,952.207,7.7114,6.03615,0.180653,1.09044860595,0.0,0.27891,0.27891,3.37967279,0.9426245378588999,0.07351988556110754,0.24842921335475304,0.8644373817486651,
478,2026-09-15T18:33:29.665,954.229,7.7114,6.03631,0.180659,1.09051372829,0.0,0.27893,0.27893,3.37966561,0.9426901285973001,0.07367654557812109,0.24895867238910505,0.8644459066787749,
479,2026-09-15T18:33:31.633,956.197,7.7114,6.03623,0.180664,1.09052945672,0.0,0.27897,0.27897,3.37967102,0.9428268244494,0.07382898283585139,0.24947385975911118,0.8645587871465232,
480,2026-09-15T18:33:33.655,958.219,7.7114,6.03607,0.18066,1.0904764061999999,0.0,0.27894,0.27894,3.3796758,0.942726767652,0.07398569314184614,0.25000348941333445,0.8645090918905203,
481,2026-09-15T18:33:35.602,960.166,7.7114,6.03601,0.18066,1.0904655666,0.0,0.27894,0.27894,3.37967705,0.9427271163270001,0.07413655319391517,0.25051334757478644,0.864518005154772,
482,2026-09-15T18:33:37.603,962.167,7.7114,6.03615,0.180656,1.0904667144,0.0,0.27893,0.27893,3.37967047,0.9426914841971001,0.07429157922643054,0.2510372849890047,0.8644844191468887,
483,2026-09-15T18:33:39.620,964.184,7.7114,6.03608,0.180661,1.09048424888,0.0,0.27893,0.27893,3.37967224,0.9426919779032,0.07444788824262846,0.251565558093577,0.8644709713793735,
484,2026-09-15T18:33:41.572,966.136,7.7114,6.03608,0.18066,1.0904782128,0.0,0.27893,0.27893,3.37968365,0.9426951604945001,0.07459906824786029,0.252076497822984,0.864478674978714,
485,2026-09-15T18:33:43.653,968.217,7.7114,6.03613,0.180654,1.09045102902,0.0,0.27893,0.27893,3.37967976,0.9426940754568001,0.07476035082637895,0.25262158160293874,0.864499230473476,
486,2026-09-15T18:33:45.673,970.237,7.7114,6.03607,0.180659,1.0904703701299998,0.0,0.27894,0.27894,3.37967647,0.9427269545418001,0.07491682114401588,0.25315040091109875,0.8645140485838358,
487,2026-09-15T18:33:47.595,972.159,7.7114,6.03609,0.180661,1.0904860554899998,0.0,0.27895,0.27895,3.37968158,0.9427621767409999,0.07506576920199655,0.25365379753847733,0.8645339131066454,
488,2026-09-15T18:33:49.616,974.18,7.7114,6.0362,0.180661,1.0905059282,0.0,0.27896,0.27896,3.37969117,0.9427986487832,0.07522241935515069,0.25418322592674747,0.8645516034373081,
489,2026-09-15T18:33:51.667,976.231,7.7114,6.03618,0.180659,1.0904902426199998,0.0,0.27894,0.27894,3.37969147,0.9427311386418,0.07538134119825558,0.25472033270044664,0.8645021310569497,
490,2026-09-15T18:33:53.652,978.216,7.7114,6.03632,0.180655,1.0904913896000001,0.0,0.27893,0.27893,3.3796855,0.942695676515,0.0755351142534365,0.25524003772435305,0.8644687023716779,
491,2026-09-15T18:33:55.606,980.17,7.7114,6.03619,0.180658,1.0904860130200003,0.0,0.27895,0.27895,3.3796894,0.9427643581299999,0.07568649956157104,0.25575167275038035,0.8645359471591031,
492,2026-09-15T18:33:57.602,982.166,7.7114,6.03604,0.180659,1.09046495036,0.0,0.27894,0.27894,3.37969512,0.9427321567728001,0.07584117920755608,0.2562744423526876,0.8645231159988882,
493,2026-09-15T18:33:59.602,984.166,7.7114,6.03627,0.180658,1.0905004656600001,0.0,0.27894,0.27894,3.3796978,0.9427329043320001,0.07599614842356109,0.2567981912634287,0.864495645823895,
494,2026-09-15T18:34:01.662,986.226,7.7114,6.03637,0.180659,1.09052456783,0.0,0.27895,0.27895,3.37970382,0.9427683805889999,0.07615578266810671,0.2573377072490319,0.8645090705888311,
495,2026-09-15T18:34:03.636,988.2,7.7114,6.03631,0.180654,1.09048354674,0.0,0.27893,0.27893,3.3797065,0.9427015340450001,0.07630871764143006,0.2578545823675099,0.8644802912095335,
496,2026-09-15T18:34:05.681,990.245,7.7114,6.03618,0.180658,1.09048420644,0.0,0.27894,0.27894,3.37970263,0.9427342516122001,0.07646714143768446,0.25839000799491,0.8645097710216776,
497,2026-09-15T18:34:07.665,992.229,7.7114,6.03624,0.180646,1.0904226110400002,0.0,0.27893,0.27893,3.37970084,0.9426999553012,0.07662085173962543,0.2589095029690698,0.8645271528275552,
498,2026-09-15T18:34:09.693,994.257,7.7114,6.03615,0.180647,1.09041238905,0.0,0.2789,0.2789,3.37970446,0.942599573894,0.0767780380363762,0.25944074591272676,0.8644431990682178,
499,2026-09-15T18:34:11.606,996.17,7.7114,6.03597,0.18066,1.0904583401999999,0.0,0.27894,0.27894,3.37970655,0.9427353450570001,0.07692623722138732,0.25994161551415645,0.8645312803826086,
500,2026-09-15T18:34:13.671,998.235,7.7114,6.03627,0.180661,1.09051857447,0.0,0.27894,0.27894,3.37971255,0.942737018697,0.07708620022173256,0.2604822439940699,0.8644850631317098,
501,2026-09-15T18:34:15.650,1000.214,7.7114,6.03609,0.180663,1.0904981276699999,0.0,0.27895,0.27895,3.37971495,0.9427714853024999,0.0772395978970226,0.261000684226469,0.8645328784899994,
502,2026-09-15T18:34:17.611,1002.175,7.7114,6.03618,0.180647,1.09041780846,0.0,0.27892,0.27892,3.37972037,0.9426716056004,0.07739148462343214,0.26151401847801276,0.8645049615722413,
503,2026-09-15T18:34:19.627,1004.191,7.7114,6.03617,0.180659,1.09048843603,0.0,0.27894,0.27894,3.37971766,0.9427384440804001,0.0775476885109027,0.26204194372670636,0.8645102624953144,
504,2026-09-15T18:34:21.598,1006.163,7.7114,6.03625,0.180653,1.09046667125,0.0,0.27893,0.27893,3.37971377,0.9427035618661,0.0777004645525091,0.2625582833154043,0.8644955290430661,
505,2026-09-15T18:34:23.630,1008.194,7.7114,6.03642,0.180651,1.09048530942,0.0,0.27894,0.27894,3.37972037,0.9427392000078,0.07785788409372003,0.26309031682599576,0.8645134343985045,
506,2026-09-15T18:34:25.601,1010.165,7.7114,6.0364,0.180658,1.0905239512000002,0.0,0.27896,0.27896,3.37972402,0.9428078126191999,0.07801059271792403,0.26360642955259594,0.8645457182134741,
507,2026-09-15T18:34:27.666,1012.23,7.7114,6.03656,0.180647,1.09048645432,0.0,0.27895,0.27895,3.37972219,0.9427735049004998,0.07817063716507486,0.26414733546846114,0.8645439850863529,
508,2026-09-15T18:34:29.587,1014.151,7.7114,6.03611,0.180659,1.09047759649,0.0,0.27894,0.27894,3.3797312,0.9427422209280001,0.07831944059169589,0.2646502503817077,0.8645223193603183,
509,2026-09-15T18:34:31.647,1016.211,7.7114,6.03649,0.180659,1.0905462469099998,0.0,0.27896,0.27896,3.3797288,0.9428091460479999,0.07847908449611364,0.2651898036747786,0.8645292656954214,
510,2026-09-15T18:34:33.668,1018.232,7.7114,6.03618,0.180663,1.0905143873399998,0.0,0.27897,0.27897,3.37972404,0.9428416154388001,0.0786356721286247,0.2657190270334148,0.8645842974512188,
511,2026-09-15T18:34:35.641,1020.205,7.7114,6.03613,0.180665,1.09051742645,0.0,0.27897,0.27897,3.37973123,0.9428436212331,0.07878857399894096,0.2662357937099659,0.8645837272884049,
512,2026-09-15T18:34:37.614,1022.178,7.7114,6.03599,0.180662,1.0904740253799998,0.0,0.27897,0.27897,3.37973153,0.9428437049241,0.07894145619289972,0.2667524944583316,0.8646182146296838,
513,2026-09-15T18:34:39.689,1024.253,7.7114,6.03636,0.180665,1.0905589794,0.0,0.27899,0.27899,3.37974115,0.9429139834385001,0.07910225123798414,0.2672959393155231,0.8646153039400669,
514,2026-09-15T18:34:41.626,1026.19,7.7114,6.03624,0.180663,1.0905252271199999,0.0,0.27897,0.27897,3.37974416,0.9428472283152,0.07925238079768383,0.2678033385922084,0.8645808504633982,
515,2026-09-15T18:34:43.665,1028.229,7.7114,6.0362,0.180647,1.0904214214,0.0,0.27894,0.27894,3.37973603,0.9427435682082002,0.07941033840682173,0.2683371942571566,0.8645680923966119,
516,2026-09-15T18:34:45.648,1030.212,7.7114,6.03637,0.180649,1.09046420413,0.0,0.27895,0.27895,3.37974264,0.9427792094279999,0.07956403036970394,0.26885663302959206,0.8645668568095485,
517,2026-09-15T18:34:47.661,1032.225,7.7114,6.03655,0.180661,1.09056915955,0.0,0.27896,0.27896,3.37975018,0.9428151102128,0.07972001289283531,0.26938381440217857,0.8645165709635806,
518,2026-09-15T18:34:49.680,1034.244,7.7114,6.0361,0.180658,1.0904697538,0.0,0.27896,0.27896,3.37974598,0.9428139385808,0.07987648951191469,0.269912665955077,0.8645943046978988,
519,2026-09-15T18:34:51.611,1036.175,7.7114,6.03642,0.180655,1.0905094551,0.0,0.27897,0.27897,3.37974686,0.9428479815342,0.08002605803915491,0.270418169649563,0.8645940455855475,
520,2026-09-15T18:34:53.664,1038.228,7.7114,6.03631,0.180655,1.09048958305,0.0,0.27892,0.27892,3.37974747,0.9426791643324,0.08018516742464335,0.27095591914408806,0.8644549924959505,
521,2026-09-15T18:34:55.590,1040.154,7.7114,6.03617,0.180664,1.09051861688,0.0,0.27896,0.27896,3.3797556,0.942816622176,0.08033442305616965,0.27146036609389,0.8645580254956317,
522,2026-09-15T18:34:57.666,1042.23,7.7114,6.03607,0.180658,1.09046433406,0.0,0.27895,0.27895,3.37975678,0.942783153781,0.08049526218220225,0.27200396312569114,0.864570370927075,
523,2026-09-15T18:34:59.608,1044.172,7.7114,6.0364,0.180655,1.0905058420000002,0.0,0.27896,0.27896,3.3797625,0.942818547,0.08064575701489082,0.2725125994872482,0.8645699185534486,
524,2026-09-15T18:35:01.707,1046.271,7.7114,6.03651,0.18065,1.0904955315,0.0,0.27893,0.27893,3.37975651,0.9427154833343,0.08080834854492014,0.27306211975632344,0.8644835820992083,
525,2026-09-15T18:35:03.626,1048.19,7.7114,6.03626,0.180662,1.09052280412,0.0,0.27896,0.27896,3.37975894,0.9428175539024,0.08095705483631457,0.2735647109934296,0.8645555602692866,
526,2026-09-15T18:35:05.684,1050.248,7.7114,6.03639,0.180664,1.09055836296,0.0,0.27895,0.27895,3.37976344,0.942785011588,0.0811165838090923,0.2741038808242979,0.8644975304476941,
527,2026-09-15T18:35:07.665,1052.229,7.7114,6.03609,0.180657,1.09046191113,0.0,0.27893,0.27893,3.37976372,0.9427174944196001,0.08127005948229894,0.2746225923150169,0.8645120795119762,
528,2026-09-15T18:35:09.686,1054.25,7.7114,6.03628,0.180646,1.0904298368799998,0.0,0.27892,0.27892,3.37976283,0.9426834485436001,0.08142663705718284,0.2751517874522993,0.8645062861090264,
529,2026-09-15T18:35:11.605,1056.169,7.7114,6.03631,0.180656,1.0904956193600002,0.0,0.27893,0.27893,3.37976582,0.9427180801726,0.0815753412023362,0.27565437241707225,0.864485893786415,
530,2026-09-15T18:35:13.628,1058.192,7.7114,6.03638,0.180646,1.0904479014800001,0.0,0.27894,0.27894,3.37976223,0.9427508764362,0.08173205446017283,0.27618402624814403,0.8645537995503135,
531,2026-09-15T18:35:15.580,1060.144,7.7114,6.03645,0.18066,1.090545057,0.0,0.27896,0.27896,3.37977728,0.9428226700287999,0.08188333093298639,0.2766953058956432,0.8645426101168417,
532,2026-09-15T18:35:17.673,1062.237,7.7114,6.03621,0.180662,1.09051377102,0.0,0.27894,0.27894,3.37977427,0.9427542348738001,0.08204550797295734,0.27724342792660694,0.8645046581961138,
533,2026-09-15T18:35:19.595,1064.159,7.7114,6.03638,0.180649,1.0904660106200001,0.0,0.27893,0.27893,3.37976888,0.9427189336984,0.08219438775327403,0.2777466075762207,0.8645101493465198,
534,2026-09-15T18:35:21.581,1066.145,7.7114,6.03641,0.180648,1.09046539368,0.0,0.27895,0.27895,3.37977458,0.9427881190909999,0.08234826969495017,0.27826669341247096,0.8645740841984607,
535,2026-09-15T18:35:23.628,1068.192,7.7114,6.03628,0.180652,1.09046605456,0.0,0.27895,0.27895,3.37978057,0.9427897900014999,0.08250687901122304,0.2788027576227961,0.8645750925111675,
536,2026-09-15T18:35:25.648,1070.212,7.7114,6.0363,0.180662,1.0905300305999999,0.0,0.27898,0.27898,3.37978209,0.9428916074682,0.08266345321232046,0.27933194418443125,0.8646177372570194,
537,2026-09-15T18:35:27.655,1072.219,7.7114,6.03653,0.18065,1.0904991445,0.0,0.27895,0.27895,3.37978389,0.9427907161154999,0.08281893135833475,0.2798574265776395,0.8645497072331723,
538,2026-09-15T18:35:29.590,1074.154,7.7114,6.03627,0.180656,1.09048839312,0.0,0.27897,0.27897,3.37979323,0.9428609173731001,0.08296891885494921,0.2803643526028652,0.864622607009578,
539,2026-09-15T18:35:31.613,1076.177,7.7114,6.03608,0.18066,1.0904782128,0.0,0.27896,0.27896,3.3797782,0.942822926672,0.08312568279554877,0.2808941811299518,0.864595840251711,
540,2026-09-15T18:35:33.646,1078.21,7.7114,6.03632,0.180648,1.09044913536,0.0,0.27895,0.27895,3.37978751,0.9427917259144999,0.08328318366062078,0.2814264998533567,0.86459028242821,
541,2026-09-15T18:35:35.646,1080.21,7.7114,6.03625,0.180662,1.0905209974999999,0.0,0.27896,0.27896,3.37980132,0.9428293762271999,0.08343817129715117,0.2819503262017154,0.8645678335296795,
542,2026-09-15T18:35:37.581,1082.146,7.7114,6.03635,0.180648,1.0904545548,0.0,0.27895,0.27895,3.37978961,0.9427923117095,0.08358814239738317,0.28245719784617634,0.8645865227115469,
543,2026-09-15T18:35:39.687,1084.251,7.7114,6.03615,0.180661,1.09049689515,0.0,0.27894,0.27894,3.37979115,0.9427589433810001,0.0837513114367922,0.28300867499588256,0.864522354510071,
544,2026-09-15T18:35:41.630,1086.194,7.7114,6.03623,0.180662,1.09051738426,0.0,0.27898,0.27898,3.37979894,0.9428963082812001,0.08390183444369234,0.28351741190880425,0.8646320745459989,
545,2026-09-15T18:35:43.615,1088.179,7.7114,6.03636,0.180661,1.09053483396,0.0,0.27899,0.27899,3.37980674,0.9429322823926,0.08405569052948254,0.28403741514452,0.8646512271126462,
546,2026-09-15T18:35:45.679,1090.243,7.7114,6.03614,0.180661,1.0904950885399998,0.0,0.27895,0.27895,3.37980406,0.942796342537,0.08421565549160141,0.2845780655873155,0.8645580823286925,
547,2026-09-15T18:35:47.604,1092.169,7.7114,6.03657,0.180661,1.0905727727699999,0.0,0.27897,0.27897,3.37980558,0.9428643626526,0.08436482599601777,0.28508223277714784,0.8645588686922487,
548,2026-09-15T18:35:49.655,1094.219,7.7114,6.03643,0.180659,1.09053540737,0.0,0.27895,0.27895,3.37980977,0.9427979353414999,0.08452368654667568,0.2856191508855042,0.8645275788112258,
549,2026-09-15T18:35:51.623,1096.187,7.7114,6.03615,0.180656,1.0904667144,0.0,0.27894,0.27894,3.37980856,0.9427637997264,0.08467621876150633,0.28613468066314823,0.8645507352740524,
550,2026-09-15T18:35:53.624,1098.188,7.7114,6.03631,0.180651,1.09046543781,0.0,0.27896,0.27896,3.37980436,0.9428302242655999,0.08483127263937656,0.28665873276121046,0.86461266132295,
551,2026-09-15T18:35:55.649,1100.213,7.7114,6.03645,0.180652,1.0904967654000002,0.0,0.27894,0.27894,3.37980649,0.9427632223206001,0.08498814730887874,0.28718893862023304,0.8645263812174531,
552,2026-09-15T18:35:57.564,1102.128,7.7114,6.03626,0.180651,1.09045640526,0.0,0.27894,0.27894,3.37980588,0.9427630521672001,0.0851365070511864,0.2876903657948895,0.8645582231619933,
553,2026-09-15T18:35:59.594,1104.158,7.7114,6.03628,0.18065,1.0904539819999999,0.0,0.27895,0.27895,3.37981909,0.9428005351554999,0.08529385316813685,0.2882221661654435,0.8645945181715151,
554,2026-09-15T18:36:01.707,1106.271,7.7114,6.03626,0.180652,1.0904624415200002,0.0,0.27895,0.27895,3.37981729,0.9428000330455,0.08545755371406374,0.2887754442482801,0.8645873504192653,
555,2026-09-15T18:36:03.633,1108.197,7.7114,6.0362,0.180648,1.0904274576,0.0,0.27893,0.27893,3.37981729,0.9427324366997001,0.08560678714048364,0.28927982596314,0.8645530980801122,
556,2026-09-15T18:36:05.644,1110.208,7.7114,6.03638,0.180644,1.09043582872,0.0,0.27894,0.27894,3.3798245,0.94276824603,0.08576263506125277,0.28980656402220784,0.8645793004955289,
557,2026-09-15T18:36:07.664,1112.228,7.7114,6.03623,0.180656,1.09048116688,0.0,0.27894,0.27894,3.37981762,0.9427663269228,0.08591916075915561,0.29033559287241106,0.8645415946248478,
558,2026-09-15T18:36:09.588,1114.152,7.7114,6.03658,0.180651,1.0905142135800001,0.0,0.27895,0.27895,3.37982033,0.9428008810534999,0.08606824644692672,0.2908394755088444,0.8645470818380453,
559,2026-09-15T18:36:11.646,1116.21,7.7114,6.03612,0.180658,1.0904733669600002,0.0,0.27894,0.27894,3.37982663,0.9427688401722001,0.0862276644187265,0.2913782801130583,0.8645500832362666,
560,2026-09-15T18:36:13.641,1118.206,7.7114,6.03611,0.18066,1.0904836325999998,0.0,0.27894,0.27894,3.37983804,0.9427720228776001,0.08638229494220151,0.2919009053562771,0.8645448631170957,
561,2026-09-15T18:36:15.642,1120.206,7.7114,6.03612,0.180658,1.0904733669600002,0.0,0.27894,0.27894,3.37983384,0.9427708513296,0.08653728577216202,0.29242474893374804,0.8645519275338541,
562,2026-09-15T18:36:17.664,1122.228,7.7114,6.03634,0.18065,1.090464821,0.0,0.27894,0.27894,3.37983052,0.9427699252488001,0.08669393579649264,0.29295419972697845,0.8645578537639043,
563,2026-09-15T18:36:19.596,1124.161,7.7114,6.03629,0.180659,1.0905101151099998,0.0,0.27896,0.27896,3.37983265,0.9428381160439999,0.0868437143869665,0.2934604261378245,0.8645844756322097,
564,2026-09-15T18:36:21.596,1126.16,7.7114,6.03621,0.180658,1.0904896261800001,0.0,0.27894,0.27894,3.37983445,0.9427710214830001,0.08699865208104254,0.29398408975441737,0.8645391930829638,
565,2026-09-15T18:36:23.665,1128.229,7.7114,6.03622,0.180657,1.09048539654,0.0,0.27894,0.27894,3.37983508,0.9427711972152001,0.08715894124890766,0.2945258406564208,0.8645427075011897,
566,2026-09-15T18:36:25.641,1130.205,7.7114,6.03618,0.18066,1.0904962787999999,0.0,0.27895,0.27895,3.37984199,0.9428069231105,0.08731205662610003,0.29504334590856607,0.8645668412073632,
567,2026-09-15T18:36:27.589,1132.153,7.7114,6.03619,0.180663,1.09051619397,0.0,0.27895,0.27895,3.37984199,0.9428069231105,0.08746302238254615,0.2955535863112548,0.864551052358271,
568,2026-09-15T18:36:29.682,1134.246,7.7114,6.03624,0.180649,1.0904407197600001,0.0,0.27894,0.27894,3.3798321,0.942770365974,0.0876251711510738,0.29610162272594,0.8645773666463028,
569,2026-09-15T18:36:31.702,1136.266,7.7114,6.03636,0.180661,1.09053483396,0.0,0.27897,0.27897,3.37984771,0.9428761156587,0.0877816794758012,0.2966305958073841,0.8645997232705397,
570,2026-09-15T18:36:33.614,1138.178,7.7114,6.03611,0.180659,1.09047759649,0.0,0.27895,0.27895,3.3798468,0.9428082648599999,0.08792988408120574,0.2971315047361414,0.8645828835866833,
571,2026-09-15T18:36:35.662,1140.226,7.7114,6.03604,0.180659,1.09046495036,0.0,0.27896,0.27896,3.3798513,0.942843318648,0.08808854506844581,0.29766775492314324,0.8646250558871562,
572,2026-09-15T18:36:37.608,1142.172,7.7114,6.03623,0.180658,1.09049323934,0.0,0.27894,0.27894,3.37985489,0.9427767230166,0.08823936639415524,0.2981775088476245,0.8645415569813137,
573,2026-09-15T18:36:39.588,1144.152,7.7114,6.03639,0.180647,1.09045574433,0.0,0.27892,0.27892,3.37985522,0.9427092179624,0.08839280118983886,0.29869609621742776,0.8645093786374809,
574,2026-09-15T18:36:41.647,1146.211,7.7114,6.03619,0.18066,1.0904980854,0.0,0.27896,0.27896,3.37986243,0.9428464234728,0.08855232579635682,0.29923526686661334,0.8646016312141983,
575,2026-09-15T18:36:43.665,1148.229,7.7114,6.03627,0.180658,1.0905004656600001,0.0,0.27895,0.27895,3.37986813,0.9428142148634999,0.08870864049027266,0.2997635894733253,0.8645702084069111,
576,2026-09-15T18:36:45.648,1150.212,7.7114,6.03617,0.180662,1.09050654454,0.0,0.27896,0.27896,3.37986277,0.9428465183192,0.0888623141678095,0.3002829858265992,0.8645950114099624,
577,2026-09-15T18:36:47.692,1152.256,7.7114,6.03633,0.180653,1.09048112349,0.0,0.27892,0.27892,3.37986995,0.942713326454,0.08902070923270783,0.3008183399779983,0.864493026194639,
578,2026-09-15T18:36:49.680,1154.244,7.7114,6.03626,0.18066,1.0905107316,0.0,0.27895,0.27895,3.37986724,0.9428139665979999,0.08917475537624493,0.30133899570070893,0.8645618417846296,
579,2026-09-15T18:36:51.635,1156.199,7.7114,6.0362,0.180657,1.0904817834,0.0,0.27893,0.27893,3.37986547,0.9427458755471,0.08932625017661387,0.3018510278794382,0.8645223514029955,
580,2026-09-15T18:36:53.620,1158.184,7.7114,6.03633,0.18066,1.0905233778,0.0,0.27896,0.27896,3.37986727,0.9428477736392,0.0894800215952986,0.3023707547261253,0.8645828166850326,
581,2026-09-15T18:36:55.654,1160.218,7.7114,6.03618,0.18066,1.0904962787999999,0.0,0.27895,0.27895,3.37987238,0.942815400401,0.08963765577207143,0.3029035377235813,0.8645746149986772,
582,2026-09-15T18:36:57.584,1162.148,7.7114,6.03617,0.18066,1.0904944722,0.0,0.27896,0.27896,3.37986937,0.9428483594552,0.08978719268555278,0.3034089531821903,0.864606271275329,
583,2026-09-15T18:36:59.624,1164.188,7.7114,6.03616,0.180659,1.09048662944,0.0,0.27894,0.27894,3.37987329,0.9427818555126001,0.08994527565543024,0.30394325327982924,0.8645515039434725,
584,2026-09-15T18:37:01.702,1166.266,7.7114,6.03623,0.180661,1.09051134803,0.0,0.27896,0.27896,3.37987749,0.9428506246104,0.09010625141519475,0.30448733128865596,0.8645949685105544,
585,2026-09-15T18:37:03.644,1168.208,7.7114,6.0361,0.180665,1.0905120065,0.0,0.27895,0.27895,3.37987122,0.9428150768189999,0.09025672376446593,0.3049959089231027,0.8645618491124791,
586,2026-09-15T18:37:05.640,1170.204,7.7114,6.03613,0.180658,1.09047517354,0.0,0.27896,0.27896,3.37988081,0.9428515507576,0.0904114429855721,0.3055188407075922,0.8646244991500625,
587,2026-09-15T18:37:07.656,1172.22,7.7114,6.03628,0.180659,1.0905083085199998,0.0,0.27894,0.27894,3.37987932,0.9427835375208001,0.09056760815616881,0.3060466602545435,0.8645358592455965,
588,2026-09-15T18:37:09.685,1174.249,7.7114,6.03619,0.18066,1.0904980854,0.0,0.27894,0.27894,3.37988321,0.9427846225974,0.09072488125356867,0.30657822464993384,0.8645449590602281,
589,2026-09-15T18:37:11.599,1176.163,7.7114,6.03606,0.180657,1.0904564914200001,0.0,0.27893,0.27893,3.37988534,0.9427514178862,0.09087315426528984,0.3070793702706543,0.8645474856667985,
590,2026-09-15T18:37:13.608,1178.172,7.7114,6.03613,0.180659,1.0904812096699998,0.0,0.27895,0.27895,3.37988954,0.942820187183,0.09102883252987598,0.30760554528182166,0.8645909519782694,
591,2026-09-15T18:37:15.639,1180.203,7.7114,6.03627,0.180664,1.0905366832799999,0.0,0.27896,0.27896,3.37988805,0.9428535704279999,0.09118619797715877,0.3081374229938108,0.8645775835730583,
592,2026-09-15T18:37:17.659,1182.223,7.7114,6.03623,0.180651,1.09045098573,0.0,0.27893,0.27893,3.37989133,0.9427530886769,0.09134269298779038,0.30866635886676724,0.8645533829709696,
593,2026-09-15T18:37:19.601,1184.165,7.7114,6.03637,0.18066,1.0905306041999998,0.0,0.27896,0.27896,3.37989586,0.9428557491056,0.09149315754132371,0.3091749130475474,0.864584400909379,
594,2026-09-15T18:37:21.594,1186.158,7.7114,6.03635,0.180656,1.0905028456,0.0,0.27894,0.27894,3.37990274,0.9427900702956,0.09164758658721944,0.309696867671651,0.8645461807821989,
595,2026-09-15T18:37:23.661,1188.225,7.7114,6.03629,0.180661,1.09052218769,0.0,0.27895,0.27895,3.37990095,0.9428233700024999,0.09180778080951109,0.3102383084191303,0.8645613822857073,
596,2026-09-15T18:37:25.569,1190.133,7.7114,6.03627,0.180659,1.09050650193,0.0,0.27894,0.27894,3.37990728,0.9427913366832,0.0919556436796864,0.31073807074248316,0.864544443352359,
597,2026-09-15T18:37:27.666,1192.23,7.7114,6.03632,0.180653,1.09047931696,0.0,0.27895,0.27895,3.37989644,0.9428221119379999,0.0921180734346721,0.3112870673734629,0.8645942176751837,
598,2026-09-15T18:37:29.598,1194.162,7.7114,6.03606,0.180659,1.09046856354,0.0,0.27896,0.27896,3.37990277,0.9428576767192,0.0922678240422282,0.3117932093927988,0.8646353579037536,
599,2026-09-15T18:37:31.604,1196.168,7.7114,6.03626,0.180651,1.09045640526,0.0,0.27894,0.27894,3.37990578,0.9427909182732,0.09242322142804399,0.312318437681433,0.8645837776966501,
600,2026-09-15T18:37:33.651,1198.215,7.7114,6.03631,0.180661,1.09052580091,0.0,0.27894,0.27894,3.37991479,0.9427934315226001,0.09258186449922656,0.312854637029367,0.8645310644973982,
601,2026-09-15T18:37:35.663,1200.227,7.7114,6.03624,0.180661,1.09051315464,0.0,0.27894,0.27894,3.37990611,0.9427910103234001,0.09273773285578027,0.3133814581165072,0.864538869899863,
602,2026-09-15T18:37:37.655,1202.219,7.7114,6.03624,0.180659,1.0905010821599999,0.0,0.27895,0.27895,3.3799112,0.9428262292399999,0.09289212081897856,0.313903275329556,0.8645807369328837,
603,2026-09-15T18:37:39.577,1204.141,7.7114,6.03625,0.180663,1.09052703375,0.0,0.27894,0.27894,3.37991902,0.9427946114388001,0.09304103494059346,0.3144065924192841,0.8645311691144494,
604,2026-09-15T18:37:41.608,1206.172,7.7114,6.03624,0.180651,1.09045279224,0.0,0.27892,0.27892,3.37991811,0.9427267592412001,0.09319840706665948,0.31493849738979074,0.8645278052841313,
605,2026-09-15T18:37:43.603,1208.167,7.7114,6.03637,0.180663,1.0905487133099998,0.0,0.27894,0.27894,3.3799244,0.9427961121360001,0.09335296402976548,0.31546088775451836,0.8645153587632546,
606,2026-09-15T18:37:45.622,1210.186,7.7114,6.03651,0.180664,1.0905800426399999,0.0,0.27896,0.27896,3.37992443,0.9428637189928,0.09350941590036255,0.3159896832517219,0.8645525152930374,
607,2026-09-15T18:37:47.575,1212.139,7.7114,6.03641,0.180657,1.09051972137,0.0,0.27894,0.27894,3.37991965,0.9427947871710001,0.09366075653382441,0.3165012027943202,0.8645371272942999,
608,2026-09-15T18:37:49.665,1214.229,7.7114,6.03646,0.180659,1.09054082714,0.0,0.27895,0.27895,3.37992924,0.9428312614979999,0.09382264362101225,0.31704836891765015,0.864553841574757,
609,2026-09-15T18:37:51.685,1216.249,7.7114,6.03642,0.180648,1.09046720016,0.0,0.27892,0.27892,3.37992206,0.9427278609752,0.09397918354542224,0.31757746222344274,0.8645173929457733,
610,2026-09-15T18:37:53.653,1218.217,7.7114,6.03623,0.180652,1.09045702196,0.0,0.27892,0.27892,3.37992178,0.9427277828776001,0.09413167846392759,0.3180928831411876,0.864525390632205,
611,2026-09-15T18:37:55.624,1220.188,7.7114,6.03621,0.180648,1.09042926408,0.0,0.27892,0.27892,3.37992836,0.9427296181712,0.09428436475382085,0.31860895136024314,0.8645490810140585,
612,2026-09-15T18:37:57.654,1222.218,7.7114,6.03631,0.180651,1.09046543781,0.0,0.27892,0.27892,3.37993079,0.9427302959468,0.09444164907380709,0.31914056128504836,0.8645210230964321,
613,2026-09-15T18:37:59.607,1224.171,7.7114,6.03647,0.180654,1.09051245138,0.0,0.27894,0.27894,3.37993435,0.9427988875890001,0.09459300015567643,0.3196521177361729,0.8645466508850272,
