Panel curve /home/ian/src/embedded-mcp/Logs/bench/panel-iv-2026-08-24_145423.json: Voc 7.711 V, Isc 0.1935 A, MPP 1.0981 W @ 6.249 V / 0.1757 A (140 points) -- CH1 follows this curve (alpha 0.4, tick 0.0 s)
DMM: Keysight Technologies,34461A,MY53222530,A.02.14-02.40-02.14-00.49-01-01
Resting V_bat: 0.0176 V
NOTE: resting V_bat 0.0176 V is below 2.5 V (protection latched / deeply discharged) -- proceeding; the charger is expected to recover it.
CH2 series ammeter: 0.000 V source, range 3.0 A, compliance +/-3.0 A | CH1 solar: curve follower from Voc 7.711 V, +0.2128/-0.01 A
CH1 on: 7.72377 V (set 7.7114 V; sag under load is panel behavior)
waiting 3.0 s for the board to boot from solar...
CH2 on: 0.0 V across the ammeter (0 near-zero = healthy loop; boot-loop transients are expected and bounded by compliance)
========================================================================
FIRST SAMPLE: i_chg = +0.3475 A (i2_raw +0.3475 A, --sign +1) -- if this is negative while the battery is charging, rerun with --sign -1
========================================================================
[0:00:00] #1 V_bat=2.6437 V i_chg=+0.3475 A P_in=1.306 W Ah=0.0000 Wh=0.0000 eff=70.3% flags=-
[0:00:28] #15 V_bat=2.6922 V i_chg=+0.2710 A P_in=1.096 W Ah=0.0022 Wh=0.0058 eff=66.6% flags=-
[0:00:58] #30 V_bat=2.7308 V i_chg=+0.2698 A P_in=1.096 W Ah=0.0044 Wh=0.0119 eff=67.2% flags=-
[0:01:28] #45 V_bat=2.7637 V i_chg=+0.2827 A P_in=1.096 W Ah=0.0068 Wh=0.0183 eff=71.3% flags=-
[0:01:58] #60 V_bat=2.7883 V i_chg=+0.2806 A P_in=1.096 W Ah=0.0091 Wh=0.0249 eff=71.4% flags=-
[0:02:28] #75 V_bat=2.8094 V i_chg=+0.2789 A P_in=1.096 W Ah=0.0114 Wh=0.0314 eff=71.5% flags=-
[0:02:58] #90 V_bat=2.8280 V i_chg=+0.2774 A P_in=1.096 W Ah=0.0138 Wh=0.0379 eff=71.6% flags=-
[0:03:28] #105 V_bat=2.8450 V i_chg=+0.2761 A P_in=1.096 W Ah=0.0161 Wh=0.0444 eff=71.7% flags=-
[0:03:58] #120 V_bat=2.8605 V i_chg=+0.2749 A P_in=1.096 W Ah=0.0184 Wh=0.0510 eff=71.8% flags=-
[0:04:28] #135 V_bat=2.8750 V i_chg=+0.2737 A P_in=1.096 W Ah=0.0206 Wh=0.0575 eff=71.8% flags=-
[0:04:58] #150 V_bat=2.8885 V i_chg=+0.2727 A P_in=1.096 W Ah=0.0229 Wh=0.0641 eff=71.9% flags=-
[0:05:28] #165 V_bat=2.9011 V i_chg=+0.2717 A P_in=1.096 W Ah=0.0252 Wh=0.0707 eff=71.9% flags=-
[0:05:58] #180 V_bat=2.9130 V i_chg=+0.2708 A P_in=1.096 W Ah=0.0274 Wh=0.0772 eff=72.0% flags=-
[0:06:28] #195 V_bat=2.9242 V i_chg=+0.2699 A P_in=1.096 W Ah=0.0297 Wh=0.0838 eff=72.0% flags=-
[0:06:58] #210 V_bat=2.9347 V i_chg=+0.2691 A P_in=1.096 W Ah=0.0320 Wh=0.0904 eff=72.1% flags=-
[0:07:28] #225 V_bat=2.9448 V i_chg=+0.2684 A P_in=1.096 W Ah=0.0342 Wh=0.0970 eff=72.1% flags=-
[0:07:58] #240 V_bat=2.9543 V i_chg=+0.2677 A P_in=1.096 W Ah=0.0364 Wh=0.1036 eff=72.2% flags=-
[0:08:28] #255 V_bat=2.9635 V i_chg=+0.2670 A P_in=1.096 W Ah=0.0386 Wh=0.1102 eff=72.2% flags=-
[0:08:58] #270 V_bat=2.9722 V i_chg=+0.2663 A P_in=1.096 W Ah=0.0409 Wh=0.1168 eff=72.3% flags=-
[0:09:28] #285 V_bat=2.9806 V i_chg=+0.2657 A P_in=1.096 W Ah=0.0431 Wh=0.1234 eff=72.3% flags=-
[0:09:58] #300 V_bat=2.9886 V i_chg=+0.2651 A P_in=1.096 W Ah=0.0453 Wh=0.1300 eff=72.3% flags=-
[0:10:00] CC->CV transition ESTIMATE (heuristic: i_chg below 90% of its max after 10 min): i_chg 0.2651 A, V_bat 2.9891 V
[0:10:00] #301 V_bat=2.9891 V i_chg=+0.2651 A P_in=1.096 W Ah=0.0454 Wh=0.1304 eff=72.3% flags=CC_TO_CV_EST
[0:10:28] #315 V_bat=2.9962 V i_chg=+0.2645 A P_in=1.096 W Ah=0.0475 Wh=0.1366 eff=72.3% flags=-
[0:10:58] #330 V_bat=3.0036 V i_chg=+0.2640 A P_in=1.096 W Ah=0.0497 Wh=0.1432 eff=72.4% flags=-
[0:11:28] #345 V_bat=3.0107 V i_chg=+0.2635 A P_in=1.096 W Ah=0.0519 Wh=0.1498 eff=72.4% flags=-
[0:11:58] #360 V_bat=3.0176 V i_chg=+0.2630 A P_in=1.096 W Ah=0.0541 Wh=0.1564 eff=72.4% flags=-
[0:12:28] #375 V_bat=3.0243 V i_chg=+0.2626 A P_in=1.096 W Ah=0.0563 Wh=0.1630 eff=72.5% flags=-
[0:12:58] #390 V_bat=3.0307 V i_chg=+0.2621 A P_in=1.096 W Ah=0.0585 Wh=0.1696 eff=72.5% flags=-
[0:13:28] #405 V_bat=3.0369 V i_chg=+0.2616 A P_in=1.096 W Ah=0.0607 Wh=0.1763 eff=72.5% flags=-
[0:13:58] #420 V_bat=3.0429 V i_chg=+0.2612 A P_in=1.096 W Ah=0.0628 Wh=0.1829 eff=72.6% flags=-
[0:14:28] #435 V_bat=3.0488 V i_chg=+0.2608 A P_in=1.096 W Ah=0.0650 Wh=0.1895 eff=72.6% flags=-
[0:14:58] #450 V_bat=3.0545 V i_chg=+0.2604 A P_in=1.095 W Ah=0.0672 Wh=0.1961 eff=72.6% flags=-
[0:15:28] #465 V_bat=3.0599 V i_chg=+0.2600 A P_in=1.096 W Ah=0.0694 Wh=0.2027 eff=72.6% flags=-
[0:15:58] #480 V_bat=3.0653 V i_chg=+0.2596 A P_in=1.095 W Ah=0.0715 Wh=0.2094 eff=72.6% flags=-
[0:16:28] #495 V_bat=3.0704 V i_chg=+0.2593 A P_in=1.095 W Ah=0.0737 Wh=0.2160 eff=72.7% flags=-
[0:16:58] #510 V_bat=3.0755 V i_chg=+0.2589 A P_in=1.096 W Ah=0.0758 Wh=0.2226 eff=72.7% flags=-
[0:17:28] #525 V_bat=3.0804 V i_chg=+0.2586 A P_in=1.096 W Ah=0.0780 Wh=0.2293 eff=72.7% flags=-
[0:17:58] #540 V_bat=3.0852 V i_chg=+0.2583 A P_in=1.095 W Ah=0.0801 Wh=0.2359 eff=72.7% flags=-
[0:18:28] #555 V_bat=3.0898 V i_chg=+0.2579 A P_in=1.096 W Ah=0.0823 Wh=0.2426 eff=72.8% flags=-
[0:18:58] #570 V_bat=3.0944 V i_chg=+0.2576 A P_in=1.096 W Ah=0.0844 Wh=0.2492 eff=72.8% flags=-
[0:19:28] #585 V_bat=3.0988 V i_chg=+0.2573 A P_in=1.096 W Ah=0.0866 Wh=0.2558 eff=72.8% flags=-
[0:19:58] #600 V_bat=3.1032 V i_chg=+0.2570 A P_in=1.095 W Ah=0.0887 Wh=0.2625 eff=72.8% flags=-
[0:20:28] #615 V_bat=3.1074 V i_chg=+0.2567 A P_in=1.096 W Ah=0.0909 Wh=0.2691 eff=72.8% flags=-
[0:20:58] #630 V_bat=3.1116 V i_chg=+0.2565 A P_in=1.095 W Ah=0.0930 Wh=0.2758 eff=72.8% flags=-
[0:21:28] #645 V_bat=3.1157 V i_chg=+0.2562 A P_in=1.095 W Ah=0.0952 Wh=0.2824 eff=72.9% flags=-
[0:21:58] #660 V_bat=3.1197 V i_chg=+0.2559 A P_in=1.096 W Ah=0.0973 Wh=0.2891 eff=72.9% flags=-
[0:22:28] #675 V_bat=3.1236 V i_chg=+0.2556 A P_in=1.096 W Ah=0.0994 Wh=0.2958 eff=72.9% flags=-
[0:22:58] #690 V_bat=3.1274 V i_chg=+0.2554 A P_in=1.095 W Ah=0.1015 Wh=0.3024 eff=72.9% flags=-
[0:23:28] #705 V_bat=3.1311 V i_chg=+0.2551 A P_in=1.096 W Ah=0.1037 Wh=0.3091 eff=72.9% flags=-
[0:23:58] #720 V_bat=3.1348 V i_chg=+0.2549 A P_in=1.096 W Ah=0.1058 Wh=0.3157 eff=72.9% flags=-
[0:24:28] #735 V_bat=3.1384 V i_chg=+0.2546 A P_in=1.095 W Ah=0.1079 Wh=0.3224 eff=73.0% flags=-
[0:24:58] #750 V_bat=3.1420 V i_chg=+0.2544 A P_in=1.096 W Ah=0.1100 Wh=0.3290 eff=73.0% flags=-
[0:25:28] #765 V_bat=3.1455 V i_chg=+0.2542 A P_in=1.096 W Ah=0.1122 Wh=0.3357 eff=73.0% flags=-
[0:25:58] #780 V_bat=3.1489 V i_chg=+0.2540 A P_in=1.096 W Ah=0.1143 Wh=0.3424 eff=73.0% flags=-
[0:26:28] #795 V_bat=3.1522 V i_chg=+0.2537 A P_in=1.095 W Ah=0.1164 Wh=0.3490 eff=73.0% flags=-
[0:26:58] #810 V_bat=3.1556 V i_chg=+0.2535 A P_in=1.095 W Ah=0.1185 Wh=0.3557 eff=73.0% flags=-
[0:27:28] #825 V_bat=3.1588 V i_chg=+0.2533 A P_in=1.096 W Ah=0.1206 Wh=0.3624 eff=73.0% flags=-
[0:27:58] #840 V_bat=3.1620 V i_chg=+0.2531 A P_in=1.096 W Ah=0.1227 Wh=0.3690 eff=73.0% flags=-
[0:28:28] #855 V_bat=3.1651 V i_chg=+0.2529 A P_in=1.096 W Ah=0.1248 Wh=0.3757 eff=73.1% flags=-
[0:28:58] #870 V_bat=3.1682 V i_chg=+0.2527 A P_in=1.096 W Ah=0.1269 Wh=0.3824 eff=73.1% flags=-
[0:29:28] #885 V_bat=3.1713 V i_chg=+0.2525 A P_in=1.095 W Ah=0.1291 Wh=0.3890 eff=73.1% flags=-
[0:29:58] #900 V_bat=3.1743 V i_chg=+0.2522 A P_in=1.096 W Ah=0.1312 Wh=0.3957 eff=73.1% flags=-
[0:30:28] #915 V_bat=3.1772 V i_chg=+0.2521 A P_in=1.096 W Ah=0.1333 Wh=0.4024 eff=73.1% flags=-
[0:30:58] #930 V_bat=3.1801 V i_chg=+0.2519 A P_in=1.095 W Ah=0.1353 Wh=0.4090 eff=73.1% flags=-
[0:31:28] #945 V_bat=3.1830 V i_chg=+0.2517 A P_in=1.095 W Ah=0.1375 Wh=0.4157 eff=73.1% flags=-
[0:31:58] #960 V_bat=3.1858 V i_chg=+0.2515 A P_in=1.095 W Ah=0.1395 Wh=0.4224 eff=73.1% flags=-
[0:32:28] #975 V_bat=3.1886 V i_chg=+0.2513 A P_in=1.095 W Ah=0.1416 Wh=0.4291 eff=73.1% flags=-
[0:32:58] #990 V_bat=3.1913 V i_chg=+0.2511 A P_in=1.095 W Ah=0.1437 Wh=0.4358 eff=73.2% flags=-
[0:33:28] #1005 V_bat=3.1940 V i_chg=+0.2510 A P_in=1.095 W Ah=0.1458 Wh=0.4425 eff=73.2% flags=-
[0:33:58] #1020 V_bat=3.1967 V i_chg=+0.2508 A P_in=1.095 W Ah=0.1479 Wh=0.4491 eff=73.2% flags=-
[0:34:28] #1035 V_bat=3.1993 V i_chg=+0.2506 A P_in=1.096 W Ah=0.1500 Wh=0.4558 eff=73.2% flags=-
[0:34:58] #1050 V_bat=3.2018 V i_chg=+0.2505 A P_in=1.095 W Ah=0.1521 Wh=0.4625 eff=73.2% flags=-
[0:35:28] #1065 V_bat=3.2044 V i_chg=+0.2503 A P_in=1.095 W Ah=0.1542 Wh=0.4692 eff=73.2% flags=-
[0:35:58] #1080 V_bat=3.2069 V i_chg=+0.2501 A P_in=1.095 W Ah=0.1563 Wh=0.4759 eff=73.2% flags=-
[0:36:28] #1095 V_bat=3.2094 V i_chg=+0.2500 A P_in=1.096 W Ah=0.1584 Wh=0.4826 eff=73.2% flags=-
[0:36:58] #1110 V_bat=3.2118 V i_chg=+0.2498 A P_in=1.095 W Ah=0.1604 Wh=0.4892 eff=73.2% flags=-
[0:37:28] #1125 V_bat=3.2142 V i_chg=+0.2497 A P_in=1.096 W Ah=0.1625 Wh=0.4959 eff=73.2% flags=-
[0:37:58] #1140 V_bat=3.2166 V i_chg=+0.2495 A P_in=1.095 W Ah=0.1646 Wh=0.5026 eff=73.3% flags=-
[0:38:28] #1155 V_bat=3.2189 V i_chg=+0.2493 A P_in=1.095 W Ah=0.1667 Wh=0.5093 eff=73.3% flags=-
[0:38:58] #1170 V_bat=3.2212 V i_chg=+0.2492 A P_in=1.095 W Ah=0.1688 Wh=0.5160 eff=73.3% flags=-
[0:39:28] #1185 V_bat=3.2234 V i_chg=+0.2490 A P_in=1.095 W Ah=0.1708 Wh=0.5227 eff=73.3% flags=-
[0:39:58] #1200 V_bat=3.2256 V i_chg=+0.2489 A P_in=1.095 W Ah=0.1729 Wh=0.5294 eff=73.3% flags=-
[0:40:28] #1215 V_bat=3.2278 V i_chg=+0.2487 A P_in=1.095 W Ah=0.1750 Wh=0.5360 eff=73.3% flags=-
[0:40:58] #1230 V_bat=3.2300 V i_chg=+0.2486 A P_in=1.095 W Ah=0.1770 Wh=0.5427 eff=73.3% flags=-
[0:41:28] #1245 V_bat=3.2321 V i_chg=+0.2485 A P_in=1.095 W Ah=0.1791 Wh=0.5494 eff=73.3% flags=-
[0:41:58] #1260 V_bat=3.2342 V i_chg=+0.2484 A P_in=1.095 W Ah=0.1812 Wh=0.5561 eff=73.3% flags=-
[0:42:28] #1275 V_bat=3.2363 V i_chg=+0.2482 A P_in=1.095 W Ah=0.1833 Wh=0.5628 eff=73.3% flags=-
[0:42:58] #1290 V_bat=3.2383 V i_chg=+0.2481 A P_in=1.095 W Ah=0.1853 Wh=0.5695 eff=73.3% flags=-
[0:43:28] #1305 V_bat=3.2403 V i_chg=+0.2480 A P_in=1.095 W Ah=0.1874 Wh=0.5762 eff=73.3% flags=-
[0:43:58] #1320 V_bat=3.2423 V i_chg=+0.2478 A P_in=1.095 W Ah=0.1895 Wh=0.5829 eff=73.4% flags=-
[0:44:28] #1335 V_bat=3.2442 V i_chg=+0.2477 A P_in=1.095 W Ah=0.1915 Wh=0.5896 eff=73.4% flags=-
[0:44:58] #1350 V_bat=3.2461 V i_chg=+0.2476 A P_in=1.095 W Ah=0.1936 Wh=0.5963 eff=73.4% flags=-
[0:45:28] #1365 V_bat=3.2479 V i_chg=+0.2475 A P_in=1.095 W Ah=0.1957 Wh=0.6030 eff=73.4% flags=-
[0:45:58] #1380 V_bat=3.2497 V i_chg=+0.2474 A P_in=1.095 W Ah=0.1977 Wh=0.6097 eff=73.4% flags=-
[0:46:28] #1395 V_bat=3.2514 V i_chg=+0.2472 A P_in=1.095 W Ah=0.1998 Wh=0.6164 eff=73.4% flags=-
[0:46:58] #1410 V_bat=3.2531 V i_chg=+0.2472 A P_in=1.095 W Ah=0.2018 Wh=0.6231 eff=73.4% flags=-
[0:47:28] #1425 V_bat=3.2547 V i_chg=+0.2470 A P_in=1.095 W Ah=0.2039 Wh=0.6298 eff=73.4% flags=-
[0:47:58] #1440 V_bat=3.2563 V i_chg=+0.2469 A P_in=1.095 W Ah=0.2059 Wh=0.6365 eff=73.4% flags=-
[0:48:28] #1455 V_bat=3.2578 V i_chg=+0.2468 A P_in=1.095 W Ah=0.2080 Wh=0.6432 eff=73.4% flags=-
[0:48:58] #1470 V_bat=3.2592 V i_chg=+0.2467 A P_in=1.095 W Ah=0.2101 Wh=0.6499 eff=73.4% flags=-
[0:49:28] #1485 V_bat=3.2605 V i_chg=+0.2467 A P_in=1.095 W Ah=0.2121 Wh=0.6566 eff=73.4% flags=-
[0:49:58] #1500 V_bat=3.2617 V i_chg=+0.2466 A P_in=1.095 W Ah=0.2142 Wh=0.6633 eff=73.4% flags=-
[0:50:28] #1515 V_bat=3.2628 V i_chg=+0.2465 A P_in=1.095 W Ah=0.2162 Wh=0.6700 eff=73.4% flags=-
[0:50:58] #1530 V_bat=3.2638 V i_chg=+0.2465 A P_in=1.095 W Ah=0.2183 Wh=0.6767 eff=73.4% flags=-
[0:51:28] #1545 V_bat=3.2646 V i_chg=+0.2464 A P_in=1.095 W Ah=0.2203 Wh=0.6834 eff=73.4% flags=-
[0:51:58] #1560 V_bat=3.2654 V i_chg=+0.2464 A P_in=1.095 W Ah=0.2224 Wh=0.6901 eff=73.4% flags=-
[0:52:28] #1575 V_bat=3.2660 V i_chg=+0.2463 A P_in=1.095 W Ah=0.2244 Wh=0.6968 eff=73.4% flags=-
[0:52:58] #1590 V_bat=3.2665 V i_chg=+0.2463 A P_in=1.095 W Ah=0.2265 Wh=0.7035 eff=73.4% flags=-
[0:53:28] #1605 V_bat=3.2670 V i_chg=+0.2463 A P_in=1.095 W Ah=0.2286 Wh=0.7102 eff=73.4% flags=-
[0:53:58] #1620 V_bat=3.2674 V i_chg=+0.2463 A P_in=1.095 W Ah=0.2306 Wh=0.7169 eff=73.5% flags=-
[0:54:28] #1635 V_bat=3.2678 V i_chg=+0.2462 A P_in=1.095 W Ah=0.2327 Wh=0.7237 eff=73.5% flags=-
[0:54:58] #1650 V_bat=3.2681 V i_chg=+0.2462 A P_in=1.095 W Ah=0.2347 Wh=0.7303 eff=73.5% flags=-
[0:55:28] #1665 V_bat=3.2684 V i_chg=+0.2462 A P_in=1.095 W Ah=0.2368 Wh=0.7370 eff=73.5% flags=-
[0:55:58] #1680 V_bat=3.2686 V i_chg=+0.2462 A P_in=1.095 W Ah=0.2388 Wh=0.7437 eff=73.5% flags=-
[0:56:28] #1695 V_bat=3.2688 V i_chg=+0.2462 A P_in=1.095 W Ah=0.2409 Wh=0.7505 eff=73.5% flags=-
[0:56:58] #1710 V_bat=3.2690 V i_chg=+0.2462 A P_in=1.095 W Ah=0.2429 Wh=0.7572 eff=73.5% flags=-
[0:57:28] #1725 V_bat=3.2692 V i_chg=+0.2461 A P_in=1.095 W Ah=0.2450 Wh=0.7639 eff=73.4% flags=-
[0:57:58] #1740 V_bat=3.2694 V i_chg=+0.2461 A P_in=1.095 W Ah=0.2470 Wh=0.7706 eff=73.5% flags=-
[0:58:28] #1755 V_bat=3.2695 V i_chg=+0.2461 A P_in=1.095 W Ah=0.2491 Wh=0.7773 eff=73.5% flags=-
[0:58:58] #1770 V_bat=3.2697 V i_chg=+0.2461 A P_in=1.095 W Ah=0.2511 Wh=0.7840 eff=73.5% flags=-
[0:59:28] #1785 V_bat=3.2698 V i_chg=+0.2461 A P_in=1.095 W Ah=0.2532 Wh=0.7907 eff=73.5% flags=-
[0:59:58] #1800 V_bat=3.2699 V i_chg=+0.2461 A P_in=1.095 W Ah=0.2552 Wh=0.7974 eff=73.5% flags=-
[1:00:28] #1815 V_bat=3.2701 V i_chg=+0.2461 A P_in=1.095 W Ah=0.2573 Wh=0.8041 eff=73.5% flags=-
[1:00:58] #1830 V_bat=3.2702 V i_chg=+0.2461 A P_in=1.095 W Ah=0.2593 Wh=0.8108 eff=73.5% flags=-
[1:01:28] #1845 V_bat=3.2703 V i_chg=+0.2461 A P_in=1.095 W Ah=0.2614 Wh=0.8175 eff=73.5% flags=-
[1:01:58] #1860 V_bat=3.2704 V i_chg=+0.2460 A P_in=1.095 W Ah=0.2634 Wh=0.8242 eff=73.5% flags=-
[1:02:28] #1875 V_bat=3.2705 V i_chg=+0.2461 A P_in=1.095 W Ah=0.2655 Wh=0.8309 eff=73.5% flags=-
[1:02:58] #1890 V_bat=3.2706 V i_chg=+0.2461 A P_in=1.095 W Ah=0.2675 Wh=0.8376 eff=73.5% flags=-
[1:03:28] #1905 V_bat=3.2708 V i_chg=+0.2460 A P_in=1.095 W Ah=0.2696 Wh=0.8443 eff=73.5% flags=-
[1:03:58] #1920 V_bat=3.2709 V i_chg=+0.2460 A P_in=1.095 W Ah=0.2716 Wh=0.8511 eff=73.5% flags=-
[1:04:28] #1935 V_bat=3.2710 V i_chg=+0.2460 A P_in=1.095 W Ah=0.2737 Wh=0.8578 eff=73.5% flags=-
[1:04:58] #1950 V_bat=3.2711 V i_chg=+0.2460 A P_in=1.095 W Ah=0.2757 Wh=0.8645 eff=73.5% flags=-
[1:05:28] #1965 V_bat=3.2712 V i_chg=+0.2460 A P_in=1.095 W Ah=0.2778 Wh=0.8712 eff=73.5% flags=-
[1:05:58] #1980 V_bat=3.2714 V i_chg=+0.2460 A P_in=1.095 W Ah=0.2798 Wh=0.8779 eff=73.5% flags=-
[1:06:28] #1995 V_bat=3.2715 V i_chg=+0.2460 A P_in=1.095 W Ah=0.2819 Wh=0.8846 eff=73.5% flags=-
[1:06:58] #2010 V_bat=3.2716 V i_chg=+0.2460 A P_in=1.095 W Ah=0.2839 Wh=0.8913 eff=73.5% flags=-
[1:07:28] #2025 V_bat=3.2718 V i_chg=+0.2460 A P_in=1.095 W Ah=0.2860 Wh=0.8980 eff=73.5% flags=-
[1:07:58] #2040 V_bat=3.2719 V i_chg=+0.2460 A P_in=1.095 W Ah=0.2880 Wh=0.9047 eff=73.5% flags=-
[1:08:28] #2055 V_bat=3.2720 V i_chg=+0.2460 A P_in=1.095 W Ah=0.2901 Wh=0.9114 eff=73.5% flags=-
[1:08:58] #2070 V_bat=3.2721 V i_chg=+0.2460 A P_in=1.095 W Ah=0.2921 Wh=0.9181 eff=73.5% flags=-
[1:09:28] #2085 V_bat=3.2722 V i_chg=+0.2459 A P_in=1.095 W Ah=0.2942 Wh=0.9248 eff=73.5% flags=-
[1:09:58] #2100 V_bat=3.2723 V i_chg=+0.2460 A P_in=1.095 W Ah=0.2962 Wh=0.9315 eff=73.5% flags=-
[1:10:28] #2115 V_bat=3.2724 V i_chg=+0.2459 A P_in=1.095 W Ah=0.2983 Wh=0.9382 eff=73.5% flags=-
[1:10:58] #2130 V_bat=3.2726 V i_chg=+0.2459 A P_in=1.095 W Ah=0.3003 Wh=0.9449 eff=73.5% flags=-
[1:11:28] #2145 V_bat=3.2727 V i_chg=+0.2459 A P_in=1.095 W Ah=0.3024 Wh=0.9516 eff=73.5% flags=-
[1:11:58] #2160 V_bat=3.2728 V i_chg=+0.2459 A P_in=1.095 W Ah=0.3044 Wh=0.9583 eff=73.5% flags=-
[1:12:28] #2175 V_bat=3.2729 V i_chg=+0.2459 A P_in=1.095 W Ah=0.3065 Wh=0.9651 eff=73.5% flags=-
[1:12:58] #2190 V_bat=3.2730 V i_chg=+0.2459 A P_in=1.095 W Ah=0.3085 Wh=0.9718 eff=73.5% flags=-
[1:13:28] #2205 V_bat=3.2732 V i_chg=+0.2459 A P_in=1.095 W Ah=0.3106 Wh=0.9785 eff=73.5% flags=-
[1:13:58] #2220 V_bat=3.2733 V i_chg=+0.2459 A P_in=1.095 W Ah=0.3126 Wh=0.9852 eff=73.5% flags=-
[1:14:28] #2235 V_bat=3.2734 V i_chg=+0.2459 A P_in=1.095 W Ah=0.3147 Wh=0.9919 eff=73.5% flags=-
[1:14:58] #2250 V_bat=3.2735 V i_chg=+0.2459 A P_in=1.095 W Ah=0.3167 Wh=0.9986 eff=73.5% flags=-
[1:15:28] #2265 V_bat=3.2737 V i_chg=+0.2459 A P_in=1.095 W Ah=0.3188 Wh=1.0053 eff=73.5% flags=-
[1:15:58] #2280 V_bat=3.2738 V i_chg=+0.2459 A P_in=1.095 W Ah=0.3208 Wh=1.0120 eff=73.5% flags=-
[1:16:28] #2295 V_bat=3.2739 V i_chg=+0.2459 A P_in=1.095 W Ah=0.3229 Wh=1.0187 eff=73.5% flags=-
[1:16:58] #2310 V_bat=3.2741 V i_chg=+0.2459 A P_in=1.095 W Ah=0.3249 Wh=1.0254 eff=73.5% flags=-
[1:17:28] #2325 V_bat=3.2742 V i_chg=+0.2458 A P_in=1.095 W Ah=0.3270 Wh=1.0321 eff=73.5% flags=-
[1:17:58] #2340 V_bat=3.2744 V i_chg=+0.2458 A P_in=1.095 W Ah=0.3290 Wh=1.0388 eff=73.5% flags=-
[1:18:28] #2355 V_bat=3.2745 V i_chg=+0.2458 A P_in=1.095 W Ah=0.3311 Wh=1.0455 eff=73.5% flags=-
[1:18:58] #2370 V_bat=3.2747 V i_chg=+0.2458 A P_in=1.095 W Ah=0.3331 Wh=1.0523 eff=73.5% flags=-
[1:19:28] #2385 V_bat=3.2748 V i_chg=+0.2458 A P_in=1.095 W Ah=0.3351 Wh=1.0590 eff=73.5% flags=-
[1:19:58] #2400 V_bat=3.2750 V i_chg=+0.2458 A P_in=1.095 W Ah=0.3372 Wh=1.0657 eff=73.5% flags=-
[1:20:28] #2415 V_bat=3.2751 V i_chg=+0.2458 A P_in=1.095 W Ah=0.3392 Wh=1.0724 eff=73.5% flags=-
[1:20:58] #2430 V_bat=3.2753 V i_chg=+0.2458 A P_in=1.095 W Ah=0.3413 Wh=1.0791 eff=73.5% flags=-
[1:21:28] #2445 V_bat=3.2755 V i_chg=+0.2458 A P_in=1.095 W Ah=0.3433 Wh=1.0858 eff=73.5% flags=-
[1:21:58] #2460 V_bat=3.2756 V i_chg=+0.2458 A P_in=1.095 W Ah=0.3454 Wh=1.0925 eff=73.5% flags=-
[1:22:28] #2475 V_bat=3.2758 V i_chg=+0.2458 A P_in=1.095 W Ah=0.3474 Wh=1.0992 eff=73.5% flags=-
[1:22:58] #2490 V_bat=3.2759 V i_chg=+0.2457 A P_in=1.095 W Ah=0.3495 Wh=1.1059 eff=73.5% flags=-
[1:23:28] #2505 V_bat=3.2761 V i_chg=+0.2457 A P_in=1.095 W Ah=0.3515 Wh=1.1126 eff=73.5% flags=-
[1:23:58] #2520 V_bat=3.2763 V i_chg=+0.2457 A P_in=1.095 W Ah=0.3536 Wh=1.1193 eff=73.5% flags=-
[1:24:28] #2535 V_bat=3.2765 V i_chg=+0.2457 A P_in=1.096 W Ah=0.3556 Wh=1.1260 eff=73.5% flags=-
[1:24:58] #2550 V_bat=3.2766 V i_chg=+0.2457 A P_in=1.095 W Ah=0.3577 Wh=1.1328 eff=73.5% flags=-
[1:25:28] #2565 V_bat=3.2768 V i_chg=+0.2457 A P_in=1.095 W Ah=0.3597 Wh=1.1395 eff=73.5% flags=-
[1:25:58] #2580 V_bat=3.2770 V i_chg=+0.2457 A P_in=1.095 W Ah=0.3618 Wh=1.1462 eff=73.5% flags=-
[1:26:28] #2595 V_bat=3.2772 V i_chg=+0.2457 A P_in=1.095 W Ah=0.3638 Wh=1.1529 eff=73.5% flags=-
[1:26:58] #2610 V_bat=3.2774 V i_chg=+0.2456 A P_in=1.095 W Ah=0.3659 Wh=1.1596 eff=73.5% flags=-
[1:27:28] #2625 V_bat=3.2776 V i_chg=+0.2456 A P_in=1.095 W Ah=0.3679 Wh=1.1663 eff=73.5% flags=-
[1:27:58] #2640 V_bat=3.2777 V i_chg=+0.2456 A P_in=1.095 W Ah=0.3700 Wh=1.1730 eff=73.5% flags=-
[1:28:28] #2655 V_bat=3.2779 V i_chg=+0.2456 A P_in=1.095 W Ah=0.3720 Wh=1.1797 eff=73.5% flags=-
[1:28:58] #2670 V_bat=3.2781 V i_chg=+0.2456 A P_in=1.095 W Ah=0.3741 Wh=1.1864 eff=73.5% flags=-
[1:29:28] #2685 V_bat=3.2783 V i_chg=+0.2456 A P_in=1.095 W Ah=0.3761 Wh=1.1931 eff=73.5% flags=-
[1:29:58] #2700 V_bat=3.2785 V i_chg=+0.2456 A P_in=1.095 W Ah=0.3781 Wh=1.1999 eff=73.5% flags=-
[1:30:28] #2715 V_bat=3.2787 V i_chg=+0.2455 A P_in=1.095 W Ah=0.3802 Wh=1.2066 eff=73.5% flags=-
[1:30:58] #2730 V_bat=3.2790 V i_chg=+0.2455 A P_in=1.095 W Ah=0.3822 Wh=1.2133 eff=73.5% flags=-
[1:31:28] #2745 V_bat=3.2792 V i_chg=+0.2455 A P_in=1.095 W Ah=0.3843 Wh=1.2200 eff=73.5% flags=-
[1:31:58] #2760 V_bat=3.2794 V i_chg=+0.2455 A P_in=1.095 W Ah=0.3863 Wh=1.2267 eff=73.5% flags=-
[1:32:28] #2775 V_bat=3.2796 V i_chg=+0.2455 A P_in=1.095 W Ah=0.3884 Wh=1.2334 eff=73.5% flags=-
[1:32:58] #2790 V_bat=3.2798 V i_chg=+0.2455 A P_in=1.095 W Ah=0.3904 Wh=1.2401 eff=73.5% flags=-
[1:33:28] #2805 V_bat=3.2800 V i_chg=+0.2455 A P_in=1.095 W Ah=0.3925 Wh=1.2468 eff=73.5% flags=-
[1:33:58] #2820 V_bat=3.2803 V i_chg=+0.2455 A P_in=1.095 W Ah=0.3945 Wh=1.2535 eff=73.5% flags=-
[1:34:28] #2835 V_bat=3.2805 V i_chg=+0.2454 A P_in=1.095 W Ah=0.3966 Wh=1.2602 eff=73.5% flags=-
[1:34:58] #2850 V_bat=3.2807 V i_chg=+0.2454 A P_in=1.095 W Ah=0.3986 Wh=1.2669 eff=73.5% flags=-
[1:35:28] #2865 V_bat=3.2810 V i_chg=+0.2454 A P_in=1.095 W Ah=0.4006 Wh=1.2736 eff=73.5% flags=-
[1:35:58] #2880 V_bat=3.2812 V i_chg=+0.2454 A P_in=1.095 W Ah=0.4027 Wh=1.2804 eff=73.5% flags=-
[1:36:28] #2895 V_bat=3.2814 V i_chg=+0.2454 A P_in=1.095 W Ah=0.4047 Wh=1.2871 eff=73.5% flags=-
[1:36:58] #2910 V_bat=3.2817 V i_chg=+0.2454 A P_in=1.095 W Ah=0.4068 Wh=1.2938 eff=73.5% flags=-
[1:37:28] #2925 V_bat=3.2819 V i_chg=+0.2453 A P_in=1.095 W Ah=0.4088 Wh=1.3005 eff=73.5% flags=-
[1:37:58] #2940 V_bat=3.2822 V i_chg=+0.2453 A P_in=1.095 W Ah=0.4109 Wh=1.3072 eff=73.5% flags=-
[1:38:28] #2955 V_bat=3.2824 V i_chg=+0.2453 A P_in=1.095 W Ah=0.4129 Wh=1.3139 eff=73.5% flags=-
[1:38:58] #2970 V_bat=3.2827 V i_chg=+0.2453 A P_in=1.095 W Ah=0.4150 Wh=1.3206 eff=73.5% flags=-
[1:39:28] #2985 V_bat=3.2830 V i_chg=+0.2453 A P_in=1.095 W Ah=0.4170 Wh=1.3273 eff=73.5% flags=-
[1:39:58] #3000 V_bat=3.2832 V i_chg=+0.2453 A P_in=1.095 W Ah=0.4191 Wh=1.3340 eff=73.5% flags=-
[1:40:28] #3015 V_bat=3.2835 V i_chg=+0.2453 A P_in=1.095 W Ah=0.4211 Wh=1.3408 eff=73.5% flags=-
[1:40:58] #3030 V_bat=3.2838 V i_chg=+0.2452 A P_in=1.095 W Ah=0.4231 Wh=1.3475 eff=73.5% flags=-
[1:41:28] #3045 V_bat=3.2840 V i_chg=+0.2452 A P_in=1.095 W Ah=0.4252 Wh=1.3542 eff=73.5% flags=-
[1:41:58] #3060 V_bat=3.2843 V i_chg=+0.2453 A P_in=1.095 W Ah=0.4272 Wh=1.3609 eff=73.5% flags=-
[1:42:28] #3075 V_bat=3.2846 V i_chg=+0.2452 A P_in=1.095 W Ah=0.4293 Wh=1.3676 eff=73.5% flags=-
[1:42:58] #3090 V_bat=3.2849 V i_chg=+0.2452 A P_in=1.095 W Ah=0.4313 Wh=1.3743 eff=73.5% flags=-
[1:43:28] #3105 V_bat=3.2852 V i_chg=+0.2452 A P_in=1.095 W Ah=0.4334 Wh=1.3810 eff=73.5% flags=-
[1:43:58] #3120 V_bat=3.2855 V i_chg=+0.2451 A P_in=1.095 W Ah=0.4354 Wh=1.3877 eff=73.5% flags=-
[1:44:28] #3135 V_bat=3.2858 V i_chg=+0.2451 A P_in=1.095 W Ah=0.4374 Wh=1.3944 eff=73.5% flags=-
[1:44:58] #3150 V_bat=3.2861 V i_chg=+0.2451 A P_in=1.095 W Ah=0.4395 Wh=1.4012 eff=73.5% flags=-
[1:45:28] #3165 V_bat=3.2864 V i_chg=+0.2451 A P_in=1.095 W Ah=0.4415 Wh=1.4079 eff=73.5% flags=-
[1:45:58] #3180 V_bat=3.2867 V i_chg=+0.2451 A P_in=1.095 W Ah=0.4436 Wh=1.4146 eff=73.5% flags=-
[1:46:28] #3195 V_bat=3.2870 V i_chg=+0.2450 A P_in=1.095 W Ah=0.4456 Wh=1.4213 eff=73.5% flags=-
[1:46:58] #3210 V_bat=3.2874 V i_chg=+0.2450 A P_in=1.095 W Ah=0.4477 Wh=1.4280 eff=73.5% flags=-
[1:47:28] #3225 V_bat=3.2877 V i_chg=+0.2450 A P_in=1.095 W Ah=0.4497 Wh=1.4347 eff=73.5% flags=-
[1:47:58] #3240 V_bat=3.2880 V i_chg=+0.2450 A P_in=1.095 W Ah=0.4517 Wh=1.4414 eff=73.5% flags=-
[1:48:28] #3255 V_bat=3.2883 V i_chg=+0.2450 A P_in=1.095 W Ah=0.4538 Wh=1.4481 eff=73.5% flags=-
[1:48:58] #3270 V_bat=3.2887 V i_chg=+0.2450 A P_in=1.095 W Ah=0.4558 Wh=1.4549 eff=73.5% flags=-
[1:49:28] #3285 V_bat=3.2890 V i_chg=+0.2449 A P_in=1.095 W Ah=0.4579 Wh=1.4616 eff=73.5% flags=-
[1:49:58] #3300 V_bat=3.2893 V i_chg=+0.2449 A P_in=1.095 W Ah=0.4599 Wh=1.4683 eff=73.5% flags=-
[1:50:28] #3315 V_bat=3.2897 V i_chg=+0.2449 A P_in=1.095 W Ah=0.4619 Wh=1.4750 eff=73.5% flags=-
[1:50:58] #3330 V_bat=3.2900 V i_chg=+0.2449 A P_in=1.095 W Ah=0.4640 Wh=1.4817 eff=73.5% flags=-
[1:51:28] #3345 V_bat=3.2904 V i_chg=+0.2448 A P_in=1.095 W Ah=0.4660 Wh=1.4884 eff=73.5% flags=-
[1:51:58] #3360 V_bat=3.2907 V i_chg=+0.2449 A P_in=1.095 W Ah=0.4681 Wh=1.4951 eff=73.6% flags=-
[1:52:28] #3375 V_bat=3.2911 V i_chg=+0.2448 A P_in=1.095 W Ah=0.4701 Wh=1.5018 eff=73.5% flags=-
[1:52:58] #3390 V_bat=3.2914 V i_chg=+0.2448 A P_in=1.095 W Ah=0.4721 Wh=1.5086 eff=73.5% flags=-
[1:53:28] #3405 V_bat=3.2918 V i_chg=+0.2448 A P_in=1.095 W Ah=0.4742 Wh=1.5153 eff=73.5% flags=-
[1:53:58] #3420 V_bat=3.2921 V i_chg=+0.2447 A P_in=1.095 W Ah=0.4762 Wh=1.5220 eff=73.6% flags=-
[1:54:28] #3435 V_bat=3.2925 V i_chg=+0.2447 A P_in=1.095 W Ah=0.4783 Wh=1.5287 eff=73.5% flags=-
[1:54:58] #3450 V_bat=3.2929 V i_chg=+0.2447 A P_in=1.095 W Ah=0.4803 Wh=1.5354 eff=73.6% flags=-
[1:55:28] #3465 V_bat=3.2932 V i_chg=+0.2447 A P_in=1.095 W Ah=0.4823 Wh=1.5422 eff=73.6% flags=-
[1:55:58] #3480 V_bat=3.2936 V i_chg=+0.2446 A P_in=1.095 W Ah=0.4844 Wh=1.5489 eff=73.6% flags=-
[1:56:28] #3495 V_bat=3.2940 V i_chg=+0.2446 A P_in=1.095 W Ah=0.4864 Wh=1.5556 eff=73.6% flags=-
[1:56:58] #3510 V_bat=3.2943 V i_chg=+0.2446 A P_in=1.095 W Ah=0.4885 Wh=1.5623 eff=73.6% flags=-
[1:57:28] #3525 V_bat=3.2947 V i_chg=+0.2446 A P_in=1.095 W Ah=0.4905 Wh=1.5690 eff=73.6% flags=-
[1:57:58] #3540 V_bat=3.2951 V i_chg=+0.2446 A P_in=1.095 W Ah=0.4925 Wh=1.5757 eff=73.6% flags=-
[1:58:28] #3555 V_bat=3.2954 V i_chg=+0.2445 A P_in=1.095 W Ah=0.4946 Wh=1.5824 eff=73.6% flags=-
[1:58:58] #3570 V_bat=3.2958 V i_chg=+0.2445 A P_in=1.095 W Ah=0.4966 Wh=1.5891 eff=73.6% flags=-
[1:59:28] #3585 V_bat=3.2962 V i_chg=+0.2445 A P_in=1.095 W Ah=0.4986 Wh=1.5959 eff=73.6% flags=-
[1:59:58] #3600 V_bat=3.2966 V i_chg=+0.2445 A P_in=1.095 W Ah=0.5007 Wh=1.6026 eff=73.6% flags=-
[2:00:28] #3615 V_bat=3.2969 V i_chg=+0.2444 A P_in=1.095 W Ah=0.5027 Wh=1.6093 eff=73.6% flags=-
[2:00:58] #3630 V_bat=3.2973 V i_chg=+0.2444 A P_in=1.095 W Ah=0.5048 Wh=1.6160 eff=73.6% flags=-
[2:01:28] #3645 V_bat=3.2977 V i_chg=+0.2444 A P_in=1.095 W Ah=0.5068 Wh=1.6227 eff=73.6% flags=-
[2:01:58] #3660 V_bat=3.2981 V i_chg=+0.2444 A P_in=1.095 W Ah=0.5088 Wh=1.6294 eff=73.6% flags=-
[2:02:28] #3675 V_bat=3.2985 V i_chg=+0.2444 A P_in=1.095 W Ah=0.5109 Wh=1.6362 eff=73.6% flags=-
[2:02:58] #3690 V_bat=3.2989 V i_chg=+0.2443 A P_in=1.095 W Ah=0.5129 Wh=1.6429 eff=73.6% flags=-
[2:03:28] #3705 V_bat=3.2992 V i_chg=+0.2443 A P_in=1.095 W Ah=0.5149 Wh=1.6496 eff=73.6% flags=-
[2:03:58] #3720 V_bat=3.2996 V i_chg=+0.2442 A P_in=1.095 W Ah=0.5170 Wh=1.6563 eff=73.6% flags=-
[2:04:28] #3735 V_bat=3.3000 V i_chg=+0.2442 A P_in=1.095 W Ah=0.5190 Wh=1.6630 eff=73.6% flags=-
[2:04:58] #3750 V_bat=3.3005 V i_chg=+0.2442 A P_in=1.095 W Ah=0.5210 Wh=1.6697 eff=73.6% flags=-
[2:05:28] #3765 V_bat=3.3009 V i_chg=+0.2442 A P_in=1.095 W Ah=0.5231 Wh=1.6765 eff=73.6% flags=-
[2:05:58] #3780 V_bat=3.3013 V i_chg=+0.2442 A P_in=1.095 W Ah=0.5251 Wh=1.6832 eff=73.6% flags=-
[2:06:28] #3795 V_bat=3.3017 V i_chg=+0.2441 A P_in=1.095 W Ah=0.5272 Wh=1.6899 eff=73.6% flags=-
[2:06:58] #3810 V_bat=3.3020 V i_chg=+0.2441 A P_in=1.095 W Ah=0.5292 Wh=1.6966 eff=73.6% flags=-
[2:07:28] #3825 V_bat=3.3024 V i_chg=+0.2441 A P_in=1.095 W Ah=0.5312 Wh=1.7033 eff=73.6% flags=-
[2:07:58] #3840 V_bat=3.3028 V i_chg=+0.2441 A P_in=1.095 W Ah=0.5333 Wh=1.7100 eff=73.6% flags=-
[2:08:28] #3855 V_bat=3.3032 V i_chg=+0.2441 A P_in=1.095 W Ah=0.5353 Wh=1.7168 eff=73.6% flags=-
[2:08:58] #3870 V_bat=3.3036 V i_chg=+0.2440 A P_in=1.095 W Ah=0.5373 Wh=1.7235 eff=73.6% flags=-
[2:09:28] #3885 V_bat=3.3039 V i_chg=+0.2440 A P_in=1.096 W Ah=0.5394 Wh=1.7302 eff=73.6% flags=-
[2:09:58] #3900 V_bat=3.3043 V i_chg=+0.2440 A P_in=1.095 W Ah=0.5414 Wh=1.7369 eff=73.6% flags=-
[2:10:28] #3915 V_bat=3.3047 V i_chg=+0.2440 A P_in=1.095 W Ah=0.5434 Wh=1.7436 eff=73.6% flags=-
[2:10:58] #3930 V_bat=3.3051 V i_chg=+0.2439 A P_in=1.095 W Ah=0.5455 Wh=1.7504 eff=73.6% flags=-
[2:11:28] #3945 V_bat=3.3055 V i_chg=+0.2439 A P_in=1.095 W Ah=0.5475 Wh=1.7571 eff=73.6% flags=-
[2:11:58] #3960 V_bat=3.3059 V i_chg=+0.2439 A P_in=1.095 W Ah=0.5495 Wh=1.7638 eff=73.6% flags=-
[2:12:28] #3975 V_bat=3.3062 V i_chg=+0.2439 A P_in=1.096 W Ah=0.5515 Wh=1.7705 eff=73.6% flags=-
[2:12:58] #3990 V_bat=3.3066 V i_chg=+0.2439 A P_in=1.096 W Ah=0.5536 Wh=1.7772 eff=73.6% flags=-
[2:13:28] #4005 V_bat=3.3070 V i_chg=+0.2438 A P_in=1.095 W Ah=0.5556 Wh=1.7840 eff=73.6% flags=-
[2:13:58] #4020 V_bat=3.3074 V i_chg=+0.2438 A P_in=1.095 W Ah=0.5576 Wh=1.7907 eff=73.6% flags=-
[2:14:28] #4035 V_bat=3.3078 V i_chg=+0.2438 A P_in=1.095 W Ah=0.5597 Wh=1.7974 eff=73.6% flags=-
[2:14:58] #4050 V_bat=3.3081 V i_chg=+0.2437 A P_in=1.096 W Ah=0.5617 Wh=1.8041 eff=73.6% flags=-
[2:15:28] #4065 V_bat=3.3085 V i_chg=+0.2437 A P_in=1.095 W Ah=0.5637 Wh=1.8108 eff=73.6% flags=-
[2:15:58] #4080 V_bat=3.3089 V i_chg=+0.2437 A P_in=1.095 W Ah=0.5658 Wh=1.8176 eff=73.6% flags=-
[2:16:28] #4095 V_bat=3.3093 V i_chg=+0.2437 A P_in=1.095 W Ah=0.5678 Wh=1.8243 eff=73.6% flags=-
[2:16:58] #4110 V_bat=3.3097 V i_chg=+0.2437 A P_in=1.095 W Ah=0.5698 Wh=1.8310 eff=73.6% flags=-
[2:17:28] #4125 V_bat=3.3100 V i_chg=+0.2436 A P_in=1.095 W Ah=0.5719 Wh=1.8377 eff=73.6% flags=-
[2:17:58] #4140 V_bat=3.3104 V i_chg=+0.2436 A P_in=1.095 W Ah=0.5739 Wh=1.8444 eff=73.6% flags=-
[2:18:28] #4155 V_bat=3.3108 V i_chg=+0.2436 A P_in=1.096 W Ah=0.5759 Wh=1.8511 eff=73.6% flags=-
[2:18:58] #4170 V_bat=3.3112 V i_chg=+0.2435 A P_in=1.095 W Ah=0.5779 Wh=1.8579 eff=73.6% flags=-
[2:19:28] #4185 V_bat=3.3115 V i_chg=+0.2436 A P_in=1.095 W Ah=0.5800 Wh=1.8646 eff=73.6% flags=-
[2:19:58] #4200 V_bat=3.3119 V i_chg=+0.2435 A P_in=1.095 W Ah=0.5820 Wh=1.8713 eff=73.6% flags=-
[2:20:28] #4215 V_bat=3.3123 V i_chg=+0.2435 A P_in=1.095 W Ah=0.5840 Wh=1.8780 eff=73.6% flags=-
[2:20:58] #4230 V_bat=3.3127 V i_chg=+0.2435 A P_in=1.096 W Ah=0.5861 Wh=1.8847 eff=73.6% flags=-
[2:21:28] #4245 V_bat=3.3130 V i_chg=+0.2435 A P_in=1.096 W Ah=0.5881 Wh=1.8915 eff=73.6% flags=-
[2:21:58] #4260 V_bat=3.3134 V i_chg=+0.2434 A P_in=1.095 W Ah=0.5901 Wh=1.8982 eff=73.6% flags=-
[2:22:28] #4275 V_bat=3.3138 V i_chg=+0.2434 A P_in=1.095 W Ah=0.5922 Wh=1.9049 eff=73.6% flags=-
[2:22:58] #4290 V_bat=3.3141 V i_chg=+0.2434 A P_in=1.095 W Ah=0.5942 Wh=1.9116 eff=73.6% flags=-
[2:23:28] #4305 V_bat=3.3145 V i_chg=+0.2434 A P_in=1.095 W Ah=0.5962 Wh=1.9184 eff=73.6% flags=-
[2:23:58] #4320 V_bat=3.3148 V i_chg=+0.2434 A P_in=1.095 W Ah=0.5982 Wh=1.9251 eff=73.6% flags=-
[2:24:28] #4335 V_bat=3.3152 V i_chg=+0.2433 A P_in=1.095 W Ah=0.6003 Wh=1.9318 eff=73.6% flags=-
[2:24:58] #4350 V_bat=3.3155 V i_chg=+0.2433 A P_in=1.095 W Ah=0.6023 Wh=1.9385 eff=73.6% flags=-
[2:25:28] #4365 V_bat=3.3159 V i_chg=+0.2433 A P_in=1.096 W Ah=0.6043 Wh=1.9452 eff=73.6% flags=-
[2:25:58] #4380 V_bat=3.3162 V i_chg=+0.2432 A P_in=1.095 W Ah=0.6064 Wh=1.9520 eff=73.6% flags=-
[2:26:28] #4395 V_bat=3.3166 V i_chg=+0.2432 A P_in=1.095 W Ah=0.6084 Wh=1.9587 eff=73.6% flags=-
[2:26:58] #4410 V_bat=3.3169 V i_chg=+0.2432 A P_in=1.095 W Ah=0.6104 Wh=1.9654 eff=73.6% flags=-
[2:27:28] #4425 V_bat=3.3173 V i_chg=+0.2432 A P_in=1.095 W Ah=0.6124 Wh=1.9721 eff=73.6% flags=-
[2:27:58] #4440 V_bat=3.3176 V i_chg=+0.2432 A P_in=1.095 W Ah=0.6145 Wh=1.9789 eff=73.6% flags=-
[2:28:28] #4455 V_bat=3.3180 V i_chg=+0.2431 A P_in=1.095 W Ah=0.6165 Wh=1.9856 eff=73.6% flags=-
[2:28:58] #4470 V_bat=3.3183 V i_chg=+0.2431 A P_in=1.095 W Ah=0.6185 Wh=1.9923 eff=73.6% flags=-
[2:29:28] #4485 V_bat=3.3186 V i_chg=+0.2431 A P_in=1.095 W Ah=0.6205 Wh=1.9990 eff=73.6% flags=-
[2:29:58] #4500 V_bat=3.3190 V i_chg=+0.2431 A P_in=1.096 W Ah=0.6226 Wh=2.0058 eff=73.7% flags=-
[2:30:28] #4515 V_bat=3.3193 V i_chg=+0.2431 A P_in=1.095 W Ah=0.6246 Wh=2.0125 eff=73.7% flags=-
[2:30:58] #4530 V_bat=3.3196 V i_chg=+0.2430 A P_in=1.095 W Ah=0.6266 Wh=2.0192 eff=73.7% flags=-
[2:31:28] #4545 V_bat=3.3199 V i_chg=+0.2430 A P_in=1.095 W Ah=0.6286 Wh=2.0259 eff=73.7% flags=-
[2:31:58] #4560 V_bat=3.3203 V i_chg=+0.2430 A P_in=1.095 W Ah=0.6307 Wh=2.0327 eff=73.7% flags=-
[2:32:28] #4575 V_bat=3.3206 V i_chg=+0.2430 A P_in=1.096 W Ah=0.6327 Wh=2.0394 eff=73.7% flags=-
[2:32:58] #4590 V_bat=3.3209 V i_chg=+0.2430 A P_in=1.095 W Ah=0.6347 Wh=2.0461 eff=73.7% flags=-
[2:33:28] #4605 V_bat=3.3212 V i_chg=+0.2429 A P_in=1.095 W Ah=0.6367 Wh=2.0528 eff=73.7% flags=-
[2:33:58] #4620 V_bat=3.3215 V i_chg=+0.2429 A P_in=1.095 W Ah=0.6388 Wh=2.0595 eff=73.7% flags=-
[2:34:28] #4635 V_bat=3.3218 V i_chg=+0.2429 A P_in=1.095 W Ah=0.6408 Wh=2.0663 eff=73.7% flags=-
[2:34:58] #4650 V_bat=3.3221 V i_chg=+0.2429 A P_in=1.095 W Ah=0.6428 Wh=2.0730 eff=73.7% flags=-
[2:35:28] #4665 V_bat=3.3224 V i_chg=+0.2429 A P_in=1.095 W Ah=0.6448 Wh=2.0797 eff=73.7% flags=-
[2:35:58] #4680 V_bat=3.3227 V i_chg=+0.2429 A P_in=1.095 W Ah=0.6469 Wh=2.0864 eff=73.7% flags=-
[2:36:28] #4695 V_bat=3.3229 V i_chg=+0.2429 A P_in=1.095 W Ah=0.6489 Wh=2.0932 eff=73.7% flags=-
[2:36:58] #4710 V_bat=3.3232 V i_chg=+0.2429 A P_in=1.096 W Ah=0.6509 Wh=2.0999 eff=73.7% flags=-
[2:37:28] #4725 V_bat=3.3235 V i_chg=+0.2428 A P_in=1.095 W Ah=0.6529 Wh=2.1066 eff=73.7% flags=-
[2:37:58] #4740 V_bat=3.3238 V i_chg=+0.2428 A P_in=1.095 W Ah=0.6550 Wh=2.1134 eff=73.7% flags=-
[2:38:28] #4755 V_bat=3.3240 V i_chg=+0.2428 A P_in=1.095 W Ah=0.6570 Wh=2.1201 eff=73.7% flags=-
[2:38:58] #4770 V_bat=3.3243 V i_chg=+0.2428 A P_in=1.095 W Ah=0.6590 Wh=2.1268 eff=73.7% flags=-
[2:39:28] #4785 V_bat=3.3246 V i_chg=+0.2427 A P_in=1.095 W Ah=0.6610 Wh=2.1335 eff=73.7% flags=-
[2:39:58] #4800 V_bat=3.3248 V i_chg=+0.2427 A P_in=1.095 W Ah=0.6630 Wh=2.1403 eff=73.7% flags=-
[2:40:28] #4815 V_bat=3.3251 V i_chg=+0.2427 A P_in=1.095 W Ah=0.6651 Wh=2.1470 eff=73.7% flags=-
[2:40:58] #4830 V_bat=3.3253 V i_chg=+0.2427 A P_in=1.095 W Ah=0.6671 Wh=2.1537 eff=73.7% flags=-
[2:41:28] #4845 V_bat=3.3256 V i_chg=+0.2427 A P_in=1.095 W Ah=0.6691 Wh=2.1604 eff=73.7% flags=-
[2:41:58] #4860 V_bat=3.3258 V i_chg=+0.2427 A P_in=1.095 W Ah=0.6711 Wh=2.1672 eff=73.7% flags=-
[2:42:28] #4875 V_bat=3.3261 V i_chg=+0.2427 A P_in=1.095 W Ah=0.6732 Wh=2.1739 eff=73.7% flags=-
[2:42:58] #4890 V_bat=3.3264 V i_chg=+0.2427 A P_in=1.095 W Ah=0.6752 Wh=2.1806 eff=73.7% flags=-
[2:43:28] #4905 V_bat=3.3266 V i_chg=+0.2426 A P_in=1.095 W Ah=0.6772 Wh=2.1873 eff=73.7% flags=-
[2:43:58] #4920 V_bat=3.3268 V i_chg=+0.2426 A P_in=1.095 W Ah=0.6792 Wh=2.1941 eff=73.7% flags=-
[2:44:28] #4935 V_bat=3.3271 V i_chg=+0.2426 A P_in=1.095 W Ah=0.6812 Wh=2.2008 eff=73.7% flags=-
[2:44:58] #4950 V_bat=3.3274 V i_chg=+0.2426 A P_in=1.095 W Ah=0.6833 Wh=2.2075 eff=73.7% flags=-
[2:45:28] #4965 V_bat=3.3276 V i_chg=+0.2426 A P_in=1.095 W Ah=0.6853 Wh=2.2142 eff=73.7% flags=-
[2:45:58] #4980 V_bat=3.3279 V i_chg=+0.2425 A P_in=1.095 W Ah=0.6873 Wh=2.2210 eff=73.7% flags=-
[2:46:28] #4995 V_bat=3.3281 V i_chg=+0.2425 A P_in=1.095 W Ah=0.6893 Wh=2.2277 eff=73.7% flags=-
[2:46:58] #5010 V_bat=3.3284 V i_chg=+0.2425 A P_in=1.095 W Ah=0.6914 Wh=2.2344 eff=73.7% flags=-
[2:47:28] #5025 V_bat=3.3286 V i_chg=+0.2425 A P_in=1.095 W Ah=0.6934 Wh=2.2411 eff=73.7% flags=-
[2:47:58] #5040 V_bat=3.3289 V i_chg=+0.2425 A P_in=1.095 W Ah=0.6954 Wh=2.2479 eff=73.7% flags=-
[2:48:28] #5055 V_bat=3.3291 V i_chg=+0.2425 A P_in=1.095 W Ah=0.6974 Wh=2.2546 eff=73.7% flags=-
[2:48:58] #5070 V_bat=3.3294 V i_chg=+0.2424 A P_in=1.095 W Ah=0.6994 Wh=2.2613 eff=73.7% flags=-
[2:49:28] #5085 V_bat=3.3296 V i_chg=+0.2424 A P_in=1.095 W Ah=0.7015 Wh=2.2680 eff=73.7% flags=-
[2:49:58] #5100 V_bat=3.3299 V i_chg=+0.2424 A P_in=1.095 W Ah=0.7035 Wh=2.2748 eff=73.7% flags=-
[2:50:28] #5115 V_bat=3.3301 V i_chg=+0.2424 A P_in=1.095 W Ah=0.7055 Wh=2.2815 eff=73.7% flags=-
[2:50:58] #5130 V_bat=3.3304 V i_chg=+0.2424 A P_in=1.095 W Ah=0.7075 Wh=2.2882 eff=73.7% flags=-
[2:51:28] #5145 V_bat=3.3306 V i_chg=+0.2424 A P_in=1.095 W Ah=0.7095 Wh=2.2949 eff=73.7% flags=-
[2:51:58] #5160 V_bat=3.3309 V i_chg=+0.2424 A P_in=1.095 W Ah=0.7116 Wh=2.3017 eff=73.7% flags=-
[2:52:28] #5175 V_bat=3.3312 V i_chg=+0.2424 A P_in=1.095 W Ah=0.7136 Wh=2.3084 eff=73.7% flags=-
[2:52:58] #5190 V_bat=3.3314 V i_chg=+0.2423 A P_in=1.095 W Ah=0.7156 Wh=2.3151 eff=73.7% flags=-
[2:53:28] #5205 V_bat=3.3317 V i_chg=+0.2423 A P_in=1.095 W Ah=0.7176 Wh=2.3219 eff=73.7% flags=-
[2:53:58] #5220 V_bat=3.3320 V i_chg=+0.2423 A P_in=1.095 W Ah=0.7196 Wh=2.3286 eff=73.7% flags=-
[2:54:28] #5235 V_bat=3.3322 V i_chg=+0.2423 A P_in=1.095 W Ah=0.7217 Wh=2.3353 eff=73.7% flags=-
[2:54:58] #5250 V_bat=3.3325 V i_chg=+0.2423 A P_in=1.095 W Ah=0.7237 Wh=2.3420 eff=73.7% flags=-
[2:55:28] #5265 V_bat=3.3328 V i_chg=+0.2422 A P_in=1.095 W Ah=0.7257 Wh=2.3488 eff=73.7% flags=-
[2:55:58] #5280 V_bat=3.3331 V i_chg=+0.2422 A P_in=1.095 W Ah=0.7277 Wh=2.3555 eff=73.7% flags=-
[2:56:28] #5295 V_bat=3.3333 V i_chg=+0.2422 A P_in=1.095 W Ah=0.7297 Wh=2.3622 eff=73.7% flags=-
[2:56:58] #5310 V_bat=3.3336 V i_chg=+0.2422 A P_in=1.095 W Ah=0.7317 Wh=2.3690 eff=73.7% flags=-
[2:57:28] #5325 V_bat=3.3339 V i_chg=+0.2422 A P_in=1.095 W Ah=0.7338 Wh=2.3757 eff=73.7% flags=-
[2:57:58] #5340 V_bat=3.3342 V i_chg=+0.2422 A P_in=1.095 W Ah=0.7358 Wh=2.3824 eff=73.7% flags=-
[2:58:28] #5355 V_bat=3.3344 V i_chg=+0.2422 A P_in=1.095 W Ah=0.7378 Wh=2.3891 eff=73.7% flags=-
[2:58:58] #5370 V_bat=3.3347 V i_chg=+0.2421 A P_in=1.095 W Ah=0.7398 Wh=2.3959 eff=73.7% flags=-
[2:59:28] #5385 V_bat=3.3350 V i_chg=+0.2421 A P_in=1.096 W Ah=0.7418 Wh=2.4026 eff=73.7% flags=-
[2:59:58] #5400 V_bat=3.3353 V i_chg=+0.2421 A P_in=1.095 W Ah=0.7439 Wh=2.4093 eff=73.7% flags=-
[3:00:28] #5415 V_bat=3.3355 V i_chg=+0.2421 A P_in=1.096 W Ah=0.7459 Wh=2.4161 eff=73.7% flags=-
[3:00:58] #5430 V_bat=3.3358 V i_chg=+0.2420 A P_in=1.095 W Ah=0.7479 Wh=2.4228 eff=73.7% flags=-
[3:01:28] #5445 V_bat=3.3361 V i_chg=+0.2420 A P_in=1.095 W Ah=0.7499 Wh=2.4295 eff=73.7% flags=-
[3:01:58] #5460 V_bat=3.3364 V i_chg=+0.2420 A P_in=1.095 W Ah=0.7519 Wh=2.4362 eff=73.7% flags=-
[3:02:28] #5475 V_bat=3.3367 V i_chg=+0.2420 A P_in=1.095 W Ah=0.7539 Wh=2.4430 eff=73.7% flags=-
[3:02:58] #5490 V_bat=3.3369 V i_chg=+0.2420 A P_in=1.095 W Ah=0.7560 Wh=2.4497 eff=73.7% flags=-
[3:03:28] #5505 V_bat=3.3372 V i_chg=+0.2420 A P_in=1.095 W Ah=0.7580 Wh=2.4564 eff=73.7% flags=-
[3:03:58] #5520 V_bat=3.3375 V i_chg=+0.2420 A P_in=1.095 W Ah=0.7600 Wh=2.4632 eff=73.7% flags=-
[3:04:28] #5535 V_bat=3.3378 V i_chg=+0.2419 A P_in=1.095 W Ah=0.7620 Wh=2.4699 eff=73.7% flags=-
[3:04:58] #5550 V_bat=3.3380 V i_chg=+0.2419 A P_in=1.095 W Ah=0.7640 Wh=2.4766 eff=73.7% flags=-
[3:05:28] #5565 V_bat=3.3383 V i_chg=+0.2419 A P_in=1.095 W Ah=0.7660 Wh=2.4833 eff=73.7% flags=-
[3:05:58] #5580 V_bat=3.3386 V i_chg=+0.2419 A P_in=1.095 W Ah=0.7681 Wh=2.4901 eff=73.7% flags=-
[3:06:28] #5595 V_bat=3.3389 V i_chg=+0.2419 A P_in=1.095 W Ah=0.7701 Wh=2.4968 eff=73.7% flags=-
[3:06:58] #5610 V_bat=3.3392 V i_chg=+0.2419 A P_in=1.095 W Ah=0.7721 Wh=2.5035 eff=73.7% flags=-
[3:07:28] #5625 V_bat=3.3394 V i_chg=+0.2418 A P_in=1.095 W Ah=0.7741 Wh=2.5103 eff=73.7% flags=-
[3:07:58] #5640 V_bat=3.3397 V i_chg=+0.2418 A P_in=1.096 W Ah=0.7761 Wh=2.5170 eff=73.7% flags=-
[3:08:28] #5655 V_bat=3.3400 V i_chg=+0.2418 A P_in=1.095 W Ah=0.7781 Wh=2.5237 eff=73.7% flags=-
[3:08:58] #5670 V_bat=3.3403 V i_chg=+0.2418 A P_in=1.095 W Ah=0.7801 Wh=2.5305 eff=73.7% flags=-
[3:09:28] #5685 V_bat=3.3406 V i_chg=+0.2418 A P_in=1.096 W Ah=0.7822 Wh=2.5372 eff=73.7% flags=-
[3:09:58] #5700 V_bat=3.3408 V i_chg=+0.2418 A P_in=1.095 W Ah=0.7842 Wh=2.5439 eff=73.7% flags=-
[3:10:28] #5715 V_bat=3.3411 V i_chg=+0.2417 A P_in=1.096 W Ah=0.7862 Wh=2.5507 eff=73.7% flags=-
[3:10:58] #5730 V_bat=3.3413 V i_chg=+0.2417 A P_in=1.095 W Ah=0.7882 Wh=2.5574 eff=73.7% flags=-
[3:11:28] #5745 V_bat=3.3416 V i_chg=+0.2417 A P_in=1.095 W Ah=0.7902 Wh=2.5641 eff=73.7% flags=-
[3:11:58] #5760 V_bat=3.3419 V i_chg=+0.2417 A P_in=1.095 W Ah=0.7922 Wh=2.5709 eff=73.7% flags=-
[3:12:28] #5775 V_bat=3.3421 V i_chg=+0.2417 A P_in=1.095 W Ah=0.7942 Wh=2.5776 eff=73.7% flags=-
[3:12:58] #5790 V_bat=3.3424 V i_chg=+0.2417 A P_in=1.096 W Ah=0.7963 Wh=2.5843 eff=73.7% flags=-
[3:13:28] #5805 V_bat=3.3426 V i_chg=+0.2417 A P_in=1.096 W Ah=0.7983 Wh=2.5910 eff=73.7% flags=-
[3:13:58] #5820 V_bat=3.3429 V i_chg=+0.2417 A P_in=1.096 W Ah=0.8003 Wh=2.5978 eff=73.7% flags=-
[3:14:28] #5835 V_bat=3.3431 V i_chg=+0.2416 A P_in=1.095 W Ah=0.8023 Wh=2.6045 eff=73.7% flags=-
[3:14:58] #5850 V_bat=3.3433 V i_chg=+0.2417 A P_in=1.095 W Ah=0.8043 Wh=2.6112 eff=73.7% flags=-
[3:15:28] #5865 V_bat=3.3436 V i_chg=+0.2416 A P_in=1.096 W Ah=0.8063 Wh=2.6180 eff=73.7% flags=-
[3:15:58] #5880 V_bat=3.3438 V i_chg=+0.2416 A P_in=1.095 W Ah=0.8083 Wh=2.6247 eff=73.7% flags=-
[3:16:28] #5895 V_bat=3.3440 V i_chg=+0.2416 A P_in=1.096 W Ah=0.8104 Wh=2.6314 eff=73.7% flags=-
[3:16:58] #5910 V_bat=3.3442 V i_chg=+0.2416 A P_in=1.096 W Ah=0.8124 Wh=2.6382 eff=73.7% flags=-
[3:17:28] #5925 V_bat=3.3444 V i_chg=+0.2416 A P_in=1.096 W Ah=0.8144 Wh=2.6449 eff=73.8% flags=-
[3:17:58] #5940 V_bat=3.3446 V i_chg=+0.2416 A P_in=1.096 W Ah=0.8164 Wh=2.6516 eff=73.8% flags=-
[3:18:28] #5955 V_bat=3.3448 V i_chg=+0.2415 A P_in=1.096 W Ah=0.8184 Wh=2.6584 eff=73.8% flags=-
[3:18:58] #5970 V_bat=3.3450 V i_chg=+0.2415 A P_in=1.095 W Ah=0.8204 Wh=2.6651 eff=73.8% flags=-
[3:19:28] #5985 V_bat=3.3452 V i_chg=+0.2415 A P_in=1.096 W Ah=0.8224 Wh=2.6718 eff=73.7% flags=-
[3:19:58] #6000 V_bat=3.3454 V i_chg=+0.2415 A P_in=1.095 W Ah=0.8244 Wh=2.6786 eff=73.8% flags=-
[3:20:28] #6015 V_bat=3.3456 V i_chg=+0.2415 A P_in=1.096 W Ah=0.8265 Wh=2.6853 eff=73.8% flags=-
[3:20:58] #6030 V_bat=3.3458 V i_chg=+0.2415 A P_in=1.096 W Ah=0.8285 Wh=2.6920 eff=73.8% flags=-
[3:21:28] #6045 V_bat=3.3459 V i_chg=+0.2415 A P_in=1.095 W Ah=0.8305 Wh=2.6988 eff=73.8% flags=-
[3:21:58] #6060 V_bat=3.3461 V i_chg=+0.2415 A P_in=1.095 W Ah=0.8325 Wh=2.7055 eff=73.8% flags=-
[3:22:28] #6075 V_bat=3.3463 V i_chg=+0.2415 A P_in=1.096 W Ah=0.8345 Wh=2.7122 eff=73.8% flags=-
[3:22:58] #6090 V_bat=3.3464 V i_chg=+0.2414 A P_in=1.095 W Ah=0.8365 Wh=2.7190 eff=73.8% flags=-
[3:23:28] #6105 V_bat=3.3466 V i_chg=+0.2414 A P_in=1.095 W Ah=0.8385 Wh=2.7257 eff=73.8% flags=-
[3:23:58] #6120 V_bat=3.3467 V i_chg=+0.2414 A P_in=1.095 W Ah=0.8405 Wh=2.7324 eff=73.8% flags=-
[3:24:28] #6135 V_bat=3.3469 V i_chg=+0.2414 A P_in=1.095 W Ah=0.8426 Wh=2.7392 eff=73.8% flags=-
[3:24:58] #6150 V_bat=3.3470 V i_chg=+0.2414 A P_in=1.096 W Ah=0.8446 Wh=2.7459 eff=73.8% flags=-
[3:25:28] #6165 V_bat=3.3471 V i_chg=+0.2414 A P_in=1.095 W Ah=0.8466 Wh=2.7526 eff=73.8% flags=-
[3:25:58] #6180 V_bat=3.3473 V i_chg=+0.2414 A P_in=1.095 W Ah=0.8486 Wh=2.7594 eff=73.8% flags=-
[3:26:28] #6195 V_bat=3.3474 V i_chg=+0.2414 A P_in=1.095 W Ah=0.8506 Wh=2.7661 eff=73.8% flags=-
[3:26:58] #6210 V_bat=3.3475 V i_chg=+0.2414 A P_in=1.095 W Ah=0.8526 Wh=2.7728 eff=73.8% flags=-
[3:27:28] #6225 V_bat=3.3477 V i_chg=+0.2414 A P_in=1.095 W Ah=0.8546 Wh=2.7796 eff=73.8% flags=-
[3:27:58] #6240 V_bat=3.3478 V i_chg=+0.2414 A P_in=1.095 W Ah=0.8566 Wh=2.7863 eff=73.8% flags=-
[3:28:28] #6255 V_bat=3.3479 V i_chg=+0.2413 A P_in=1.095 W Ah=0.8586 Wh=2.7930 eff=73.8% flags=-
[3:28:58] #6270 V_bat=3.3480 V i_chg=+0.2413 A P_in=1.095 W Ah=0.8607 Wh=2.7998 eff=73.8% flags=-
[3:29:28] #6285 V_bat=3.3482 V i_chg=+0.2413 A P_in=1.095 W Ah=0.8627 Wh=2.8065 eff=73.8% flags=-
[3:29:58] #6300 V_bat=3.3483 V i_chg=+0.2413 A P_in=1.095 W Ah=0.8647 Wh=2.8132 eff=73.8% flags=-
[3:30:28] #6315 V_bat=3.3484 V i_chg=+0.2413 A P_in=1.095 W Ah=0.8667 Wh=2.8200 eff=73.8% flags=-
[3:30:58] #6330 V_bat=3.3485 V i_chg=+0.2413 A P_in=1.095 W Ah=0.8687 Wh=2.8267 eff=73.8% flags=-
[3:31:28] #6345 V_bat=3.3487 V i_chg=+0.2413 A P_in=1.095 W Ah=0.8707 Wh=2.8334 eff=73.8% flags=-
[3:31:58] #6360 V_bat=3.3488 V i_chg=+0.2413 A P_in=1.095 W Ah=0.8727 Wh=2.8402 eff=73.8% flags=-
[3:32:28] #6375 V_bat=3.3489 V i_chg=+0.2413 A P_in=1.095 W Ah=0.8747 Wh=2.8469 eff=73.8% flags=-
[3:32:58] #6390 V_bat=3.3490 V i_chg=+0.2413 A P_in=1.095 W Ah=0.8767 Wh=2.8536 eff=73.8% flags=-
[3:33:28] #6405 V_bat=3.3492 V i_chg=+0.2413 A P_in=1.095 W Ah=0.8788 Wh=2.8604 eff=73.8% flags=-
[3:33:58] #6420 V_bat=3.3493 V i_chg=+0.2413 A P_in=1.095 W Ah=0.8808 Wh=2.8671 eff=73.8% flags=-
[3:34:28] #6435 V_bat=3.3494 V i_chg=+0.2413 A P_in=1.095 W Ah=0.8828 Wh=2.8738 eff=73.8% flags=-
[3:34:58] #6450 V_bat=3.3495 V i_chg=+0.2412 A P_in=1.095 W Ah=0.8848 Wh=2.8806 eff=73.8% flags=-
[3:35:28] #6465 V_bat=3.3496 V i_chg=+0.2412 A P_in=1.095 W Ah=0.8868 Wh=2.8873 eff=73.8% flags=-
[3:35:58] #6480 V_bat=3.3497 V i_chg=+0.2412 A P_in=1.095 W Ah=0.8888 Wh=2.8940 eff=73.8% flags=-
[3:36:28] #6495 V_bat=3.3499 V i_chg=+0.2412 A P_in=1.095 W Ah=0.8908 Wh=2.9008 eff=73.8% flags=-
[3:36:58] #6510 V_bat=3.3500 V i_chg=+0.2412 A P_in=1.095 W Ah=0.8928 Wh=2.9075 eff=73.8% flags=-
[3:37:28] #6525 V_bat=3.3501 V i_chg=+0.2412 A P_in=1.095 W Ah=0.8948 Wh=2.9142 eff=73.8% flags=-
[3:37:58] #6540 V_bat=3.3502 V i_chg=+0.2412 A P_in=1.096 W Ah=0.8969 Wh=2.9210 eff=73.8% flags=-
[3:38:28] #6555 V_bat=3.3503 V i_chg=+0.2412 A P_in=1.095 W Ah=0.8989 Wh=2.9277 eff=73.8% flags=-
[3:38:58] #6570 V_bat=3.3504 V i_chg=+0.2412 A P_in=1.095 W Ah=0.9009 Wh=2.9344 eff=73.8% flags=-
[3:39:28] #6585 V_bat=3.3505 V i_chg=+0.2412 A P_in=1.095 W Ah=0.9029 Wh=2.9412 eff=73.8% flags=-
[3:39:58] #6600 V_bat=3.3507 V i_chg=+0.2412 A P_in=1.095 W Ah=0.9049 Wh=2.9479 eff=73.8% flags=-
[3:40:28] #6615 V_bat=3.3508 V i_chg=+0.2412 A P_in=1.095 W Ah=0.9069 Wh=2.9546 eff=73.8% flags=-
[3:40:58] #6630 V_bat=3.3509 V i_chg=+0.2412 A P_in=1.095 W Ah=0.9089 Wh=2.9614 eff=73.8% flags=-
[3:41:28] #6645 V_bat=3.3510 V i_chg=+0.2412 A P_in=1.095 W Ah=0.9109 Wh=2.9681 eff=73.8% flags=-
[3:41:58] #6660 V_bat=3.3511 V i_chg=+0.2412 A P_in=1.096 W Ah=0.9129 Wh=2.9749 eff=73.8% flags=-
[3:42:28] #6675 V_bat=3.3512 V i_chg=+0.2412 A P_in=1.095 W Ah=0.9149 Wh=2.9816 eff=73.8% flags=-
[3:42:58] #6690 V_bat=3.3513 V i_chg=+0.2411 A P_in=1.095 W Ah=0.9170 Wh=2.9883 eff=73.8% flags=-
[3:43:28] #6705 V_bat=3.3514 V i_chg=+0.2412 A P_in=1.096 W Ah=0.9190 Wh=2.9950 eff=73.8% flags=-
[3:43:58] #6720 V_bat=3.3515 V i_chg=+0.2412 A P_in=1.095 W Ah=0.9210 Wh=3.0018 eff=73.8% flags=-
[3:44:28] #6735 V_bat=3.3516 V i_chg=+0.2411 A P_in=1.095 W Ah=0.9230 Wh=3.0085 eff=73.8% flags=-
[3:44:58] #6750 V_bat=3.3517 V i_chg=+0.2411 A P_in=1.095 W Ah=0.9250 Wh=3.0153 eff=73.8% flags=-
[3:45:28] #6765 V_bat=3.3518 V i_chg=+0.2412 A P_in=1.095 W Ah=0.9270 Wh=3.0220 eff=73.8% flags=-
[3:45:58] #6780 V_bat=3.3519 V i_chg=+0.2411 A P_in=1.095 W Ah=0.9290 Wh=3.0287 eff=73.8% flags=-
[3:46:28] #6795 V_bat=3.3520 V i_chg=+0.2411 A P_in=1.095 W Ah=0.9310 Wh=3.0355 eff=73.8% flags=-
[3:46:58] #6810 V_bat=3.3521 V i_chg=+0.2411 A P_in=1.095 W Ah=0.9330 Wh=3.0422 eff=73.8% flags=-
[3:47:28] #6825 V_bat=3.3522 V i_chg=+0.2411 A P_in=1.095 W Ah=0.9350 Wh=3.0489 eff=73.8% flags=-
[3:47:58] #6840 V_bat=3.3523 V i_chg=+0.2411 A P_in=1.096 W Ah=0.9370 Wh=3.0557 eff=73.8% flags=-
[3:48:28] #6855 V_bat=3.3524 V i_chg=+0.2411 A P_in=1.096 W Ah=0.9391 Wh=3.0624 eff=73.8% flags=-
[3:48:58] #6870 V_bat=3.3525 V i_chg=+0.2411 A P_in=1.095 W Ah=0.9411 Wh=3.0691 eff=73.8% flags=-
[3:49:28] #6885 V_bat=3.3526 V i_chg=+0.2411 A P_in=1.096 W Ah=0.9431 Wh=3.0759 eff=73.8% flags=-
[3:49:58] #6900 V_bat=3.3527 V i_chg=+0.2411 A P_in=1.095 W Ah=0.9451 Wh=3.0826 eff=73.8% flags=-
[3:50:28] #6915 V_bat=3.3528 V i_chg=+0.2411 A P_in=1.096 W Ah=0.9471 Wh=3.0893 eff=73.8% flags=-
[3:50:58] #6930 V_bat=3.3529 V i_chg=+0.2411 A P_in=1.096 W Ah=0.9491 Wh=3.0961 eff=73.8% flags=-
[3:51:28] #6945 V_bat=3.3529 V i_chg=+0.2410 A P_in=1.095 W Ah=0.9511 Wh=3.1028 eff=73.8% flags=-
[3:51:58] #6960 V_bat=3.3530 V i_chg=+0.2410 A P_in=1.096 W Ah=0.9531 Wh=3.1096 eff=73.8% flags=-
[3:52:28] #6975 V_bat=3.3531 V i_chg=+0.2410 A P_in=1.096 W Ah=0.9551 Wh=3.1163 eff=73.8% flags=-
[3:52:58] #6990 V_bat=3.3532 V i_chg=+0.2410 A P_in=1.095 W Ah=0.9571 Wh=3.1230 eff=73.8% flags=-
[3:53:28] #7005 V_bat=3.3532 V i_chg=+0.2410 A P_in=1.096 W Ah=0.9591 Wh=3.1298 eff=73.8% flags=-
[3:53:58] #7020 V_bat=3.3533 V i_chg=+0.2410 A P_in=1.096 W Ah=0.9612 Wh=3.1365 eff=73.8% flags=-
[3:54:28] #7035 V_bat=3.3534 V i_chg=+0.2410 A P_in=1.095 W Ah=0.9632 Wh=3.1432 eff=73.8% flags=-
[3:54:58] #7050 V_bat=3.3534 V i_chg=+0.2410 A P_in=1.096 W Ah=0.9652 Wh=3.1500 eff=73.8% flags=-
[3:55:28] #7065 V_bat=3.3535 V i_chg=+0.2410 A P_in=1.095 W Ah=0.9672 Wh=3.1567 eff=73.8% flags=-
[3:55:58] #7080 V_bat=3.3536 V i_chg=+0.2410 A P_in=1.095 W Ah=0.9692 Wh=3.1634 eff=73.8% flags=-
[3:56:28] #7095 V_bat=3.3536 V i_chg=+0.2410 A P_in=1.095 W Ah=0.9712 Wh=3.1702 eff=73.8% flags=-
[3:56:58] #7110 V_bat=3.3537 V i_chg=+0.2410 A P_in=1.095 W Ah=0.9732 Wh=3.1769 eff=73.8% flags=-
[3:57:28] #7125 V_bat=3.3537 V i_chg=+0.2410 A P_in=1.095 W Ah=0.9752 Wh=3.1837 eff=73.8% flags=-
[3:57:58] #7140 V_bat=3.3538 V i_chg=+0.2410 A P_in=1.095 W Ah=0.9772 Wh=3.1904 eff=73.8% flags=-
[3:58:28] #7155 V_bat=3.3539 V i_chg=+0.2410 A P_in=1.095 W Ah=0.9792 Wh=3.1971 eff=73.8% flags=-
[3:58:58] #7170 V_bat=3.3539 V i_chg=+0.2410 A P_in=1.095 W Ah=0.9812 Wh=3.2039 eff=73.8% flags=-
[3:59:28] #7185 V_bat=3.3540 V i_chg=+0.2410 A P_in=1.095 W Ah=0.9832 Wh=3.2106 eff=73.8% flags=-
[3:59:58] #7200 V_bat=3.3540 V i_chg=+0.2410 A P_in=1.095 W Ah=0.9853 Wh=3.2173 eff=73.8% flags=-
[4:00:28] #7215 V_bat=3.3541 V i_chg=+0.2410 A P_in=1.095 W Ah=0.9873 Wh=3.2240 eff=73.8% flags=-
[4:00:58] #7230 V_bat=3.3541 V i_chg=+0.2410 A P_in=1.095 W Ah=0.9893 Wh=3.2308 eff=73.8% flags=-
[4:01:28] #7245 V_bat=3.3542 V i_chg=+0.2410 A P_in=1.095 W Ah=0.9913 Wh=3.2375 eff=73.8% flags=-
[4:01:58] #7260 V_bat=3.3542 V i_chg=+0.2410 A P_in=1.096 W Ah=0.9933 Wh=3.2443 eff=73.8% flags=-
[4:02:28] #7275 V_bat=3.3543 V i_chg=+0.2410 A P_in=1.095 W Ah=0.9953 Wh=3.2510 eff=73.8% flags=-
[4:02:58] #7290 V_bat=3.3543 V i_chg=+0.2410 A P_in=1.095 W Ah=0.9973 Wh=3.2577 eff=73.8% flags=-
[4:03:28] #7305 V_bat=3.3544 V i_chg=+0.2410 A P_in=1.095 W Ah=0.9993 Wh=3.2645 eff=73.8% flags=-
[4:03:58] #7320 V_bat=3.3544 V i_chg=+0.2409 A P_in=1.095 W Ah=1.0013 Wh=3.2712 eff=73.8% flags=-
[4:04:28] #7335 V_bat=3.3544 V i_chg=+0.2410 A P_in=1.095 W Ah=1.0033 Wh=3.2779 eff=73.8% flags=-
[4:04:58] #7350 V_bat=3.3545 V i_chg=+0.2410 A P_in=1.095 W Ah=1.0053 Wh=3.2847 eff=73.8% flags=-
[4:05:28] #7365 V_bat=3.3545 V i_chg=+0.2410 A P_in=1.095 W Ah=1.0073 Wh=3.2914 eff=73.8% flags=-
[4:05:58] #7380 V_bat=3.3545 V i_chg=+0.2410 A P_in=1.095 W Ah=1.0093 Wh=3.2981 eff=73.8% flags=-
[4:06:28] #7395 V_bat=3.3546 V i_chg=+0.2409 A P_in=1.095 W Ah=1.0114 Wh=3.3049 eff=73.8% flags=-
[4:06:58] #7410 V_bat=3.3546 V i_chg=+0.2409 A P_in=1.095 W Ah=1.0134 Wh=3.3116 eff=73.8% flags=-
[4:07:28] #7425 V_bat=3.3547 V i_chg=+0.2409 A P_in=1.095 W Ah=1.0154 Wh=3.3183 eff=73.8% flags=-
[4:07:58] #7440 V_bat=3.3547 V i_chg=+0.2409 A P_in=1.095 W Ah=1.0174 Wh=3.3251 eff=73.8% flags=-
[4:08:28] #7455 V_bat=3.3547 V i_chg=+0.2409 A P_in=1.095 W Ah=1.0194 Wh=3.3318 eff=73.8% flags=-
[4:08:58] #7470 V_bat=3.3548 V i_chg=+0.2409 A P_in=1.095 W Ah=1.0214 Wh=3.3386 eff=73.8% flags=-
[4:09:28] #7485 V_bat=3.3548 V i_chg=+0.2409 A P_in=1.095 W Ah=1.0234 Wh=3.3453 eff=73.8% flags=-
[4:09:58] #7500 V_bat=3.3548 V i_chg=+0.2409 A P_in=1.095 W Ah=1.0254 Wh=3.3520 eff=73.8% flags=-
[4:10:28] #7515 V_bat=3.3549 V i_chg=+0.2409 A P_in=1.095 W Ah=1.0274 Wh=3.3588 eff=73.8% flags=-
[4:10:58] #7530 V_bat=3.3549 V i_chg=+0.2409 A P_in=1.095 W Ah=1.0294 Wh=3.3655 eff=73.8% flags=-
[4:11:28] #7545 V_bat=3.3549 V i_chg=+0.2409 A P_in=1.095 W Ah=1.0314 Wh=3.3722 eff=73.8% flags=-
[4:11:58] #7560 V_bat=3.3549 V i_chg=+0.2409 A P_in=1.095 W Ah=1.0334 Wh=3.3790 eff=73.8% flags=-
[4:12:28] #7575 V_bat=3.3550 V i_chg=+0.2409 A P_in=1.095 W Ah=1.0355 Wh=3.3857 eff=73.8% flags=-
[4:12:58] #7590 V_bat=3.3550 V i_chg=+0.2409 A P_in=1.095 W Ah=1.0375 Wh=3.3924 eff=73.8% flags=-
[4:13:28] #7605 V_bat=3.3550 V i_chg=+0.2409 A P_in=1.095 W Ah=1.0395 Wh=3.3992 eff=73.8% flags=-
[4:13:58] #7620 V_bat=3.3551 V i_chg=+0.2409 A P_in=1.095 W Ah=1.0415 Wh=3.4059 eff=73.8% flags=-
[4:14:28] #7635 V_bat=3.3551 V i_chg=+0.2409 A P_in=1.095 W Ah=1.0435 Wh=3.4126 eff=73.8% flags=-
[4:14:58] #7650 V_bat=3.3551 V i_chg=+0.2409 A P_in=1.095 W Ah=1.0455 Wh=3.4194 eff=73.8% flags=-
[4:15:28] #7665 V_bat=3.3551 V i_chg=+0.2409 A P_in=1.095 W Ah=1.0475 Wh=3.4261 eff=73.8% flags=-
[4:15:58] #7680 V_bat=3.3552 V i_chg=+0.2409 A P_in=1.095 W Ah=1.0495 Wh=3.4329 eff=73.8% flags=-
[4:16:28] #7695 V_bat=3.3552 V i_chg=+0.2409 A P_in=1.095 W Ah=1.0515 Wh=3.4396 eff=73.8% flags=-
[4:16:58] #7710 V_bat=3.3552 V i_chg=+0.2409 A P_in=1.095 W Ah=1.0535 Wh=3.4463 eff=73.8% flags=-
[4:17:28] #7725 V_bat=3.3553 V i_chg=+0.2409 A P_in=1.095 W Ah=1.0555 Wh=3.4531 eff=73.8% flags=-
[4:17:58] #7740 V_bat=3.3553 V i_chg=+0.2409 A P_in=1.095 W Ah=1.0575 Wh=3.4598 eff=73.8% flags=-
[4:18:28] #7755 V_bat=3.3553 V i_chg=+0.2409 A P_in=1.096 W Ah=1.0595 Wh=3.4665 eff=73.8% flags=-
[4:18:58] #7770 V_bat=3.3553 V i_chg=+0.2409 A P_in=1.095 W Ah=1.0615 Wh=3.4733 eff=73.8% flags=-
[4:19:28] #7785 V_bat=3.3554 V i_chg=+0.2409 A P_in=1.096 W Ah=1.0635 Wh=3.4800 eff=73.8% flags=-
[4:19:58] #7800 V_bat=3.3554 V i_chg=+0.2409 A P_in=1.096 W Ah=1.0656 Wh=3.4867 eff=73.8% flags=-
[4:20:28] #7815 V_bat=3.3554 V i_chg=+0.2409 A P_in=1.095 W Ah=1.0676 Wh=3.4935 eff=73.8% flags=-
[4:20:58] #7830 V_bat=3.3554 V i_chg=+0.2409 A P_in=1.095 W Ah=1.0696 Wh=3.5002 eff=73.8% flags=-
[4:21:28] #7845 V_bat=3.3555 V i_chg=+0.2409 A P_in=1.095 W Ah=1.0716 Wh=3.5070 eff=73.8% flags=-
[4:21:58] #7860 V_bat=3.3555 V i_chg=+0.2409 A P_in=1.095 W Ah=1.0736 Wh=3.5137 eff=73.8% flags=-
[4:22:28] #7875 V_bat=3.3555 V i_chg=+0.2409 A P_in=1.095 W Ah=1.0756 Wh=3.5204 eff=73.8% flags=-
[4:22:58] #7890 V_bat=3.3555 V i_chg=+0.2409 A P_in=1.095 W Ah=1.0776 Wh=3.5271 eff=73.8% flags=-
[4:23:28] #7905 V_bat=3.3556 V i_chg=+0.2409 A P_in=1.095 W Ah=1.0796 Wh=3.5339 eff=73.8% flags=-
[4:23:58] #7920 V_bat=3.3556 V i_chg=+0.2409 A P_in=1.095 W Ah=1.0816 Wh=3.5406 eff=73.8% flags=-
[4:24:28] #7935 V_bat=3.3556 V i_chg=+0.2409 A P_in=1.095 W Ah=1.0836 Wh=3.5474 eff=73.8% flags=-
[4:24:58] #7950 V_bat=3.3556 V i_chg=+0.2409 A P_in=1.095 W Ah=1.0856 Wh=3.5541 eff=73.8% flags=-
[4:25:28] #7965 V_bat=3.3556 V i_chg=+0.2409 A P_in=1.096 W Ah=1.0876 Wh=3.5608 eff=73.8% flags=-
[4:25:58] #7980 V_bat=3.3557 V i_chg=+0.2409 A P_in=1.096 W Ah=1.0896 Wh=3.5676 eff=73.8% flags=-
[4:26:28] #7995 V_bat=3.3557 V i_chg=+0.2409 A P_in=1.096 W Ah=1.0917 Wh=3.5743 eff=73.8% flags=-
[4:26:58] #8010 V_bat=3.3557 V i_chg=+0.2409 A P_in=1.096 W Ah=1.0937 Wh=3.5810 eff=73.8% flags=-
[4:27:28] #8025 V_bat=3.3557 V i_chg=+0.2409 A P_in=1.096 W Ah=1.0957 Wh=3.5878 eff=73.8% flags=-
[4:27:58] #8040 V_bat=3.3557 V i_chg=+0.2409 A P_in=1.096 W Ah=1.0977 Wh=3.5945 eff=73.8% flags=-
[4:28:28] #8055 V_bat=3.3558 V i_chg=+0.2409 A P_in=1.095 W Ah=1.0997 Wh=3.6012 eff=73.8% flags=-
[4:28:58] #8070 V_bat=3.3558 V i_chg=+0.2409 A P_in=1.095 W Ah=1.1017 Wh=3.6080 eff=73.8% flags=-
[4:29:28] #8085 V_bat=3.3561 V i_chg=+0.2408 A P_in=1.095 W Ah=1.1037 Wh=3.6147 eff=73.8% flags=-
[4:29:58] #8100 V_bat=3.3561 V i_chg=+0.2408 A P_in=1.095 W Ah=1.1057 Wh=3.6215 eff=73.8% flags=-
[4:30:28] #8115 V_bat=3.3561 V i_chg=+0.2408 A P_in=1.096 W Ah=1.1077 Wh=3.6282 eff=73.8% flags=-
[4:30:58] #8130 V_bat=3.3561 V i_chg=+0.2408 A P_in=1.096 W Ah=1.1097 Wh=3.6349 eff=73.8% flags=-
[4:31:28] #8145 V_bat=3.3561 V i_chg=+0.2408 A P_in=1.095 W Ah=1.1117 Wh=3.6417 eff=73.8% flags=-
[4:31:58] #8160 V_bat=3.3561 V i_chg=+0.2408 A P_in=1.095 W Ah=1.1137 Wh=3.6484 eff=73.8% flags=-
[4:32:28] #8175 V_bat=3.3562 V i_chg=+0.2408 A P_in=1.095 W Ah=1.1157 Wh=3.6551 eff=73.8% flags=-
[4:32:58] #8190 V_bat=3.3562 V i_chg=+0.2408 A P_in=1.095 W Ah=1.1177 Wh=3.6619 eff=73.8% flags=-
[4:33:28] #8205 V_bat=3.3562 V i_chg=+0.2409 A P_in=1.095 W Ah=1.1198 Wh=3.6686 eff=73.8% flags=-
[4:33:58] #8220 V_bat=3.3562 V i_chg=+0.2409 A P_in=1.096 W Ah=1.1218 Wh=3.6753 eff=73.8% flags=-
[4:34:28] #8235 V_bat=3.3563 V i_chg=+0.2408 A P_in=1.095 W Ah=1.1238 Wh=3.6821 eff=73.8% flags=-
[4:34:58] #8250 V_bat=3.3563 V i_chg=+0.2408 A P_in=1.096 W Ah=1.1258 Wh=3.6888 eff=73.8% flags=-
[4:35:28] #8265 V_bat=3.3563 V i_chg=+0.2408 A P_in=1.096 W Ah=1.1278 Wh=3.6955 eff=73.8% flags=-
[4:35:58] #8280 V_bat=3.3563 V i_chg=+0.2408 A P_in=1.096 W Ah=1.1298 Wh=3.7023 eff=73.8% flags=-
[4:36:28] #8295 V_bat=3.3563 V i_chg=+0.2408 A P_in=1.096 W Ah=1.1318 Wh=3.7090 eff=73.8% flags=-
[4:36:58] #8310 V_bat=3.3564 V i_chg=+0.2408 A P_in=1.096 W Ah=1.1338 Wh=3.7157 eff=73.8% flags=-
[4:37:28] #8325 V_bat=3.3564 V i_chg=+0.2408 A P_in=1.096 W Ah=1.1358 Wh=3.7225 eff=73.8% flags=-
[4:37:58] #8340 V_bat=3.3564 V i_chg=+0.2408 A P_in=1.095 W Ah=1.1378 Wh=3.7292 eff=73.8% flags=-
[4:38:28] #8355 V_bat=3.3564 V i_chg=+0.2408 A P_in=1.095 W Ah=1.1398 Wh=3.7359 eff=73.8% flags=-
[4:38:58] #8370 V_bat=3.3564 V i_chg=+0.2408 A P_in=1.096 W Ah=1.1418 Wh=3.7427 eff=73.8% flags=-
[4:39:28] #8385 V_bat=3.3565 V i_chg=+0.2408 A P_in=1.096 W Ah=1.1438 Wh=3.7494 eff=73.8% flags=-
[4:39:58] #8400 V_bat=3.3565 V i_chg=+0.2408 A P_in=1.096 W Ah=1.1458 Wh=3.7562 eff=73.8% flags=-
[4:40:28] #8415 V_bat=3.3565 V i_chg=+0.2408 A P_in=1.096 W Ah=1.1478 Wh=3.7629 eff=73.8% flags=-
[4:40:58] #8430 V_bat=3.3565 V i_chg=+0.2408 A P_in=1.095 W Ah=1.1499 Wh=3.7696 eff=73.8% flags=-
[4:41:28] #8445 V_bat=3.3565 V i_chg=+0.2408 A P_in=1.095 W Ah=1.1519 Wh=3.7764 eff=73.8% flags=-
[4:41:58] #8460 V_bat=3.3566 V i_chg=+0.2408 A P_in=1.096 W Ah=1.1539 Wh=3.7831 eff=73.8% flags=-
[4:42:28] #8475 V_bat=3.3566 V i_chg=+0.2408 A P_in=1.095 W Ah=1.1559 Wh=3.7898 eff=73.8% flags=-
[4:42:58] #8490 V_bat=3.3566 V i_chg=+0.2408 A P_in=1.095 W Ah=1.1579 Wh=3.7966 eff=73.8% flags=-
[4:43:28] #8505 V_bat=3.3567 V i_chg=+0.2408 A P_in=1.095 W Ah=1.1599 Wh=3.8033 eff=73.8% flags=-
[4:43:58] #8520 V_bat=3.3566 V i_chg=+0.2408 A P_in=1.095 W Ah=1.1619 Wh=3.8100 eff=73.8% flags=-
[4:44:28] #8535 V_bat=3.3566 V i_chg=+0.2408 A P_in=1.095 W Ah=1.1639 Wh=3.8168 eff=73.8% flags=-
[4:44:58] #8550 V_bat=3.3566 V i_chg=+0.2408 A P_in=1.096 W Ah=1.1659 Wh=3.8235 eff=73.8% flags=-
[4:45:28] #8565 V_bat=3.3566 V i_chg=+0.2408 A P_in=1.095 W Ah=1.1679 Wh=3.8303 eff=73.8% flags=-
[4:45:58] #8580 V_bat=3.3566 V i_chg=+0.2408 A P_in=1.096 W Ah=1.1699 Wh=3.8370 eff=73.8% flags=-
[4:46:28] #8595 V_bat=3.3567 V i_chg=+0.2408 A P_in=1.096 W Ah=1.1719 Wh=3.8437 eff=73.8% flags=-
[4:46:58] #8610 V_bat=3.3567 V i_chg=+0.2408 A P_in=1.096 W Ah=1.1739 Wh=3.8505 eff=73.8% flags=-
[4:47:28] #8625 V_bat=3.3567 V i_chg=+0.2408 A P_in=1.096 W Ah=1.1759 Wh=3.8572 eff=73.8% flags=-
[4:47:58] #8640 V_bat=3.3567 V i_chg=+0.2408 A P_in=1.095 W Ah=1.1779 Wh=3.8639 eff=73.8% flags=-
[4:48:28] #8655 V_bat=3.3568 V i_chg=+0.2408 A P_in=1.095 W Ah=1.1800 Wh=3.8707 eff=73.8% flags=-
[4:48:58] #8670 V_bat=3.3568 V i_chg=+0.2408 A P_in=1.096 W Ah=1.1820 Wh=3.8774 eff=73.8% flags=-
[4:49:28] #8685 V_bat=3.3568 V i_chg=+0.2408 A P_in=1.096 W Ah=1.1840 Wh=3.8841 eff=73.8% flags=-
[4:49:58] #8700 V_bat=3.3568 V i_chg=+0.2408 A P_in=1.096 W Ah=1.1860 Wh=3.8909 eff=73.8% flags=-
[4:50:28] #8715 V_bat=3.3568 V i_chg=+0.2407 A P_in=1.095 W Ah=1.1880 Wh=3.8976 eff=73.8% flags=-
[4:50:58] #8730 V_bat=3.3569 V i_chg=+0.2408 A P_in=1.096 W Ah=1.1900 Wh=3.9043 eff=73.8% flags=-
[4:51:28] #8745 V_bat=3.3569 V i_chg=+0.2408 A P_in=1.095 W Ah=1.1920 Wh=3.9111 eff=73.8% flags=-
[4:51:58] #8760 V_bat=3.3570 V i_chg=+0.2408 A P_in=1.095 W Ah=1.1940 Wh=3.9178 eff=73.8% flags=-
[4:52:28] #8775 V_bat=3.3570 V i_chg=+0.2408 A P_in=1.095 W Ah=1.1960 Wh=3.9245 eff=73.8% flags=-
[4:52:58] #8790 V_bat=3.3570 V i_chg=+0.2407 A P_in=1.096 W Ah=1.1980 Wh=3.9313 eff=73.8% flags=-
[4:53:28] #8805 V_bat=3.3570 V i_chg=+0.2408 A P_in=1.096 W Ah=1.2000 Wh=3.9380 eff=73.8% flags=-
[4:53:58] #8820 V_bat=3.3570 V i_chg=+0.2408 A P_in=1.095 W Ah=1.2020 Wh=3.9448 eff=73.8% flags=-
[4:54:28] #8835 V_bat=3.3570 V i_chg=+0.2408 A P_in=1.095 W Ah=1.2040 Wh=3.9515 eff=73.8% flags=-
[4:54:58] #8850 V_bat=3.3570 V i_chg=+0.2408 A P_in=1.095 W Ah=1.2060 Wh=3.9582 eff=73.8% flags=-
[4:55:28] #8865 V_bat=3.3571 V i_chg=+0.2408 A P_in=1.096 W Ah=1.2080 Wh=3.9650 eff=73.8% flags=-
[4:55:58] #8880 V_bat=3.3571 V i_chg=+0.2408 A P_in=1.095 W Ah=1.2100 Wh=3.9717 eff=73.8% flags=-
[4:56:28] #8895 V_bat=3.3571 V i_chg=+0.2408 A P_in=1.096 W Ah=1.2121 Wh=3.9784 eff=73.8% flags=-
[4:56:58] #8910 V_bat=3.3572 V i_chg=+0.2407 A P_in=1.095 W Ah=1.2141 Wh=3.9852 eff=73.8% flags=-
[4:57:28] #8925 V_bat=3.3572 V i_chg=+0.2407 A P_in=1.096 W Ah=1.2161 Wh=3.9919 eff=73.8% flags=-
[4:57:58] #8940 V_bat=3.3572 V i_chg=+0.2407 A P_in=1.096 W Ah=1.2181 Wh=3.9987 eff=73.8% flags=-
[4:58:28] #8955 V_bat=3.3572 V i_chg=+0.2407 A P_in=1.095 W Ah=1.2201 Wh=4.0054 eff=73.8% flags=-
[4:58:58] #8970 V_bat=3.3573 V i_chg=+0.2407 A P_in=1.096 W Ah=1.2221 Wh=4.0121 eff=73.8% flags=-
[4:59:28] #8985 V_bat=3.3573 V i_chg=+0.2407 A P_in=1.096 W Ah=1.2241 Wh=4.0188 eff=73.8% flags=-
[4:59:58] #9000 V_bat=3.3573 V i_chg=+0.2407 A P_in=1.096 W Ah=1.2261 Wh=4.0256 eff=73.8% flags=-
[5:00:28] #9015 V_bat=3.3573 V i_chg=+0.2407 A P_in=1.096 W Ah=1.2281 Wh=4.0323 eff=73.8% flags=-
[5:00:58] #9030 V_bat=3.3573 V i_chg=+0.2407 A P_in=1.096 W Ah=1.2301 Wh=4.0391 eff=73.8% flags=-
[5:01:28] #9045 V_bat=3.3574 V i_chg=+0.2407 A P_in=1.096 W Ah=1.2321 Wh=4.0458 eff=73.8% flags=-
[5:01:58] #9060 V_bat=3.3574 V i_chg=+0.2407 A P_in=1.096 W Ah=1.2341 Wh=4.0525 eff=73.8% flags=-
[5:02:28] #9075 V_bat=3.3574 V i_chg=+0.2407 A P_in=1.095 W Ah=1.2361 Wh=4.0592 eff=73.8% flags=-
[5:02:58] #9090 V_bat=3.3574 V i_chg=+0.2407 A P_in=1.096 W Ah=1.2381 Wh=4.0660 eff=73.8% flags=-
[5:03:28] #9105 V_bat=3.3574 V i_chg=+0.2407 A P_in=1.096 W Ah=1.2401 Wh=4.0727 eff=73.8% flags=-
[5:03:58] #9120 V_bat=3.3574 V i_chg=+0.2407 A P_in=1.095 W Ah=1.2421 Wh=4.0795 eff=73.8% flags=-
[5:04:28] #9135 V_bat=3.3575 V i_chg=+0.2407 A P_in=1.095 W Ah=1.2442 Wh=4.0862 eff=73.8% flags=-
[5:04:58] #9150 V_bat=3.3575 V i_chg=+0.2407 A P_in=1.095 W Ah=1.2462 Wh=4.0929 eff=73.8% flags=-
[5:05:28] #9165 V_bat=3.3575 V i_chg=+0.2407 A P_in=1.095 W Ah=1.2482 Wh=4.0997 eff=73.8% flags=-
[5:05:58] #9180 V_bat=3.3575 V i_chg=+0.2407 A P_in=1.096 W Ah=1.2502 Wh=4.1064 eff=73.8% flags=-
[5:06:28] #9195 V_bat=3.3575 V i_chg=+0.2407 A P_in=1.096 W Ah=1.2522 Wh=4.1131 eff=73.8% flags=-
[5:06:58] #9210 V_bat=3.3576 V i_chg=+0.2407 A P_in=1.096 W Ah=1.2542 Wh=4.1199 eff=73.8% flags=-
[5:07:28] #9225 V_bat=3.3576 V i_chg=+0.2407 A P_in=1.096 W Ah=1.2562 Wh=4.1266 eff=73.8% flags=-
[5:07:58] #9240 V_bat=3.3576 V i_chg=+0.2407 A P_in=1.096 W Ah=1.2582 Wh=4.1333 eff=73.8% flags=-
[5:08:28] #9255 V_bat=3.3576 V i_chg=+0.2407 A P_in=1.096 W Ah=1.2602 Wh=4.1401 eff=73.8% flags=-
[5:08:58] #9270 V_bat=3.3576 V i_chg=+0.2407 A P_in=1.096 W Ah=1.2622 Wh=4.1468 eff=73.8% flags=-
[5:09:28] #9285 V_bat=3.3576 V i_chg=+0.2407 A P_in=1.096 W Ah=1.2642 Wh=4.1536 eff=73.8% flags=-
[5:09:58] #9300 V_bat=3.3576 V i_chg=+0.2407 A P_in=1.096 W Ah=1.2662 Wh=4.1603 eff=73.8% flags=-
[5:10:28] #9315 V_bat=3.3577 V i_chg=+0.2407 A P_in=1.096 W Ah=1.2682 Wh=4.1670 eff=73.8% flags=-
[5:10:58] #9330 V_bat=3.3577 V i_chg=+0.2407 A P_in=1.096 W Ah=1.2702 Wh=4.1737 eff=73.8% flags=-
[5:11:28] #9345 V_bat=3.3577 V i_chg=+0.2407 A P_in=1.096 W Ah=1.2722 Wh=4.1805 eff=73.8% flags=-
[5:11:58] #9360 V_bat=3.3577 V i_chg=+0.2407 A P_in=1.096 W Ah=1.2742 Wh=4.1872 eff=73.8% flags=-
[5:12:28] #9375 V_bat=3.3578 V i_chg=+0.2407 A P_in=1.096 W Ah=1.2763 Wh=4.1940 eff=73.8% flags=-
[5:12:58] #9390 V_bat=3.3578 V i_chg=+0.2407 A P_in=1.096 W Ah=1.2783 Wh=4.2007 eff=73.8% flags=-
[5:13:28] #9405 V_bat=3.3578 V i_chg=+0.2407 A P_in=1.095 W Ah=1.2803 Wh=4.2074 eff=73.8% flags=-
[5:13:58] #9420 V_bat=3.3578 V i_chg=+0.2407 A P_in=1.096 W Ah=1.2823 Wh=4.2142 eff=73.8% flags=-
[5:14:28] #9435 V_bat=3.3579 V i_chg=+0.2407 A P_in=1.096 W Ah=1.2843 Wh=4.2209 eff=73.8% flags=-
[5:14:58] #9450 V_bat=3.3579 V i_chg=+0.2407 A P_in=1.096 W Ah=1.2863 Wh=4.2276 eff=73.8% flags=-
[5:15:28] #9465 V_bat=3.3579 V i_chg=+0.2407 A P_in=1.096 W Ah=1.2883 Wh=4.2344 eff=73.8% flags=-
[5:15:58] #9480 V_bat=3.3579 V i_chg=+0.2407 A P_in=1.095 W Ah=1.2903 Wh=4.2411 eff=73.8% flags=-
[5:16:28] #9495 V_bat=3.3579 V i_chg=+0.2407 A P_in=1.096 W Ah=1.2923 Wh=4.2478 eff=73.8% flags=-
[5:16:58] #9510 V_bat=3.3579 V i_chg=+0.2407 A P_in=1.096 W Ah=1.2943 Wh=4.2546 eff=73.8% flags=-
[5:17:28] #9525 V_bat=3.3580 V i_chg=+0.2407 A P_in=1.096 W Ah=1.2963 Wh=4.2613 eff=73.8% flags=-
[5:17:58] #9540 V_bat=3.3580 V i_chg=+0.2407 A P_in=1.095 W Ah=1.2983 Wh=4.2680 eff=73.8% flags=-
[5:18:28] #9555 V_bat=3.3580 V i_chg=+0.2407 A P_in=1.096 W Ah=1.3003 Wh=4.2748 eff=73.8% flags=-
[5:18:58] #9570 V_bat=3.3580 V i_chg=+0.2407 A P_in=1.096 W Ah=1.3023 Wh=4.2815 eff=73.8% flags=-
[5:19:28] #9585 V_bat=3.3581 V i_chg=+0.2407 A P_in=1.096 W Ah=1.3043 Wh=4.2883 eff=73.8% flags=-
[5:19:58] #9600 V_bat=3.3581 V i_chg=+0.2407 A P_in=1.096 W Ah=1.3063 Wh=4.2950 eff=73.8% flags=-
[5:20:28] #9615 V_bat=3.3581 V i_chg=+0.2407 A P_in=1.096 W Ah=1.3083 Wh=4.3017 eff=73.8% flags=-
[5:20:58] #9630 V_bat=3.3581 V i_chg=+0.2407 A P_in=1.095 W Ah=1.3103 Wh=4.3085 eff=73.8% flags=-
[5:21:28] #9645 V_bat=3.3582 V i_chg=+0.2407 A P_in=1.096 W Ah=1.3124 Wh=4.3152 eff=73.8% flags=-
[5:21:58] #9660 V_bat=3.3582 V i_chg=+0.2407 A P_in=1.095 W Ah=1.3144 Wh=4.3219 eff=73.8% flags=-
[5:22:28] #9675 V_bat=3.3582 V i_chg=+0.2407 A P_in=1.096 W Ah=1.3164 Wh=4.3287 eff=73.8% flags=-
[5:22:58] #9690 V_bat=3.3582 V i_chg=+0.2407 A P_in=1.096 W Ah=1.3184 Wh=4.3354 eff=73.8% flags=-
[5:23:28] #9705 V_bat=3.3583 V i_chg=+0.2407 A P_in=1.096 W Ah=1.3204 Wh=4.3421 eff=73.8% flags=-
[5:23:58] #9720 V_bat=3.3583 V i_chg=+0.2407 A P_in=1.095 W Ah=1.3224 Wh=4.3489 eff=73.8% flags=-
[5:24:28] #9735 V_bat=3.3583 V i_chg=+0.2407 A P_in=1.096 W Ah=1.3244 Wh=4.3556 eff=73.8% flags=-
[5:24:58] #9750 V_bat=3.3583 V i_chg=+0.2407 A P_in=1.095 W Ah=1.3264 Wh=4.3623 eff=73.8% flags=-
[5:25:28] #9765 V_bat=3.3584 V i_chg=+0.2407 A P_in=1.096 W Ah=1.3284 Wh=4.3691 eff=73.8% flags=-
[5:25:58] #9780 V_bat=3.3584 V i_chg=+0.2407 A P_in=1.096 W Ah=1.3304 Wh=4.3758 eff=73.8% flags=-
[5:26:28] #9795 V_bat=3.3584 V i_chg=+0.2407 A P_in=1.096 W Ah=1.3324 Wh=4.3826 eff=73.8% flags=-
[5:26:58] #9810 V_bat=3.3584 V i_chg=+0.2407 A P_in=1.095 W Ah=1.3344 Wh=4.3893 eff=73.8% flags=-
[5:27:28] #9825 V_bat=3.3585 V i_chg=+0.2407 A P_in=1.096 W Ah=1.3364 Wh=4.3960 eff=73.8% flags=-
[5:27:58] #9840 V_bat=3.3585 V i_chg=+0.2407 A P_in=1.095 W Ah=1.3384 Wh=4.4027 eff=73.8% flags=-
[5:28:28] #9855 V_bat=3.3585 V i_chg=+0.2407 A P_in=1.095 W Ah=1.3404 Wh=4.4095 eff=73.8% flags=-
[5:28:58] #9870 V_bat=3.3586 V i_chg=+0.2407 A P_in=1.096 W Ah=1.3424 Wh=4.4162 eff=73.8% flags=-
[5:29:28] #9885 V_bat=3.3586 V i_chg=+0.2407 A P_in=1.095 W Ah=1.3444 Wh=4.4230 eff=73.8% flags=-
[5:29:58] #9900 V_bat=3.3586 V i_chg=+0.2407 A P_in=1.096 W Ah=1.3465 Wh=4.4297 eff=73.8% flags=-
[5:30:28] #9915 V_bat=3.3586 V i_chg=+0.2407 A P_in=1.095 W Ah=1.3485 Wh=4.4364 eff=73.8% flags=-
[5:30:58] #9930 V_bat=3.3586 V i_chg=+0.2407 A P_in=1.096 W Ah=1.3505 Wh=4.4432 eff=73.8% flags=-
[5:31:28] #9945 V_bat=3.3587 V i_chg=+0.2407 A P_in=1.096 W Ah=1.3525 Wh=4.4499 eff=73.8% flags=-
[5:31:58] #9960 V_bat=3.3587 V i_chg=+0.2407 A P_in=1.095 W Ah=1.3545 Wh=4.4566 eff=73.8% flags=-
[5:32:28] #9975 V_bat=3.3587 V i_chg=+0.2406 A P_in=1.095 W Ah=1.3565 Wh=4.4634 eff=73.8% flags=-
[5:32:58] #9990 V_bat=3.3588 V i_chg=+0.2406 A P_in=1.095 W Ah=1.3585 Wh=4.4701 eff=73.8% flags=-
[5:33:28] #10005 V_bat=3.3588 V i_chg=+0.2406 A P_in=1.095 W Ah=1.3605 Wh=4.4768 eff=73.8% flags=-
[5:33:58] #10020 V_bat=3.3588 V i_chg=+0.2407 A P_in=1.095 W Ah=1.3625 Wh=4.4836 eff=73.8% flags=-
[5:34:28] #10035 V_bat=3.3588 V i_chg=+0.2407 A P_in=1.096 W Ah=1.3645 Wh=4.4903 eff=73.8% flags=-
[5:34:58] #10050 V_bat=3.3589 V i_chg=+0.2407 A P_in=1.096 W Ah=1.3665 Wh=4.4971 eff=73.8% flags=-
[5:35:28] #10065 V_bat=3.3589 V i_chg=+0.2407 A P_in=1.095 W Ah=1.3685 Wh=4.5038 eff=73.8% flags=-
[5:35:58] #10080 V_bat=3.3589 V i_chg=+0.2407 A P_in=1.095 W Ah=1.3705 Wh=4.5105 eff=73.8% flags=-
[5:36:28] #10095 V_bat=3.3590 V i_chg=+0.2406 A P_in=1.095 W Ah=1.3725 Wh=4.5173 eff=73.8% flags=-
[5:36:58] #10110 V_bat=3.3590 V i_chg=+0.2407 A P_in=1.096 W Ah=1.3745 Wh=4.5240 eff=73.8% flags=-
[5:37:28] #10125 V_bat=3.3590 V i_chg=+0.2406 A P_in=1.096 W Ah=1.3765 Wh=4.5307 eff=73.8% flags=-
[5:37:58] #10140 V_bat=3.3591 V i_chg=+0.2406 A P_in=1.095 W Ah=1.3785 Wh=4.5375 eff=73.8% flags=-
[5:38:28] #10155 V_bat=3.3591 V i_chg=+0.2407 A P_in=1.095 W Ah=1.3805 Wh=4.5442 eff=73.8% flags=-
[5:38:58] #10170 V_bat=3.3591 V i_chg=+0.2406 A P_in=1.096 W Ah=1.3825 Wh=4.5510 eff=73.8% flags=-
[5:39:28] #10185 V_bat=3.3591 V i_chg=+0.2406 A P_in=1.095 W Ah=1.3846 Wh=4.5577 eff=73.8% flags=-
[5:39:58] #10200 V_bat=3.3592 V i_chg=+0.2406 A P_in=1.096 W Ah=1.3866 Wh=4.5644 eff=73.8% flags=-
[5:40:28] #10215 V_bat=3.3592 V i_chg=+0.2406 A P_in=1.096 W Ah=1.3886 Wh=4.5711 eff=73.8% flags=-
[5:40:58] #10230 V_bat=3.3593 V i_chg=+0.2406 A P_in=1.096 W Ah=1.3906 Wh=4.5779 eff=73.8% flags=-
[5:41:28] #10245 V_bat=3.3593 V i_chg=+0.2406 A P_in=1.095 W Ah=1.3926 Wh=4.5846 eff=73.8% flags=-
[5:41:58] #10260 V_bat=3.3593 V i_chg=+0.2406 A P_in=1.095 W Ah=1.3946 Wh=4.5914 eff=73.8% flags=-
[5:42:28] #10275 V_bat=3.3593 V i_chg=+0.2406 A P_in=1.095 W Ah=1.3966 Wh=4.5981 eff=73.8% flags=-
[5:42:58] #10290 V_bat=3.3594 V i_chg=+0.2406 A P_in=1.095 W Ah=1.3986 Wh=4.6048 eff=73.8% flags=-
[5:43:28] #10305 V_bat=3.3594 V i_chg=+0.2406 A P_in=1.096 W Ah=1.4006 Wh=4.6116 eff=73.8% flags=-
[5:43:58] #10320 V_bat=3.3594 V i_chg=+0.2406 A P_in=1.096 W Ah=1.4026 Wh=4.6183 eff=73.8% flags=-
[5:44:28] #10335 V_bat=3.3595 V i_chg=+0.2406 A P_in=1.096 W Ah=1.4046 Wh=4.6250 eff=73.8% flags=-
[5:44:58] #10350 V_bat=3.3595 V i_chg=+0.2406 A P_in=1.096 W Ah=1.4066 Wh=4.6318 eff=73.8% flags=-
[5:45:28] #10365 V_bat=3.3595 V i_chg=+0.2406 A P_in=1.095 W Ah=1.4086 Wh=4.6385 eff=73.8% flags=-
[5:45:58] #10380 V_bat=3.3596 V i_chg=+0.2406 A P_in=1.095 W Ah=1.4106 Wh=4.6452 eff=73.8% flags=-
[5:46:28] #10395 V_bat=3.3596 V i_chg=+0.2406 A P_in=1.095 W Ah=1.4126 Wh=4.6520 eff=73.8% flags=-
[5:46:58] #10410 V_bat=3.3596 V i_chg=+0.2406 A P_in=1.095 W Ah=1.4146 Wh=4.6587 eff=73.8% flags=-
[5:47:28] #10425 V_bat=3.3597 V i_chg=+0.2406 A P_in=1.096 W Ah=1.4166 Wh=4.6655 eff=73.8% flags=-
[5:47:58] #10440 V_bat=3.3597 V i_chg=+0.2406 A P_in=1.096 W Ah=1.4186 Wh=4.6722 eff=73.8% flags=-
[5:48:28] #10455 V_bat=3.3597 V i_chg=+0.2406 A P_in=1.096 W Ah=1.4206 Wh=4.6789 eff=73.8% flags=-
[5:48:58] #10470 V_bat=3.3597 V i_chg=+0.2406 A P_in=1.096 W Ah=1.4227 Wh=4.6857 eff=73.8% flags=-
[5:49:28] #10485 V_bat=3.3598 V i_chg=+0.2406 A P_in=1.095 W Ah=1.4247 Wh=4.6924 eff=73.8% flags=-
[5:49:58] #10500 V_bat=3.3598 V i_chg=+0.2406 A P_in=1.096 W Ah=1.4267 Wh=4.6992 eff=73.8% flags=-
[5:50:28] #10515 V_bat=3.3598 V i_chg=+0.2406 A P_in=1.095 W Ah=1.4287 Wh=4.7059 eff=73.8% flags=-
[5:50:58] #10530 V_bat=3.3599 V i_chg=+0.2406 A P_in=1.095 W Ah=1.4307 Wh=4.7126 eff=73.8% flags=-
[5:51:28] #10545 V_bat=3.3599 V i_chg=+0.2406 A P_in=1.096 W Ah=1.4327 Wh=4.7194 eff=73.8% flags=-
[5:51:58] #10560 V_bat=3.3599 V i_chg=+0.2406 A P_in=1.095 W Ah=1.4347 Wh=4.7261 eff=73.8% flags=-
[5:52:28] #10575 V_bat=3.3600 V i_chg=+0.2406 A P_in=1.095 W Ah=1.4367 Wh=4.7328 eff=73.8% flags=-
[5:52:58] #10590 V_bat=3.3600 V i_chg=+0.2406 A P_in=1.095 W Ah=1.4387 Wh=4.7396 eff=73.8% flags=-
[5:53:28] #10605 V_bat=3.3600 V i_chg=+0.2406 A P_in=1.095 W Ah=1.4407 Wh=4.7463 eff=73.8% flags=-
[5:53:58] #10620 V_bat=3.3601 V i_chg=+0.2406 A P_in=1.095 W Ah=1.4427 Wh=4.7530 eff=73.8% flags=-
[5:54:28] #10635 V_bat=3.3601 V i_chg=+0.2406 A P_in=1.095 W Ah=1.4447 Wh=4.7598 eff=73.8% flags=-
[5:54:58] #10650 V_bat=3.3601 V i_chg=+0.2406 A P_in=1.095 W Ah=1.4467 Wh=4.7665 eff=73.8% flags=-
[5:55:28] #10665 V_bat=3.3602 V i_chg=+0.2406 A P_in=1.095 W Ah=1.4487 Wh=4.7733 eff=73.8% flags=-
[5:55:58] #10680 V_bat=3.3602 V i_chg=+0.2406 A P_in=1.096 W Ah=1.4507 Wh=4.7800 eff=73.8% flags=-
[5:56:28] #10695 V_bat=3.3602 V i_chg=+0.2406 A P_in=1.096 W Ah=1.4527 Wh=4.7867 eff=73.8% flags=-
[5:56:58] #10710 V_bat=3.3603 V i_chg=+0.2406 A P_in=1.095 W Ah=1.4547 Wh=4.7935 eff=73.8% flags=-
[5:57:28] #10725 V_bat=3.3603 V i_chg=+0.2406 A P_in=1.096 W Ah=1.4567 Wh=4.8002 eff=73.8% flags=-
[5:57:58] #10740 V_bat=3.3603 V i_chg=+0.2406 A P_in=1.096 W Ah=1.4587 Wh=4.8069 eff=73.8% flags=-
[5:58:28] #10755 V_bat=3.3604 V i_chg=+0.2406 A P_in=1.096 W Ah=1.4607 Wh=4.8137 eff=73.8% flags=-
[5:58:58] #10770 V_bat=3.3604 V i_chg=+0.2406 A P_in=1.096 W Ah=1.4627 Wh=4.8204 eff=73.8% flags=-
[5:59:28] #10785 V_bat=3.3604 V i_chg=+0.2406 A P_in=1.096 W Ah=1.4648 Wh=4.8271 eff=73.8% flags=-
[5:59:58] #10800 V_bat=3.3605 V i_chg=+0.2406 A P_in=1.096 W Ah=1.4668 Wh=4.8339 eff=73.8% flags=-
[6:00:28] #10815 V_bat=3.3605 V i_chg=+0.2406 A P_in=1.096 W Ah=1.4688 Wh=4.8406 eff=73.8% flags=-
[6:00:58] #10830 V_bat=3.3605 V i_chg=+0.2406 A P_in=1.096 W Ah=1.4708 Wh=4.8473 eff=73.8% flags=-
[6:01:28] #10845 V_bat=3.3606 V i_chg=+0.2406 A P_in=1.096 W Ah=1.4728 Wh=4.8541 eff=73.8% flags=-
[6:01:58] #10860 V_bat=3.3606 V i_chg=+0.2405 A P_in=1.096 W Ah=1.4748 Wh=4.8608 eff=73.8% flags=-
[6:02:28] #10875 V_bat=3.3606 V i_chg=+0.2405 A P_in=1.096 W Ah=1.4768 Wh=4.8676 eff=73.8% flags=-
[6:02:58] #10890 V_bat=3.3606 V i_chg=+0.2406 A P_in=1.095 W Ah=1.4788 Wh=4.8743 eff=73.8% flags=-
[6:03:28] #10905 V_bat=3.3607 V i_chg=+0.2406 A P_in=1.096 W Ah=1.4808 Wh=4.8810 eff=73.8% flags=-
[6:03:58] #10920 V_bat=3.3607 V i_chg=+0.2406 A P_in=1.096 W Ah=1.4828 Wh=4.8878 eff=73.8% flags=-
[6:04:28] #10935 V_bat=3.3607 V i_chg=+0.2406 A P_in=1.096 W Ah=1.4848 Wh=4.8945 eff=73.8% flags=-
[6:04:58] #10950 V_bat=3.3608 V i_chg=+0.2406 A P_in=1.096 W Ah=1.4868 Wh=4.9013 eff=73.8% flags=-
[6:05:28] #10965 V_bat=3.3608 V i_chg=+0.2405 A P_in=1.095 W Ah=1.4888 Wh=4.9080 eff=73.8% flags=-
[6:05:58] #10980 V_bat=3.3609 V i_chg=+0.2405 A P_in=1.096 W Ah=1.4908 Wh=4.9147 eff=73.8% flags=-
[6:06:28] #10995 V_bat=3.3609 V i_chg=+0.2405 A P_in=1.096 W Ah=1.4928 Wh=4.9215 eff=73.8% flags=-
[6:06:58] #11010 V_bat=3.3609 V i_chg=+0.2405 A P_in=1.096 W Ah=1.4948 Wh=4.9282 eff=73.8% flags=-
[6:07:28] #11025 V_bat=3.3609 V i_chg=+0.2406 A P_in=1.095 W Ah=1.4968 Wh=4.9349 eff=73.8% flags=-
[6:07:58] #11040 V_bat=3.3610 V i_chg=+0.2406 A P_in=1.096 W Ah=1.4988 Wh=4.9417 eff=73.8% flags=-
[6:08:28] #11055 V_bat=3.3610 V i_chg=+0.2405 A P_in=1.095 W Ah=1.5008 Wh=4.9484 eff=73.8% flags=-
[6:08:58] #11070 V_bat=3.3610 V i_chg=+0.2405 A P_in=1.095 W Ah=1.5028 Wh=4.9551 eff=73.8% flags=-
[6:09:28] #11085 V_bat=3.3611 V i_chg=+0.2406 A P_in=1.096 W Ah=1.5049 Wh=4.9619 eff=73.8% flags=-
[6:09:58] #11100 V_bat=3.3611 V i_chg=+0.2405 A P_in=1.096 W Ah=1.5069 Wh=4.9686 eff=73.8% flags=-
[6:10:28] #11115 V_bat=3.3612 V i_chg=+0.2405 A P_in=1.095 W Ah=1.5089 Wh=4.9754 eff=73.8% flags=-
[6:10:58] #11130 V_bat=3.3612 V i_chg=+0.2405 A P_in=1.096 W Ah=1.5109 Wh=4.9821 eff=73.8% flags=-
[6:11:28] #11145 V_bat=3.3612 V i_chg=+0.2405 A P_in=1.096 W Ah=1.5129 Wh=4.9888 eff=73.8% flags=-
[6:11:58] #11160 V_bat=3.3613 V i_chg=+0.2406 A P_in=1.096 W Ah=1.5149 Wh=4.9956 eff=73.8% flags=-
[6:12:28] #11175 V_bat=3.3613 V i_chg=+0.2405 A P_in=1.096 W Ah=1.5169 Wh=5.0023 eff=73.8% flags=-
[6:12:58] #11190 V_bat=3.3613 V i_chg=+0.2405 A P_in=1.096 W Ah=1.5189 Wh=5.0090 eff=73.8% flags=-
[6:13:28] #11205 V_bat=3.3614 V i_chg=+0.2405 A P_in=1.095 W Ah=1.5209 Wh=5.0158 eff=73.8% flags=-
[6:13:58] #11220 V_bat=3.3614 V i_chg=+0.2405 A P_in=1.095 W Ah=1.5229 Wh=5.0225 eff=73.8% flags=-
[6:14:28] #11235 V_bat=3.3614 V i_chg=+0.2405 A P_in=1.096 W Ah=1.5249 Wh=5.0293 eff=73.8% flags=-
[6:14:58] #11250 V_bat=3.3615 V i_chg=+0.2405 A P_in=1.095 W Ah=1.5269 Wh=5.0360 eff=73.8% flags=-
[6:15:28] #11265 V_bat=3.3615 V i_chg=+0.2405 A P_in=1.095 W Ah=1.5289 Wh=5.0427 eff=73.8% flags=-
[6:15:58] #11280 V_bat=3.3615 V i_chg=+0.2405 A P_in=1.095 W Ah=1.5309 Wh=5.0495 eff=73.8% flags=-
[6:16:28] #11295 V_bat=3.3616 V i_chg=+0.2405 A P_in=1.096 W Ah=1.5329 Wh=5.0562 eff=73.8% flags=-
[6:16:58] #11310 V_bat=3.3616 V i_chg=+0.2405 A P_in=1.095 W Ah=1.5349 Wh=5.0629 eff=73.8% flags=-
[6:17:28] #11325 V_bat=3.3616 V i_chg=+0.2405 A P_in=1.096 W Ah=1.5369 Wh=5.0697 eff=73.8% flags=-
[6:17:58] #11340 V_bat=3.3617 V i_chg=+0.2405 A P_in=1.096 W Ah=1.5389 Wh=5.0764 eff=73.8% flags=-
[6:18:28] #11355 V_bat=3.3617 V i_chg=+0.2405 A P_in=1.096 W Ah=1.5409 Wh=5.0831 eff=73.8% flags=-
[6:18:58] #11370 V_bat=3.3618 V i_chg=+0.2405 A P_in=1.096 W Ah=1.5429 Wh=5.0899 eff=73.8% flags=-
[6:19:28] #11385 V_bat=3.3618 V i_chg=+0.2405 A P_in=1.096 W Ah=1.5449 Wh=5.0966 eff=73.8% flags=-
[6:19:58] #11400 V_bat=3.3618 V i_chg=+0.2405 A P_in=1.096 W Ah=1.5469 Wh=5.1034 eff=73.8% flags=-
[6:20:28] #11415 V_bat=3.3619 V i_chg=+0.2405 A P_in=1.096 W Ah=1.5489 Wh=5.1101 eff=73.8% flags=-
[6:20:58] #11430 V_bat=3.3619 V i_chg=+0.2405 A P_in=1.096 W Ah=1.5509 Wh=5.1168 eff=73.8% flags=-
[6:21:28] #11445 V_bat=3.3619 V i_chg=+0.2405 A P_in=1.096 W Ah=1.5529 Wh=5.1236 eff=73.8% flags=-
[6:21:58] #11460 V_bat=3.3620 V i_chg=+0.2405 A P_in=1.096 W Ah=1.5550 Wh=5.1303 eff=73.8% flags=-
[6:22:28] #11475 V_bat=3.3620 V i_chg=+0.2405 A P_in=1.096 W Ah=1.5570 Wh=5.1371 eff=73.8% flags=-
[6:22:58] #11490 V_bat=3.3620 V i_chg=+0.2405 A P_in=1.096 W Ah=1.5590 Wh=5.1438 eff=73.8% flags=-
[6:23:28] #11505 V_bat=3.3621 V i_chg=+0.2405 A P_in=1.095 W Ah=1.5610 Wh=5.1505 eff=73.8% flags=-
[6:23:58] #11520 V_bat=3.3621 V i_chg=+0.2405 A P_in=1.096 W Ah=1.5630 Wh=5.1573 eff=73.8% flags=-
[6:24:28] #11535 V_bat=3.3622 V i_chg=+0.2405 A P_in=1.096 W Ah=1.5650 Wh=5.1640 eff=73.8% flags=-
[6:24:58] #11550 V_bat=3.3622 V i_chg=+0.2405 A P_in=1.096 W Ah=1.5670 Wh=5.1707 eff=73.8% flags=-
[6:25:28] #11565 V_bat=3.3622 V i_chg=+0.2405 A P_in=1.096 W Ah=1.5690 Wh=5.1775 eff=73.8% flags=-
[6:25:58] #11580 V_bat=3.3623 V i_chg=+0.2405 A P_in=1.096 W Ah=1.5710 Wh=5.1842 eff=73.8% flags=-
[6:26:28] #11595 V_bat=3.3623 V i_chg=+0.2405 A P_in=1.096 W Ah=1.5730 Wh=5.1910 eff=73.8% flags=-
[6:26:58] #11610 V_bat=3.3624 V i_chg=+0.2405 A P_in=1.096 W Ah=1.5750 Wh=5.1977 eff=73.8% flags=-
[6:27:28] #11625 V_bat=3.3624 V i_chg=+0.2405 A P_in=1.096 W Ah=1.5770 Wh=5.2044 eff=73.8% flags=-
[6:27:58] #11640 V_bat=3.3624 V i_chg=+0.2404 A P_in=1.095 W Ah=1.5790 Wh=5.2112 eff=73.8% flags=-
[6:28:28] #11655 V_bat=3.3625 V i_chg=+0.2404 A P_in=1.096 W Ah=1.5810 Wh=5.2179 eff=73.8% flags=-
[6:28:58] #11670 V_bat=3.3625 V i_chg=+0.2405 A P_in=1.096 W Ah=1.5830 Wh=5.2246 eff=73.8% flags=-
[6:29:28] #11685 V_bat=3.3625 V i_chg=+0.2405 A P_in=1.096 W Ah=1.5850 Wh=5.2314 eff=73.8% flags=-
[6:29:58] #11700 V_bat=3.3626 V i_chg=+0.2404 A P_in=1.096 W Ah=1.5870 Wh=5.2381 eff=73.8% flags=-
[6:30:28] #11715 V_bat=3.3626 V i_chg=+0.2404 A P_in=1.095 W Ah=1.5890 Wh=5.2449 eff=73.8% flags=-
[6:30:58] #11730 V_bat=3.3627 V i_chg=+0.2404 A P_in=1.095 W Ah=1.5910 Wh=5.2516 eff=73.8% flags=-
[6:31:28] #11745 V_bat=3.3627 V i_chg=+0.2404 A P_in=1.095 W Ah=1.5930 Wh=5.2583 eff=73.8% flags=-
[6:31:58] #11760 V_bat=3.3628 V i_chg=+0.2404 A P_in=1.096 W Ah=1.5950 Wh=5.2651 eff=73.8% flags=-
[6:32:28] #11775 V_bat=3.3628 V i_chg=+0.2404 A P_in=1.095 W Ah=1.5970 Wh=5.2718 eff=73.8% flags=-
[6:32:58] #11790 V_bat=3.3628 V i_chg=+0.2404 A P_in=1.095 W Ah=1.5990 Wh=5.2786 eff=73.8% flags=-
[6:33:28] #11805 V_bat=3.3629 V i_chg=+0.2404 A P_in=1.095 W Ah=1.6010 Wh=5.2853 eff=73.8% flags=-
[6:33:58] #11820 V_bat=3.3629 V i_chg=+0.2404 A P_in=1.095 W Ah=1.6030 Wh=5.2920 eff=73.8% flags=-
[6:34:28] #11835 V_bat=3.3630 V i_chg=+0.2404 A P_in=1.096 W Ah=1.6050 Wh=5.2987 eff=73.8% flags=-
[6:34:58] #11850 V_bat=3.3630 V i_chg=+0.2404 A P_in=1.095 W Ah=1.6071 Wh=5.3055 eff=73.8% flags=-
[6:35:28] #11865 V_bat=3.3630 V i_chg=+0.2404 A P_in=1.096 W Ah=1.6091 Wh=5.3122 eff=73.8% flags=-
[6:35:58] #11880 V_bat=3.3631 V i_chg=+0.2404 A P_in=1.095 W Ah=1.6111 Wh=5.3190 eff=73.8% flags=-
[6:36:28] #11895 V_bat=3.3631 V i_chg=+0.2404 A P_in=1.095 W Ah=1.6131 Wh=5.3257 eff=73.8% flags=-
[6:36:58] #11910 V_bat=3.3632 V i_chg=+0.2404 A P_in=1.095 W Ah=1.6151 Wh=5.3324 eff=73.8% flags=-
[6:37:28] #11925 V_bat=3.3632 V i_chg=+0.2404 A P_in=1.095 W Ah=1.6171 Wh=5.3392 eff=73.8% flags=-
[6:37:58] #11940 V_bat=3.3632 V i_chg=+0.2404 A P_in=1.095 W Ah=1.6191 Wh=5.3459 eff=73.8% flags=-
[6:38:28] #11955 V_bat=3.3633 V i_chg=+0.2404 A P_in=1.096 W Ah=1.6211 Wh=5.3527 eff=73.8% flags=-
[6:38:58] #11970 V_bat=3.3633 V i_chg=+0.2404 A P_in=1.096 W Ah=1.6231 Wh=5.3594 eff=73.8% flags=-
[6:39:28] #11985 V_bat=3.3634 V i_chg=+0.2404 A P_in=1.095 W Ah=1.6251 Wh=5.3661 eff=73.8% flags=-
[6:39:58] #12000 V_bat=3.3634 V i_chg=+0.2404 A P_in=1.096 W Ah=1.6271 Wh=5.3729 eff=73.8% flags=-
[6:40:28] #12015 V_bat=3.3635 V i_chg=+0.2404 A P_in=1.095 W Ah=1.6291 Wh=5.3796 eff=73.8% flags=-
[6:40:58] #12030 V_bat=3.3635 V i_chg=+0.2404 A P_in=1.095 W Ah=1.6311 Wh=5.3864 eff=73.8% flags=-
[6:41:28] #12045 V_bat=3.3636 V i_chg=+0.2404 A P_in=1.096 W Ah=1.6331 Wh=5.3931 eff=73.8% flags=-
[6:41:58] #12060 V_bat=3.3636 V i_chg=+0.2404 A P_in=1.096 W Ah=1.6351 Wh=5.3998 eff=73.8% flags=-
[6:42:28] #12075 V_bat=3.3636 V i_chg=+0.2404 A P_in=1.096 W Ah=1.6371 Wh=5.4066 eff=73.8% flags=-
[6:42:58] #12090 V_bat=3.3637 V i_chg=+0.2404 A P_in=1.095 W Ah=1.6391 Wh=5.4133 eff=73.8% flags=-
[6:43:28] #12105 V_bat=3.3637 V i_chg=+0.2404 A P_in=1.095 W Ah=1.6411 Wh=5.4200 eff=73.8% flags=-
[6:43:58] #12120 V_bat=3.3638 V i_chg=+0.2404 A P_in=1.095 W Ah=1.6431 Wh=5.4268 eff=73.8% flags=-
[6:44:28] #12135 V_bat=3.3638 V i_chg=+0.2404 A P_in=1.096 W Ah=1.6451 Wh=5.4335 eff=73.8% flags=-
[6:44:58] #12150 V_bat=3.3639 V i_chg=+0.2404 A P_in=1.096 W Ah=1.6471 Wh=5.4402 eff=73.8% flags=-
[6:45:28] #12165 V_bat=3.3639 V i_chg=+0.2404 A P_in=1.096 W Ah=1.6491 Wh=5.4470 eff=73.8% flags=-
[6:45:58] #12180 V_bat=3.3640 V i_chg=+0.2404 A P_in=1.096 W Ah=1.6511 Wh=5.4537 eff=73.8% flags=-
[6:46:28] #12195 V_bat=3.3640 V i_chg=+0.2404 A P_in=1.096 W Ah=1.6531 Wh=5.4605 eff=73.8% flags=-
[6:46:58] #12210 V_bat=3.3641 V i_chg=+0.2403 A P_in=1.096 W Ah=1.6551 Wh=5.4672 eff=73.8% flags=-
[6:47:28] #12225 V_bat=3.3641 V i_chg=+0.2404 A P_in=1.096 W Ah=1.6571 Wh=5.4739 eff=73.8% flags=-
[6:47:58] #12240 V_bat=3.3642 V i_chg=+0.2404 A P_in=1.096 W Ah=1.6591 Wh=5.4807 eff=73.8% flags=-
[6:48:28] #12255 V_bat=3.3642 V i_chg=+0.2403 A P_in=1.096 W Ah=1.6611 Wh=5.4874 eff=73.8% flags=-
[6:48:58] #12270 V_bat=3.3643 V i_chg=+0.2403 A P_in=1.096 W Ah=1.6631 Wh=5.4942 eff=73.8% flags=-
[6:49:28] #12285 V_bat=3.3643 V i_chg=+0.2403 A P_in=1.096 W Ah=1.6651 Wh=5.5009 eff=73.8% flags=-
[6:49:58] #12300 V_bat=3.3644 V i_chg=+0.2403 A P_in=1.096 W Ah=1.6671 Wh=5.5076 eff=73.8% flags=-
[6:50:28] #12315 V_bat=3.3644 V i_chg=+0.2404 A P_in=1.096 W Ah=1.6691 Wh=5.5144 eff=73.8% flags=-
[6:50:58] #12330 V_bat=3.3645 V i_chg=+0.2404 A P_in=1.096 W Ah=1.6712 Wh=5.5211 eff=73.8% flags=-
[6:51:28] #12345 V_bat=3.3645 V i_chg=+0.2403 A P_in=1.096 W Ah=1.6732 Wh=5.5278 eff=73.8% flags=-
[6:51:58] #12360 V_bat=3.3646 V i_chg=+0.2403 A P_in=1.096 W Ah=1.6752 Wh=5.5346 eff=73.8% flags=-
[6:52:28] #12375 V_bat=3.3646 V i_chg=+0.2403 A P_in=1.096 W Ah=1.6772 Wh=5.5413 eff=73.8% flags=-
[6:52:58] #12390 V_bat=3.3647 V i_chg=+0.2403 A P_in=1.095 W Ah=1.6792 Wh=5.5481 eff=73.8% flags=-
[6:53:28] #12405 V_bat=3.3647 V i_chg=+0.2403 A P_in=1.096 W Ah=1.6812 Wh=5.5548 eff=73.8% flags=-
[6:53:58] #12420 V_bat=3.3648 V i_chg=+0.2403 A P_in=1.095 W Ah=1.6832 Wh=5.5615 eff=73.8% flags=-
[6:54:28] #12435 V_bat=3.3648 V i_chg=+0.2403 A P_in=1.096 W Ah=1.6852 Wh=5.5683 eff=73.8% flags=-
[6:54:58] #12450 V_bat=3.3649 V i_chg=+0.2403 A P_in=1.096 W Ah=1.6872 Wh=5.5750 eff=73.8% flags=-
[6:55:28] #12465 V_bat=3.3649 V i_chg=+0.2403 A P_in=1.096 W Ah=1.6892 Wh=5.5818 eff=73.8% flags=-
[6:55:58] #12480 V_bat=3.3650 V i_chg=+0.2403 A P_in=1.096 W Ah=1.6912 Wh=5.5885 eff=73.8% flags=-
[6:56:28] #12495 V_bat=3.3650 V i_chg=+0.2403 A P_in=1.096 W Ah=1.6932 Wh=5.5952 eff=73.8% flags=-
[6:56:58] #12510 V_bat=3.3651 V i_chg=+0.2403 A P_in=1.096 W Ah=1.6952 Wh=5.6020 eff=73.8% flags=-
[6:57:28] #12525 V_bat=3.3652 V i_chg=+0.2403 A P_in=1.096 W Ah=1.6972 Wh=5.6087 eff=73.8% flags=-
[6:57:58] #12540 V_bat=3.3652 V i_chg=+0.2403 A P_in=1.096 W Ah=1.6992 Wh=5.6155 eff=73.8% flags=-
[6:58:28] #12555 V_bat=3.3653 V i_chg=+0.2403 A P_in=1.096 W Ah=1.7012 Wh=5.6222 eff=73.8% flags=-
[6:58:58] #12570 V_bat=3.3653 V i_chg=+0.2403 A P_in=1.096 W Ah=1.7032 Wh=5.6289 eff=73.8% flags=-
[6:59:28] #12585 V_bat=3.3654 V i_chg=+0.2403 A P_in=1.096 W Ah=1.7052 Wh=5.6357 eff=73.8% flags=-
[6:59:58] #12600 V_bat=3.3654 V i_chg=+0.2403 A P_in=1.096 W Ah=1.7072 Wh=5.6424 eff=73.8% flags=-
[7:00:28] #12615 V_bat=3.3655 V i_chg=+0.2403 A P_in=1.096 W Ah=1.7092 Wh=5.6491 eff=73.8% flags=-
[7:00:58] #12630 V_bat=3.3656 V i_chg=+0.2403 A P_in=1.096 W Ah=1.7112 Wh=5.6559 eff=73.8% flags=-
[7:01:28] #12645 V_bat=3.3656 V i_chg=+0.2403 A P_in=1.096 W Ah=1.7132 Wh=5.6626 eff=73.8% flags=-
[7:01:58] #12660 V_bat=3.3657 V i_chg=+0.2403 A P_in=1.096 W Ah=1.7152 Wh=5.6693 eff=73.8% flags=-
[7:02:28] #12675 V_bat=3.3657 V i_chg=+0.2403 A P_in=1.096 W Ah=1.7172 Wh=5.6761 eff=73.8% flags=-
[7:02:58] #12690 V_bat=3.3658 V i_chg=+0.2403 A P_in=1.096 W Ah=1.7192 Wh=5.6828 eff=73.8% flags=-
[7:03:28] #12705 V_bat=3.3659 V i_chg=+0.2403 A P_in=1.095 W Ah=1.7212 Wh=5.6896 eff=73.8% flags=-
[7:03:58] #12720 V_bat=3.3659 V i_chg=+0.2403 A P_in=1.096 W Ah=1.7232 Wh=5.6963 eff=73.8% flags=-
[7:04:28] #12735 V_bat=3.3660 V i_chg=+0.2402 A P_in=1.095 W Ah=1.7252 Wh=5.7031 eff=73.8% flags=-
[7:04:58] #12750 V_bat=3.3660 V i_chg=+0.2402 A P_in=1.095 W Ah=1.7272 Wh=5.7098 eff=73.8% flags=-
[7:05:28] #12765 V_bat=3.3661 V i_chg=+0.2402 A P_in=1.095 W Ah=1.7292 Wh=5.7165 eff=73.8% flags=-
[7:05:58] #12780 V_bat=3.3662 V i_chg=+0.2402 A P_in=1.095 W Ah=1.7312 Wh=5.7233 eff=73.8% flags=-
[7:06:28] #12795 V_bat=3.3662 V i_chg=+0.2402 A P_in=1.096 W Ah=1.7332 Wh=5.7300 eff=73.8% flags=-
[7:06:58] #12810 V_bat=3.3663 V i_chg=+0.2402 A P_in=1.096 W Ah=1.7352 Wh=5.7368 eff=73.8% flags=-
[7:07:28] #12825 V_bat=3.3663 V i_chg=+0.2402 A P_in=1.096 W Ah=1.7372 Wh=5.7435 eff=73.8% flags=-
[7:07:58] #12840 V_bat=3.3664 V i_chg=+0.2402 A P_in=1.096 W Ah=1.7392 Wh=5.7502 eff=73.8% flags=-
[7:08:28] #12855 V_bat=3.3665 V i_chg=+0.2402 A P_in=1.095 W Ah=1.7412 Wh=5.7570 eff=73.8% flags=-
[7:08:58] #12870 V_bat=3.3665 V i_chg=+0.2402 A P_in=1.095 W Ah=1.7432 Wh=5.7637 eff=73.8% flags=-
[7:09:28] #12885 V_bat=3.3666 V i_chg=+0.2402 A P_in=1.096 W Ah=1.7452 Wh=5.7704 eff=73.8% flags=-
[7:09:58] #12900 V_bat=3.3667 V i_chg=+0.2402 A P_in=1.095 W Ah=1.7472 Wh=5.7772 eff=73.8% flags=-
[7:10:28] #12915 V_bat=3.3667 V i_chg=+0.2402 A P_in=1.095 W Ah=1.7492 Wh=5.7839 eff=73.8% flags=-
[7:10:58] #12930 V_bat=3.3668 V i_chg=+0.2402 A P_in=1.095 W Ah=1.7512 Wh=5.7907 eff=73.8% flags=-
[7:11:28] #12945 V_bat=3.3669 V i_chg=+0.2402 A P_in=1.095 W Ah=1.7532 Wh=5.7974 eff=73.8% flags=-
[7:11:58] #12960 V_bat=3.3670 V i_chg=+0.2402 A P_in=1.095 W Ah=1.7552 Wh=5.8041 eff=73.8% flags=-
[7:12:28] #12975 V_bat=3.3670 V i_chg=+0.2402 A P_in=1.096 W Ah=1.7572 Wh=5.8109 eff=73.8% flags=-
[7:12:58] #12990 V_bat=3.3671 V i_chg=+0.2402 A P_in=1.095 W Ah=1.7592 Wh=5.8176 eff=73.8% flags=-
[7:13:28] #13005 V_bat=3.3672 V i_chg=+0.2402 A P_in=1.096 W Ah=1.7613 Wh=5.8244 eff=73.8% flags=-
[7:13:58] #13020 V_bat=3.3672 V i_chg=+0.2402 A P_in=1.096 W Ah=1.7633 Wh=5.8311 eff=73.8% flags=-
[7:14:28] #13035 V_bat=3.3673 V i_chg=+0.2402 A P_in=1.096 W Ah=1.7653 Wh=5.8378 eff=73.8% flags=-
[7:14:58] #13050 V_bat=3.3674 V i_chg=+0.2402 A P_in=1.096 W Ah=1.7673 Wh=5.8446 eff=73.8% flags=-
[7:15:28] #13065 V_bat=3.3675 V i_chg=+0.2402 A P_in=1.096 W Ah=1.7693 Wh=5.8513 eff=73.8% flags=-
[7:15:58] #13080 V_bat=3.3675 V i_chg=+0.2402 A P_in=1.096 W Ah=1.7713 Wh=5.8581 eff=73.8% flags=-
[7:16:28] #13095 V_bat=3.3676 V i_chg=+0.2402 A P_in=1.096 W Ah=1.7733 Wh=5.8648 eff=73.8% flags=-
[7:16:58] #13110 V_bat=3.3677 V i_chg=+0.2402 A P_in=1.096 W Ah=1.7753 Wh=5.8715 eff=73.8% flags=-
[7:17:28] #13125 V_bat=3.3678 V i_chg=+0.2402 A P_in=1.096 W Ah=1.7773 Wh=5.8783 eff=73.8% flags=-
[7:17:58] #13140 V_bat=3.3679 V i_chg=+0.2402 A P_in=1.096 W Ah=1.7793 Wh=5.8850 eff=73.8% flags=-
[7:18:28] #13155 V_bat=3.3679 V i_chg=+0.2402 A P_in=1.096 W Ah=1.7813 Wh=5.8917 eff=73.8% flags=-
[7:18:58] #13170 V_bat=3.3680 V i_chg=+0.2401 A P_in=1.096 W Ah=1.7833 Wh=5.8985 eff=73.8% flags=-
[7:19:28] #13185 V_bat=3.3681 V i_chg=+0.2401 A P_in=1.096 W Ah=1.7853 Wh=5.9052 eff=73.8% flags=-
[7:19:58] #13200 V_bat=3.3682 V i_chg=+0.2401 A P_in=1.096 W Ah=1.7873 Wh=5.9120 eff=73.8% flags=-
[7:20:28] #13215 V_bat=3.3683 V i_chg=+0.2401 A P_in=1.096 W Ah=1.7893 Wh=5.9187 eff=73.8% flags=-
[7:20:58] #13230 V_bat=3.3684 V i_chg=+0.2401 A P_in=1.096 W Ah=1.7913 Wh=5.9254 eff=73.8% flags=-
[7:21:28] #13245 V_bat=3.3684 V i_chg=+0.2401 A P_in=1.096 W Ah=1.7933 Wh=5.9322 eff=73.8% flags=-
[7:21:58] #13260 V_bat=3.3685 V i_chg=+0.2401 A P_in=1.096 W Ah=1.7953 Wh=5.9389 eff=73.8% flags=-
[7:22:28] #13275 V_bat=3.3686 V i_chg=+0.2401 A P_in=1.096 W Ah=1.7973 Wh=5.9457 eff=73.8% flags=-
[7:22:58] #13290 V_bat=3.3687 V i_chg=+0.2401 A P_in=1.096 W Ah=1.7993 Wh=5.9524 eff=73.8% flags=-
[7:23:28] #13305 V_bat=3.3688 V i_chg=+0.2401 A P_in=1.096 W Ah=1.8013 Wh=5.9591 eff=73.8% flags=-
[7:23:58] #13320 V_bat=3.3689 V i_chg=+0.2401 A P_in=1.096 W Ah=1.8033 Wh=5.9659 eff=73.8% flags=-
[7:24:28] #13335 V_bat=3.3690 V i_chg=+0.2401 A P_in=1.096 W Ah=1.8053 Wh=5.9726 eff=73.8% flags=-
[7:24:58] #13350 V_bat=3.3691 V i_chg=+0.2401 A P_in=1.096 W Ah=1.8073 Wh=5.9794 eff=73.8% flags=-
[7:25:28] #13365 V_bat=3.3692 V i_chg=+0.2400 A P_in=1.096 W Ah=1.8093 Wh=5.9861 eff=73.8% flags=-
[7:25:58] #13380 V_bat=3.3693 V i_chg=+0.2400 A P_in=1.096 W Ah=1.8113 Wh=5.9929 eff=73.8% flags=-
[7:26:28] #13395 V_bat=3.3693 V i_chg=+0.2400 A P_in=1.096 W Ah=1.8133 Wh=5.9996 eff=73.8% flags=-
[7:26:58] #13410 V_bat=3.3694 V i_chg=+0.2401 A P_in=1.096 W Ah=1.8153 Wh=6.0063 eff=73.8% flags=-
[7:27:28] #13425 V_bat=3.3695 V i_chg=+0.2400 A P_in=1.095 W Ah=1.8173 Wh=6.0131 eff=73.8% flags=-
[7:27:58] #13440 V_bat=3.3696 V i_chg=+0.2400 A P_in=1.096 W Ah=1.8193 Wh=6.0198 eff=73.8% flags=-
[7:28:28] #13455 V_bat=3.3697 V i_chg=+0.2400 A P_in=1.096 W Ah=1.8213 Wh=6.0266 eff=73.8% flags=-
[7:28:58] #13470 V_bat=3.3698 V i_chg=+0.2400 A P_in=1.096 W Ah=1.8233 Wh=6.0333 eff=73.8% flags=-
[7:29:28] #13485 V_bat=3.3699 V i_chg=+0.2400 A P_in=1.096 W Ah=1.8253 Wh=6.0400 eff=73.8% flags=-
[7:29:58] #13500 V_bat=3.3700 V i_chg=+0.2400 A P_in=1.096 W Ah=1.8273 Wh=6.0468 eff=73.8% flags=-
[7:30:28] #13515 V_bat=3.3701 V i_chg=+0.2400 A P_in=1.096 W Ah=1.8293 Wh=6.0535 eff=73.8% flags=-
[7:30:58] #13530 V_bat=3.3703 V i_chg=+0.2400 A P_in=1.096 W Ah=1.8313 Wh=6.0603 eff=73.8% flags=-
[7:31:28] #13545 V_bat=3.3704 V i_chg=+0.2400 A P_in=1.096 W Ah=1.8333 Wh=6.0670 eff=73.8% flags=-
[7:31:58] #13560 V_bat=3.3705 V i_chg=+0.2400 A P_in=1.096 W Ah=1.8353 Wh=6.0737 eff=73.8% flags=-
[7:32:28] #13575 V_bat=3.3706 V i_chg=+0.2400 A P_in=1.096 W Ah=1.8373 Wh=6.0805 eff=73.8% flags=-
[7:32:58] #13590 V_bat=3.3707 V i_chg=+0.2400 A P_in=1.096 W Ah=1.8393 Wh=6.0872 eff=73.8% flags=-
[7:33:28] #13605 V_bat=3.3708 V i_chg=+0.2400 A P_in=1.096 W Ah=1.8413 Wh=6.0940 eff=73.8% flags=-
[7:33:58] #13620 V_bat=3.3709 V i_chg=+0.2400 A P_in=1.096 W Ah=1.8433 Wh=6.1007 eff=73.8% flags=-
[7:34:28] #13635 V_bat=3.3710 V i_chg=+0.2399 A P_in=1.096 W Ah=1.8453 Wh=6.1074 eff=73.8% flags=-
[7:34:58] #13650 V_bat=3.3711 V i_chg=+0.2399 A P_in=1.096 W Ah=1.8473 Wh=6.1142 eff=73.8% flags=-
[7:35:28] #13665 V_bat=3.3713 V i_chg=+0.2399 A P_in=1.096 W Ah=1.8493 Wh=6.1209 eff=73.8% flags=-
[7:35:58] #13680 V_bat=3.3714 V i_chg=+0.2399 A P_in=1.096 W Ah=1.8513 Wh=6.1277 eff=73.8% flags=-
[7:36:28] #13695 V_bat=3.3715 V i_chg=+0.2399 A P_in=1.096 W Ah=1.8533 Wh=6.1344 eff=73.8% flags=-
[7:36:58] #13710 V_bat=3.3716 V i_chg=+0.2399 A P_in=1.096 W Ah=1.8553 Wh=6.1411 eff=73.8% flags=-
[7:37:28] #13725 V_bat=3.3717 V i_chg=+0.2399 A P_in=1.096 W Ah=1.8573 Wh=6.1479 eff=73.8% flags=-
[7:37:58] #13740 V_bat=3.3718 V i_chg=+0.2399 A P_in=1.096 W Ah=1.8593 Wh=6.1546 eff=73.8% flags=-
[7:38:28] #13755 V_bat=3.3720 V i_chg=+0.2399 A P_in=1.096 W Ah=1.8613 Wh=6.1614 eff=73.8% flags=-
[7:38:58] #13770 V_bat=3.3721 V i_chg=+0.2399 A P_in=1.095 W Ah=1.8633 Wh=6.1681 eff=73.8% flags=-
[7:39:28] #13785 V_bat=3.3722 V i_chg=+0.2399 A P_in=1.096 W Ah=1.8653 Wh=6.1748 eff=73.8% flags=-
[7:39:58] #13800 V_bat=3.3723 V i_chg=+0.2399 A P_in=1.096 W Ah=1.8673 Wh=6.1816 eff=73.8% flags=-
[7:40:28] #13815 V_bat=3.3725 V i_chg=+0.2399 A P_in=1.096 W Ah=1.8693 Wh=6.1883 eff=73.8% flags=-
[7:40:58] #13830 V_bat=3.3726 V i_chg=+0.2399 A P_in=1.095 W Ah=1.8713 Wh=6.1951 eff=73.8% flags=-
[7:41:28] #13845 V_bat=3.3728 V i_chg=+0.2398 A P_in=1.096 W Ah=1.8733 Wh=6.2018 eff=73.8% flags=-
[7:41:58] #13860 V_bat=3.3729 V i_chg=+0.2399 A P_in=1.096 W Ah=1.8753 Wh=6.2085 eff=73.8% flags=-
[7:42:28] #13875 V_bat=3.3730 V i_chg=+0.2398 A P_in=1.096 W Ah=1.8773 Wh=6.2153 eff=73.8% flags=-
[7:42:58] #13890 V_bat=3.3732 V i_chg=+0.2398 A P_in=1.096 W Ah=1.8793 Wh=6.2220 eff=73.8% flags=-
[7:43:28] #13905 V_bat=3.3733 V i_chg=+0.2398 A P_in=1.096 W Ah=1.8813 Wh=6.2288 eff=73.8% flags=-
[7:43:58] #13920 V_bat=3.3735 V i_chg=+0.2398 A P_in=1.096 W Ah=1.8833 Wh=6.2355 eff=73.8% flags=-
[7:44:28] #13935 V_bat=3.3736 V i_chg=+0.2398 A P_in=1.096 W Ah=1.8853 Wh=6.2423 eff=73.8% flags=-
[7:44:58] #13950 V_bat=3.3737 V i_chg=+0.2398 A P_in=1.096 W Ah=1.8873 Wh=6.2490 eff=73.8% flags=-
[7:45:28] #13965 V_bat=3.3739 V i_chg=+0.2398 A P_in=1.096 W Ah=1.8893 Wh=6.2557 eff=73.8% flags=-
[7:45:58] #13980 V_bat=3.3741 V i_chg=+0.2398 A P_in=1.096 W Ah=1.8913 Wh=6.2625 eff=73.8% flags=-
[7:46:28] #13995 V_bat=3.3742 V i_chg=+0.2398 A P_in=1.096 W Ah=1.8932 Wh=6.2692 eff=73.8% flags=-
[7:46:58] #14010 V_bat=3.3744 V i_chg=+0.2397 A P_in=1.096 W Ah=1.8953 Wh=6.2760 eff=73.8% flags=-
[7:47:28] #14025 V_bat=3.3745 V i_chg=+0.2398 A P_in=1.096 W Ah=1.8972 Wh=6.2827 eff=73.9% flags=-
[7:47:58] #14040 V_bat=3.3747 V i_chg=+0.2397 A P_in=1.096 W Ah=1.8992 Wh=6.2895 eff=73.8% flags=-
[7:48:28] #14055 V_bat=3.3748 V i_chg=+0.2397 A P_in=1.096 W Ah=1.9012 Wh=6.2962 eff=73.8% flags=-
[7:48:58] #14070 V_bat=3.3750 V i_chg=+0.2397 A P_in=1.096 W Ah=1.9032 Wh=6.3029 eff=73.9% flags=-
[7:49:28] #14085 V_bat=3.3752 V i_chg=+0.2397 A P_in=1.096 W Ah=1.9052 Wh=6.3097 eff=73.9% flags=-
[7:49:58] #14100 V_bat=3.3753 V i_chg=+0.2397 A P_in=1.096 W Ah=1.9072 Wh=6.3164 eff=73.9% flags=-
[7:50:28] #14115 V_bat=3.3755 V i_chg=+0.2397 A P_in=1.096 W Ah=1.9092 Wh=6.3232 eff=73.8% flags=-
[7:50:58] #14130 V_bat=3.3757 V i_chg=+0.2397 A P_in=1.096 W Ah=1.9112 Wh=6.3299 eff=73.9% flags=-
[7:51:28] #14145 V_bat=3.3759 V i_chg=+0.2397 A P_in=1.096 W Ah=1.9132 Wh=6.3366 eff=73.9% flags=-
[7:51:58] #14160 V_bat=3.3760 V i_chg=+0.2397 A P_in=1.096 W Ah=1.9152 Wh=6.3434 eff=73.9% flags=-
[7:52:28] #14175 V_bat=3.3762 V i_chg=+0.2397 A P_in=1.096 W Ah=1.9172 Wh=6.3501 eff=73.9% flags=-
[7:52:58] #14190 V_bat=3.3764 V i_chg=+0.2397 A P_in=1.096 W Ah=1.9192 Wh=6.3569 eff=73.9% flags=-
[7:53:28] #14205 V_bat=3.3766 V i_chg=+0.2396 A P_in=1.096 W Ah=1.9212 Wh=6.3636 eff=73.8% flags=-
[7:53:58] #14220 V_bat=3.3768 V i_chg=+0.2396 A P_in=1.096 W Ah=1.9232 Wh=6.3704 eff=73.9% flags=-
[7:54:28] #14235 V_bat=3.3770 V i_chg=+0.2396 A P_in=1.096 W Ah=1.9252 Wh=6.3771 eff=73.9% flags=-
[7:54:58] #14250 V_bat=3.3772 V i_chg=+0.2396 A P_in=1.096 W Ah=1.9272 Wh=6.3838 eff=73.9% flags=-
[7:55:28] #14265 V_bat=3.3774 V i_chg=+0.2396 A P_in=1.096 W Ah=1.9292 Wh=6.3906 eff=73.9% flags=-
[7:55:58] #14280 V_bat=3.3775 V i_chg=+0.2396 A P_in=1.096 W Ah=1.9312 Wh=6.3973 eff=73.9% flags=-
[7:56:28] #14295 V_bat=3.3778 V i_chg=+0.2396 A P_in=1.096 W Ah=1.9332 Wh=6.4041 eff=73.9% flags=-
[7:56:58] #14310 V_bat=3.3779 V i_chg=+0.2395 A P_in=1.096 W Ah=1.9352 Wh=6.4108 eff=73.9% flags=-
[7:57:28] #14325 V_bat=3.3782 V i_chg=+0.2395 A P_in=1.096 W Ah=1.9372 Wh=6.4176 eff=73.9% flags=-
[7:57:58] #14340 V_bat=3.3784 V i_chg=+0.2395 A P_in=1.096 W Ah=1.9392 Wh=6.4243 eff=73.9% flags=-
[7:58:28] #14355 V_bat=3.3786 V i_chg=+0.2395 A P_in=1.096 W Ah=1.9412 Wh=6.4311 eff=73.9% flags=-
[7:58:58] #14370 V_bat=3.3788 V i_chg=+0.2395 A P_in=1.096 W Ah=1.9432 Wh=6.4378 eff=73.9% flags=-
[7:59:28] #14385 V_bat=3.3790 V i_chg=+0.2395 A P_in=1.096 W Ah=1.9452 Wh=6.4445 eff=73.9% flags=-
[7:59:58] #14400 V_bat=3.3792 V i_chg=+0.2394 A P_in=1.096 W Ah=1.9472 Wh=6.4513 eff=73.9% flags=-
[8:00:28] #14415 V_bat=3.3794 V i_chg=+0.2394 A P_in=1.096 W Ah=1.9492 Wh=6.4580 eff=73.9% flags=-
[8:00:58] #14430 V_bat=3.3797 V i_chg=+0.2394 A P_in=1.096 W Ah=1.9512 Wh=6.4648 eff=73.9% flags=-
[8:01:28] #14445 V_bat=3.3799 V i_chg=+0.2394 A P_in=1.096 W Ah=1.9531 Wh=6.4715 eff=73.9% flags=-
[8:01:58] #14460 V_bat=3.3801 V i_chg=+0.2394 A P_in=1.096 W Ah=1.9551 Wh=6.4783 eff=73.9% flags=-
[8:02:28] #14475 V_bat=3.3803 V i_chg=+0.2394 A P_in=1.096 W Ah=1.9571 Wh=6.4850 eff=73.9% flags=-
[8:02:58] #14490 V_bat=3.3806 V i_chg=+0.2394 A P_in=1.096 W Ah=1.9591 Wh=6.4917 eff=73.9% flags=-
[8:03:28] #14505 V_bat=3.3808 V i_chg=+0.2394 A P_in=1.096 W Ah=1.9611 Wh=6.4985 eff=73.9% flags=-
[8:03:58] #14520 V_bat=3.3810 V i_chg=+0.2393 A P_in=1.096 W Ah=1.9631 Wh=6.5052 eff=73.9% flags=-
[8:04:28] #14535 V_bat=3.3813 V i_chg=+0.2394 A P_in=1.096 W Ah=1.9651 Wh=6.5120 eff=73.9% flags=-
[8:04:58] #14550 V_bat=3.3796 V i_chg=+0.2219 A P_in=1.096 W Ah=1.9671 Wh=6.5185 eff=68.5% flags=-
[8:05:28] #14565 V_bat=3.3793 V i_chg=+0.2210 A P_in=1.096 W Ah=1.9689 Wh=6.5248 eff=68.2% flags=-
[8:05:58] #14580 V_bat=3.3796 V i_chg=+0.2254 A P_in=1.096 W Ah=1.9708 Wh=6.5312 eff=69.5% flags=-
[8:06:28] #14595 V_bat=3.3799 V i_chg=+0.2228 A P_in=1.096 W Ah=1.9727 Wh=6.5375 eff=68.7% flags=-
[8:06:58] #14610 V_bat=3.3799 V i_chg=+0.2214 A P_in=1.096 W Ah=1.9745 Wh=6.5438 eff=68.3% flags=-
[8:07:28] #14625 V_bat=3.3801 V i_chg=+0.2268 A P_in=1.096 W Ah=1.9764 Wh=6.5501 eff=70.0% flags=-
[8:07:58] #14640 V_bat=3.3801 V i_chg=+0.2238 A P_in=1.096 W Ah=1.9783 Wh=6.5565 eff=69.0% flags=-
[8:08:28] #14655 V_bat=3.3806 V i_chg=+0.2228 A P_in=1.096 W Ah=1.9802 Wh=6.5628 eff=68.7% flags=-
[8:08:58] #14670 V_bat=3.3808 V i_chg=+0.2253 A P_in=1.096 W Ah=1.9820 Wh=6.5692 eff=69.5% flags=-
[8:09:28] #14685 V_bat=3.3810 V i_chg=+0.2219 A P_in=1.096 W Ah=1.9839 Wh=6.5755 eff=68.5% flags=-
[8:09:58] #14700 V_bat=3.3736 V i_chg=+0.1829 A P_in=1.096 W Ah=1.9855 Wh=6.5809 eff=56.3% flags=-
[8:10:28] #14715 V_bat=3.3829 V i_chg=+0.2392 A P_in=1.096 W Ah=1.9874 Wh=6.5873 eff=73.9% flags=-
[8:10:58] #14730 V_bat=3.3835 V i_chg=+0.2392 A P_in=1.096 W Ah=1.9894 Wh=6.5941 eff=73.9% flags=-
[8:11:28] #14745 V_bat=3.3840 V i_chg=+0.2391 A P_in=1.096 W Ah=1.9914 Wh=6.6008 eff=73.9% flags=-
[8:11:58] #14760 V_bat=3.3843 V i_chg=+0.2391 A P_in=1.096 W Ah=1.9934 Wh=6.6076 eff=73.9% flags=-
[8:12:28] #14775 V_bat=3.3847 V i_chg=+0.2391 A P_in=1.096 W Ah=1.9954 Wh=6.6143 eff=73.9% flags=-
[8:12:58] #14790 V_bat=3.3850 V i_chg=+0.2391 A P_in=1.096 W Ah=1.9974 Wh=6.6211 eff=73.9% flags=-
[8:13:28] #14805 V_bat=3.3853 V i_chg=+0.2391 A P_in=1.096 W Ah=1.9994 Wh=6.6278 eff=73.9% flags=-
[8:13:58] #14820 V_bat=3.3856 V i_chg=+0.2391 A P_in=1.096 W Ah=2.0014 Wh=6.6346 eff=73.9% flags=-
[8:14:28] #14835 V_bat=3.3859 V i_chg=+0.2391 A P_in=1.096 W Ah=2.0034 Wh=6.6413 eff=73.9% flags=-
[8:14:58] #14850 V_bat=3.3861 V i_chg=+0.2390 A P_in=1.096 W Ah=2.0054 Wh=6.6480 eff=73.9% flags=-
[8:15:28] #14865 V_bat=3.3844 V i_chg=+0.2259 A P_in=1.096 W Ah=2.0073 Wh=6.6546 eff=69.8% flags=-
[8:15:58] #14880 V_bat=3.3846 V i_chg=+0.2261 A P_in=1.096 W Ah=2.0092 Wh=6.6610 eff=69.9% flags=-
[8:16:28] #14895 V_bat=3.3866 V i_chg=+0.2390 A P_in=1.096 W Ah=2.0111 Wh=6.6675 eff=73.9% flags=-
[8:16:58] #14910 V_bat=3.3870 V i_chg=+0.2390 A P_in=1.096 W Ah=2.0131 Wh=6.6743 eff=73.9% flags=-
[8:17:28] #14925 V_bat=3.3873 V i_chg=+0.2390 A P_in=1.096 W Ah=2.0151 Wh=6.6810 eff=73.9% flags=-
[8:17:58] #14940 V_bat=3.3876 V i_chg=+0.2389 A P_in=1.096 W Ah=2.0171 Wh=6.6878 eff=73.9% flags=-
[8:18:28] #14955 V_bat=3.3879 V i_chg=+0.2389 A P_in=1.096 W Ah=2.0191 Wh=6.6945 eff=73.9% flags=-
[8:18:58] #14970 V_bat=3.3882 V i_chg=+0.2389 A P_in=1.096 W Ah=2.0211 Wh=6.7013 eff=73.9% flags=-
[8:19:28] #14985 V_bat=3.3884 V i_chg=+0.2389 A P_in=1.096 W Ah=2.0231 Wh=6.7080 eff=73.9% flags=-
[8:19:58] #15000 V_bat=3.3887 V i_chg=+0.2389 A P_in=1.096 W Ah=2.0250 Wh=6.7148 eff=73.9% flags=-
[8:20:28] #15015 V_bat=3.3889 V i_chg=+0.2389 A P_in=1.096 W Ah=2.0270 Wh=6.7215 eff=73.9% flags=-
[8:20:58] #15030 V_bat=3.3891 V i_chg=+0.2389 A P_in=1.096 W Ah=2.0290 Wh=6.7282 eff=73.9% flags=-
[8:21:28] #15045 V_bat=3.3875 V i_chg=+0.2261 A P_in=1.096 W Ah=2.0310 Wh=6.7349 eff=69.9% flags=-
[8:21:58] #15060 V_bat=3.3876 V i_chg=+0.2265 A P_in=1.096 W Ah=2.0329 Wh=6.7413 eff=70.0% flags=-
[8:22:28] #15075 V_bat=3.3894 V i_chg=+0.2389 A P_in=1.096 W Ah=2.0348 Wh=6.7477 eff=73.9% flags=-
[8:22:58] #15090 V_bat=3.3898 V i_chg=+0.2388 A P_in=1.096 W Ah=2.0368 Wh=6.7545 eff=73.9% flags=-
[8:23:28] #15105 V_bat=3.3901 V i_chg=+0.2388 A P_in=1.096 W Ah=2.0388 Wh=6.7612 eff=73.9% flags=-
[8:23:58] #15120 V_bat=3.3903 V i_chg=+0.2388 A P_in=1.096 W Ah=2.0408 Wh=6.7680 eff=73.9% flags=-
[8:24:28] #15135 V_bat=3.3906 V i_chg=+0.2388 A P_in=1.096 W Ah=2.0427 Wh=6.7747 eff=73.9% flags=-
[8:24:58] #15150 V_bat=3.3908 V i_chg=+0.2388 A P_in=1.096 W Ah=2.0447 Wh=6.7815 eff=73.9% flags=-
[8:25:28] #15165 V_bat=3.3910 V i_chg=+0.2387 A P_in=1.096 W Ah=2.0467 Wh=6.7882 eff=73.9% flags=-
[8:25:58] #15180 V_bat=3.3912 V i_chg=+0.2387 A P_in=1.096 W Ah=2.0487 Wh=6.7950 eff=73.9% flags=-
[8:26:28] #15195 V_bat=3.3914 V i_chg=+0.2387 A P_in=1.096 W Ah=2.0507 Wh=6.8017 eff=73.9% flags=-
[8:26:58] #15210 V_bat=3.3915 V i_chg=+0.2387 A P_in=1.096 W Ah=2.0527 Wh=6.8084 eff=73.9% flags=-
[8:27:28] #15225 V_bat=3.3908 V i_chg=+0.2318 A P_in=1.096 W Ah=2.0547 Wh=6.8152 eff=71.7% flags=-
[8:27:58] #15240 V_bat=3.3899 V i_chg=+0.2263 A P_in=1.096 W Ah=2.0566 Wh=6.8216 eff=70.0% flags=-
[8:28:28] #15255 V_bat=3.3899 V i_chg=+0.2263 A P_in=1.096 W Ah=2.0584 Wh=6.8280 eff=70.0% flags=-
[8:28:58] #15270 V_bat=3.3920 V i_chg=+0.2387 A P_in=1.096 W Ah=2.0604 Wh=6.8347 eff=73.9% flags=-
[8:29:28] #15285 V_bat=3.3922 V i_chg=+0.2387 A P_in=1.096 W Ah=2.0624 Wh=6.8415 eff=73.9% flags=-
[8:29:58] #15300 V_bat=3.3924 V i_chg=+0.2387 A P_in=1.096 W Ah=2.0644 Wh=6.8482 eff=73.9% flags=-
[8:30:28] #15315 V_bat=3.3926 V i_chg=+0.2387 A P_in=1.096 W Ah=2.0664 Wh=6.8550 eff=73.9% flags=-
[8:30:58] #15330 V_bat=3.3927 V i_chg=+0.2387 A P_in=1.096 W Ah=2.0684 Wh=6.8617 eff=73.9% flags=-
[8:31:28] #15345 V_bat=3.3929 V i_chg=+0.2387 A P_in=1.096 W Ah=2.0704 Wh=6.8684 eff=73.9% flags=-
[8:31:58] #15360 V_bat=3.3930 V i_chg=+0.2386 A P_in=1.096 W Ah=2.0724 Wh=6.8752 eff=73.9% flags=-
[8:32:28] #15375 V_bat=3.3931 V i_chg=+0.2386 A P_in=1.096 W Ah=2.0744 Wh=6.8820 eff=73.9% flags=-
[8:32:58] #15390 V_bat=3.3932 V i_chg=+0.2386 A P_in=1.096 W Ah=2.0763 Wh=6.8887 eff=73.9% flags=-
[8:33:28] #15405 V_bat=3.3934 V i_chg=+0.2386 A P_in=1.096 W Ah=2.0783 Wh=6.8954 eff=73.9% flags=-
[8:33:58] #15420 V_bat=3.3915 V i_chg=+0.2265 A P_in=1.096 W Ah=2.0802 Wh=6.9019 eff=70.1% flags=-
[8:34:28] #15435 V_bat=3.3915 V i_chg=+0.2260 A P_in=1.096 W Ah=2.0821 Wh=6.9083 eff=69.9% flags=-
[8:34:58] #15450 V_bat=3.3934 V i_chg=+0.2386 A P_in=1.096 W Ah=2.0841 Wh=6.9149 eff=73.9% flags=-
[8:35:28] #15465 V_bat=3.3936 V i_chg=+0.2386 A P_in=1.096 W Ah=2.0861 Wh=6.9217 eff=73.9% flags=-
[8:35:58] #15480 V_bat=3.3937 V i_chg=+0.2386 A P_in=1.096 W Ah=2.0881 Wh=6.9284 eff=73.9% flags=-
[8:36:28] #15495 V_bat=3.3939 V i_chg=+0.2386 A P_in=1.096 W Ah=2.0900 Wh=6.9352 eff=73.9% flags=-
[8:36:58] #15510 V_bat=3.3940 V i_chg=+0.2386 A P_in=1.096 W Ah=2.0920 Wh=6.9419 eff=73.9% flags=-
[8:37:28] #15525 V_bat=3.3940 V i_chg=+0.2386 A P_in=1.096 W Ah=2.0940 Wh=6.9487 eff=73.9% flags=-
[8:37:58] #15540 V_bat=3.3941 V i_chg=+0.2386 A P_in=1.096 W Ah=2.0960 Wh=6.9554 eff=73.9% flags=-
[8:38:28] #15555 V_bat=3.3942 V i_chg=+0.2386 A P_in=1.096 W Ah=2.0980 Wh=6.9622 eff=73.9% flags=-
[8:38:58] #15570 V_bat=3.3943 V i_chg=+0.2386 A P_in=1.096 W Ah=2.1000 Wh=6.9689 eff=73.9% flags=-
[8:39:28] #15585 V_bat=3.3943 V i_chg=+0.2386 A P_in=1.096 W Ah=2.1020 Wh=6.9757 eff=73.9% flags=-
[8:39:58] #15600 V_bat=3.3923 V i_chg=+0.2251 A P_in=1.096 W Ah=2.1039 Wh=6.9822 eff=69.7% flags=-
[8:40:28] #15615 V_bat=3.3924 V i_chg=+0.2210 A P_in=1.096 W Ah=2.1058 Wh=6.9885 eff=68.4% flags=-
[8:40:58] #15630 V_bat=3.3943 V i_chg=+0.2386 A P_in=1.096 W Ah=2.1077 Wh=6.9951 eff=73.9% flags=-
[8:41:28] #15645 V_bat=3.3944 V i_chg=+0.2385 A P_in=1.096 W Ah=2.1097 Wh=7.0018 eff=73.9% flags=-
[8:41:58] #15660 V_bat=3.3945 V i_chg=+0.2386 A P_in=1.096 W Ah=2.1117 Wh=7.0086 eff=73.9% flags=-
[8:42:28] #15675 V_bat=3.3946 V i_chg=+0.2386 A P_in=1.096 W Ah=2.1137 Wh=7.0153 eff=73.9% flags=-
[8:42:58] #15690 V_bat=3.3947 V i_chg=+0.2385 A P_in=1.096 W Ah=2.1156 Wh=7.0221 eff=73.9% flags=-
[8:43:28] #15705 V_bat=3.3947 V i_chg=+0.2385 A P_in=1.096 W Ah=2.1176 Wh=7.0288 eff=73.9% flags=-
[8:43:58] #15720 V_bat=3.3948 V i_chg=+0.2385 A P_in=1.096 W Ah=2.1196 Wh=7.0356 eff=73.9% flags=-
[8:44:28] #15735 V_bat=3.3948 V i_chg=+0.2385 A P_in=1.096 W Ah=2.1216 Wh=7.0423 eff=73.9% flags=-
[8:44:58] #15750 V_bat=3.3949 V i_chg=+0.2385 A P_in=1.096 W Ah=2.1236 Wh=7.0491 eff=73.9% flags=-
[8:45:28] #15765 V_bat=3.3949 V i_chg=+0.2385 A P_in=1.096 W Ah=2.1256 Wh=7.0558 eff=73.9% flags=-
[8:45:58] #15780 V_bat=3.3931 V i_chg=+0.2253 A P_in=1.096 W Ah=2.1275 Wh=7.0624 eff=69.8% flags=-
[8:46:28] #15795 V_bat=3.3930 V i_chg=+0.2262 A P_in=1.096 W Ah=2.1294 Wh=7.0688 eff=70.0% flags=-
[8:46:58] #15810 V_bat=3.3947 V i_chg=+0.2385 A P_in=1.096 W Ah=2.1313 Wh=7.0753 eff=73.9% flags=-
[8:47:28] #15825 V_bat=3.3949 V i_chg=+0.2385 A P_in=1.096 W Ah=2.1333 Wh=7.0821 eff=73.9% flags=-
[8:47:58] #15840 V_bat=3.3950 V i_chg=+0.2385 A P_in=1.096 W Ah=2.1353 Wh=7.0888 eff=73.9% flags=-
[8:48:28] #15855 V_bat=3.3950 V i_chg=+0.2385 A P_in=1.096 W Ah=2.1373 Wh=7.0955 eff=73.9% flags=-
[8:48:58] #15870 V_bat=3.3951 V i_chg=+0.2385 A P_in=1.096 W Ah=2.1393 Wh=7.1023 eff=73.9% flags=-
[8:49:28] #15885 V_bat=3.3951 V i_chg=+0.2385 A P_in=1.096 W Ah=2.1413 Wh=7.1091 eff=73.9% flags=-
[8:49:58] #15900 V_bat=3.3952 V i_chg=+0.2385 A P_in=1.096 W Ah=2.1433 Wh=7.1158 eff=73.9% flags=-
[8:50:28] #15915 V_bat=3.3952 V i_chg=+0.2385 A P_in=1.096 W Ah=2.1452 Wh=7.1225 eff=73.9% flags=-
[8:50:58] #15930 V_bat=3.3952 V i_chg=+0.2385 A P_in=1.096 W Ah=2.1472 Wh=7.1293 eff=73.9% flags=-
[8:51:28] #15945 V_bat=3.3953 V i_chg=+0.2385 A P_in=1.096 W Ah=2.1492 Wh=7.1361 eff=73.9% flags=-
[8:51:58] #15960 V_bat=3.3937 V i_chg=+0.2265 A P_in=1.096 W Ah=2.1512 Wh=7.1427 eff=70.2% flags=-
[8:52:28] #15975 V_bat=3.3935 V i_chg=+0.2264 A P_in=1.096 W Ah=2.1531 Wh=7.1491 eff=70.1% flags=-
[8:52:58] #15990 V_bat=3.3949 V i_chg=+0.2385 A P_in=1.096 W Ah=2.1550 Wh=7.1555 eff=73.9% flags=-
[8:53:28] #16005 V_bat=3.3952 V i_chg=+0.2385 A P_in=1.096 W Ah=2.1570 Wh=7.1623 eff=73.9% flags=-
[8:53:58] #16020 V_bat=3.3953 V i_chg=+0.2385 A P_in=1.096 W Ah=2.1589 Wh=7.1690 eff=73.9% flags=-
[8:54:28] #16035 V_bat=3.3954 V i_chg=+0.2385 A P_in=1.096 W Ah=2.1609 Wh=7.1758 eff=73.9% flags=-
[8:54:58] #16050 V_bat=3.3954 V i_chg=+0.2385 A P_in=1.096 W Ah=2.1629 Wh=7.1825 eff=73.9% flags=-
[8:55:28] #16065 V_bat=3.3954 V i_chg=+0.2385 A P_in=1.096 W Ah=2.1649 Wh=7.1893 eff=73.9% flags=-
[8:55:58] #16080 V_bat=3.3955 V i_chg=+0.2385 A P_in=1.096 W Ah=2.1669 Wh=7.1960 eff=73.9% flags=-
[8:56:28] #16095 V_bat=3.3955 V i_chg=+0.2385 A P_in=1.096 W Ah=2.1689 Wh=7.2028 eff=73.9% flags=-
[8:56:58] #16110 V_bat=3.3955 V i_chg=+0.2385 A P_in=1.096 W Ah=2.1709 Wh=7.2095 eff=73.9% flags=-
[8:57:28] #16125 V_bat=3.3956 V i_chg=+0.2385 A P_in=1.096 W Ah=2.1729 Wh=7.2163 eff=73.9% flags=-
[8:57:58] #16140 V_bat=3.3951 V i_chg=+0.2354 A P_in=1.096 W Ah=2.1748 Wh=7.2230 eff=72.9% flags=-
[8:58:28] #16155 V_bat=3.3936 V i_chg=+0.2262 A P_in=1.096 W Ah=2.1767 Wh=7.2294 eff=70.1% flags=-
[8:58:58] #16170 V_bat=3.3935 V i_chg=+0.2262 A P_in=1.096 W Ah=2.1786 Wh=7.2358 eff=70.1% flags=-
[8:59:28] #16185 V_bat=3.3954 V i_chg=+0.2385 A P_in=1.096 W Ah=2.1806 Wh=7.2425 eff=73.9% flags=-
[8:59:58] #16200 V_bat=3.3955 V i_chg=+0.2385 A P_in=1.096 W Ah=2.1826 Wh=7.2493 eff=73.9% flags=-
[9:00:28] #16215 V_bat=3.3956 V i_chg=+0.2385 A P_in=1.096 W Ah=2.1846 Wh=7.2560 eff=73.9% flags=-
[9:00:58] #16230 V_bat=3.3956 V i_chg=+0.2385 A P_in=1.096 W Ah=2.1865 Wh=7.2628 eff=73.9% flags=-
[9:01:28] #16245 V_bat=3.3957 V i_chg=+0.2385 A P_in=1.096 W Ah=2.1885 Wh=7.2695 eff=73.9% flags=-
[9:01:58] #16260 V_bat=3.3957 V i_chg=+0.2385 A P_in=1.096 W Ah=2.1905 Wh=7.2763 eff=73.9% flags=-
[9:02:28] #16275 V_bat=3.3957 V i_chg=+0.2385 A P_in=1.096 W Ah=2.1925 Wh=7.2830 eff=73.9% flags=-
[9:02:58] #16290 V_bat=3.3957 V i_chg=+0.2385 A P_in=1.096 W Ah=2.1945 Wh=7.2898 eff=73.9% flags=-
[9:03:28] #16305 V_bat=3.3958 V i_chg=+0.2385 A P_in=1.096 W Ah=2.1965 Wh=7.2965 eff=73.9% flags=-
[9:03:58] #16320 V_bat=3.3958 V i_chg=+0.2385 A P_in=1.096 W Ah=2.1985 Wh=7.3033 eff=73.9% flags=-
[9:04:28] #16335 V_bat=3.3938 V i_chg=+0.2271 A P_in=1.096 W Ah=2.2004 Wh=7.3097 eff=70.4% flags=-
[9:04:58] #16350 V_bat=3.3939 V i_chg=+0.2269 A P_in=1.096 W Ah=2.2023 Wh=7.3161 eff=70.3% flags=-
[9:05:28] #16365 V_bat=3.3956 V i_chg=+0.2385 A P_in=1.096 W Ah=2.2042 Wh=7.3227 eff=73.9% flags=-
[9:05:58] #16380 V_bat=3.3957 V i_chg=+0.2385 A P_in=1.096 W Ah=2.2062 Wh=7.3295 eff=73.9% flags=-
[9:06:28] #16395 V_bat=3.3958 V i_chg=+0.2385 A P_in=1.096 W Ah=2.2082 Wh=7.3362 eff=73.9% flags=-
[9:06:58] #16410 V_bat=3.3958 V i_chg=+0.2385 A P_in=1.096 W Ah=2.2102 Wh=7.3430 eff=73.9% flags=-
[9:07:28] #16425 V_bat=3.3959 V i_chg=+0.2385 A P_in=1.096 W Ah=2.2122 Wh=7.3497 eff=73.9% flags=-
[9:07:58] #16440 V_bat=3.3959 V i_chg=+0.2385 A P_in=1.096 W Ah=2.2141 Wh=7.3565 eff=73.9% flags=-
[9:08:28] #16455 V_bat=3.3959 V i_chg=+0.2385 A P_in=1.096 W Ah=2.2161 Wh=7.3632 eff=73.9% flags=-
[9:08:58] #16470 V_bat=3.3959 V i_chg=+0.2384 A P_in=1.096 W Ah=2.2181 Wh=7.3700 eff=73.9% flags=-
[9:09:28] #16485 V_bat=3.3960 V i_chg=+0.2385 A P_in=1.096 W Ah=2.2201 Wh=7.3767 eff=73.9% flags=-
[9:09:58] #16500 V_bat=3.3960 V i_chg=+0.2385 A P_in=1.096 W Ah=2.2221 Wh=7.3835 eff=73.9% flags=-
[9:10:28] #16515 V_bat=3.3941 V i_chg=+0.2254 A P_in=1.096 W Ah=2.2240 Wh=7.3900 eff=69.8% flags=-
[9:10:58] #16530 V_bat=3.3939 V i_chg=+0.2262 A P_in=1.096 W Ah=2.2259 Wh=7.3964 eff=70.1% flags=-
[9:11:28] #16545 V_bat=3.3958 V i_chg=+0.2384 A P_in=1.096 W Ah=2.2278 Wh=7.4030 eff=73.9% flags=-
[9:11:58] #16560 V_bat=3.3959 V i_chg=+0.2384 A P_in=1.096 W Ah=2.2298 Wh=7.4097 eff=73.9% flags=-
[9:12:28] #16575 V_bat=3.3960 V i_chg=+0.2385 A P_in=1.096 W Ah=2.2318 Wh=7.4164 eff=73.9% flags=-
[9:12:58] #16590 V_bat=3.3960 V i_chg=+0.2384 A P_in=1.096 W Ah=2.2338 Wh=7.4232 eff=73.9% flags=-
[9:13:28] #16605 V_bat=3.3961 V i_chg=+0.2384 A P_in=1.096 W Ah=2.2358 Wh=7.4300 eff=73.9% flags=-
[9:13:58] #16620 V_bat=3.3961 V i_chg=+0.2384 A P_in=1.096 W Ah=2.2378 Wh=7.4367 eff=73.9% flags=-
[9:14:28] #16635 V_bat=3.3961 V i_chg=+0.2384 A P_in=1.096 W Ah=2.2398 Wh=7.4435 eff=73.9% flags=-
[9:14:58] #16650 V_bat=3.3961 V i_chg=+0.2384 A P_in=1.096 W Ah=2.2417 Wh=7.4502 eff=73.9% flags=-
[9:15:28] #16665 V_bat=3.3962 V i_chg=+0.2384 A P_in=1.096 W Ah=2.2437 Wh=7.4569 eff=73.9% flags=-
[9:15:58] #16680 V_bat=3.3962 V i_chg=+0.2384 A P_in=1.096 W Ah=2.2457 Wh=7.4637 eff=73.9% flags=-
[9:16:28] #16695 V_bat=3.3943 V i_chg=+0.2257 A P_in=1.096 W Ah=2.2477 Wh=7.4703 eff=69.9% flags=-
[9:16:58] #16710 V_bat=3.3941 V i_chg=+0.2257 A P_in=1.096 W Ah=2.2496 Wh=7.4767 eff=69.9% flags=-
[9:17:28] #16725 V_bat=3.3959 V i_chg=+0.2385 A P_in=1.096 W Ah=2.2515 Wh=7.4832 eff=73.9% flags=-
[9:17:58] #16740 V_bat=3.3961 V i_chg=+0.2384 A P_in=1.096 W Ah=2.2535 Wh=7.4900 eff=73.9% flags=-
[9:18:28] #16755 V_bat=3.3961 V i_chg=+0.2384 A P_in=1.096 W Ah=2.2554 Wh=7.4967 eff=73.9% flags=-
[9:18:58] #16770 V_bat=3.3962 V i_chg=+0.2384 A P_in=1.096 W Ah=2.2574 Wh=7.5034 eff=73.9% flags=-
[9:19:28] #16785 V_bat=3.3962 V i_chg=+0.2384 A P_in=1.096 W Ah=2.2594 Wh=7.5102 eff=73.9% flags=-
[9:19:58] #16800 V_bat=3.3962 V i_chg=+0.2384 A P_in=1.096 W Ah=2.2614 Wh=7.5169 eff=73.9% flags=-
[9:20:28] #16815 V_bat=3.3963 V i_chg=+0.2384 A P_in=1.096 W Ah=2.2634 Wh=7.5237 eff=73.9% flags=-
[9:20:58] #16830 V_bat=3.3963 V i_chg=+0.2384 A P_in=1.096 W Ah=2.2654 Wh=7.5304 eff=73.9% flags=-
[9:21:28] #16845 V_bat=3.3963 V i_chg=+0.2384 A P_in=1.096 W Ah=2.2674 Wh=7.5372 eff=73.9% flags=-
[9:21:58] #16860 V_bat=3.3963 V i_chg=+0.2384 A P_in=1.096 W Ah=2.2693 Wh=7.5439 eff=73.9% flags=-
[9:22:28] #16875 V_bat=3.3948 V i_chg=+0.2266 A P_in=1.096 W Ah=2.2713 Wh=7.5506 eff=70.2% flags=-
[9:22:58] #16890 V_bat=3.3945 V i_chg=+0.2264 A P_in=1.096 W Ah=2.2732 Wh=7.5570 eff=70.2% flags=-
[9:23:28] #16905 V_bat=3.3959 V i_chg=+0.2384 A P_in=1.096 W Ah=2.2751 Wh=7.5634 eff=73.9% flags=-
[9:23:58] #16920 V_bat=3.3962 V i_chg=+0.2384 A P_in=1.096 W Ah=2.2771 Wh=7.5702 eff=73.9% flags=-
[9:24:28] #16935 V_bat=3.3963 V i_chg=+0.2384 A P_in=1.096 W Ah=2.2791 Wh=7.5769 eff=73.9% flags=-
[9:24:58] #16950 V_bat=3.3963 V i_chg=+0.2384 A P_in=1.096 W Ah=2.2811 Wh=7.5837 eff=73.9% flags=-
[9:25:28] #16965 V_bat=3.3964 V i_chg=+0.2384 A P_in=1.096 W Ah=2.2830 Wh=7.5904 eff=73.9% flags=-
[9:25:58] #16980 V_bat=3.3964 V i_chg=+0.2384 A P_in=1.096 W Ah=2.2850 Wh=7.5972 eff=73.9% flags=-
[9:26:28] #16995 V_bat=3.3964 V i_chg=+0.2384 A P_in=1.096 W Ah=2.2870 Wh=7.6039 eff=73.9% flags=-
[9:26:58] #17010 V_bat=3.3965 V i_chg=+0.2384 A P_in=1.096 W Ah=2.2890 Wh=7.6107 eff=73.9% flags=-
[9:27:28] #17025 V_bat=3.3965 V i_chg=+0.2384 A P_in=1.096 W Ah=2.2910 Wh=7.6174 eff=73.9% flags=-
[9:27:58] #17040 V_bat=3.3965 V i_chg=+0.2384 A P_in=1.096 W Ah=2.2930 Wh=7.6242 eff=73.9% flags=-
[9:28:28] #17055 V_bat=3.3965 V i_chg=+0.2384 A P_in=1.096 W Ah=2.2950 Wh=7.6309 eff=73.9% flags=-
[9:28:58] #17070 V_bat=3.3946 V i_chg=+0.2256 A P_in=1.096 W Ah=2.2969 Wh=7.6373 eff=69.9% flags=-
[9:29:28] #17085 V_bat=3.3945 V i_chg=+0.2256 A P_in=1.096 W Ah=2.2987 Wh=7.6437 eff=69.9% flags=-
[9:29:58] #17100 V_bat=3.3963 V i_chg=+0.2384 A P_in=1.096 W Ah=2.3007 Wh=7.6504 eff=73.9% flags=-
[9:30:28] #17115 V_bat=3.3964 V i_chg=+0.2384 A P_in=1.096 W Ah=2.3027 Wh=7.6572 eff=73.9% flags=-
[9:30:58] #17130 V_bat=3.3965 V i_chg=+0.2384 A P_in=1.096 W Ah=2.3047 Wh=7.6639 eff=73.9% flags=-
[9:31:28] #17145 V_bat=3.3965 V i_chg=+0.2384 A P_in=1.096 W Ah=2.3067 Wh=7.6707 eff=73.9% flags=-
[9:31:58] #17160 V_bat=3.3966 V i_chg=+0.2384 A P_in=1.096 W Ah=2.3087 Wh=7.6774 eff=73.9% flags=-
[9:32:28] #17175 V_bat=3.3966 V i_chg=+0.2384 A P_in=1.096 W Ah=2.3106 Wh=7.6842 eff=73.9% flags=-
[9:32:58] #17190 V_bat=3.3966 V i_chg=+0.2384 A P_in=1.096 W Ah=2.3126 Wh=7.6909 eff=73.9% flags=-
[9:33:28] #17205 V_bat=3.3966 V i_chg=+0.2384 A P_in=1.096 W Ah=2.3146 Wh=7.6977 eff=73.9% flags=-
[9:33:58] #17220 V_bat=3.3967 V i_chg=+0.2384 A P_in=1.096 W Ah=2.3166 Wh=7.7044 eff=73.9% flags=-
[9:34:28] #17235 V_bat=3.3967 V i_chg=+0.2384 A P_in=1.096 W Ah=2.3186 Wh=7.7111 eff=73.9% flags=-
[9:34:58] #17250 V_bat=3.3948 V i_chg=+0.2259 A P_in=1.096 W Ah=2.3205 Wh=7.7177 eff=70.0% flags=-
[9:35:28] #17265 V_bat=3.3946 V i_chg=+0.2262 A P_in=1.096 W Ah=2.3224 Wh=7.7240 eff=70.1% flags=-
[9:35:58] #17280 V_bat=3.3964 V i_chg=+0.2384 A P_in=1.096 W Ah=2.3243 Wh=7.7307 eff=73.9% flags=-
[9:36:28] #17295 V_bat=3.3966 V i_chg=+0.2384 A P_in=1.096 W Ah=2.3263 Wh=7.7374 eff=73.9% flags=-
[9:36:58] #17310 V_bat=3.3966 V i_chg=+0.2384 A P_in=1.096 W Ah=2.3283 Wh=7.7442 eff=73.9% flags=-
[9:37:28] #17325 V_bat=3.3967 V i_chg=+0.2384 A P_in=1.096 W Ah=2.3303 Wh=7.7509 eff=73.9% flags=-
[9:37:58] #17340 V_bat=3.3967 V i_chg=+0.2384 A P_in=1.096 W Ah=2.3323 Wh=7.7577 eff=73.9% flags=-
[9:38:28] #17355 V_bat=3.3967 V i_chg=+0.2384 A P_in=1.096 W Ah=2.3343 Wh=7.7644 eff=73.9% flags=-
[9:38:58] #17370 V_bat=3.3968 V i_chg=+0.2384 A P_in=1.096 W Ah=2.3363 Wh=7.7711 eff=73.9% flags=-
[9:39:28] #17385 V_bat=3.3968 V i_chg=+0.2384 A P_in=1.096 W Ah=2.3382 Wh=7.7779 eff=73.9% flags=-
[9:39:58] #17400 V_bat=3.3968 V i_chg=+0.2384 A P_in=1.096 W Ah=2.3402 Wh=7.7847 eff=73.9% flags=-
[9:40:28] #17415 V_bat=3.3968 V i_chg=+0.2384 A P_in=1.096 W Ah=2.3422 Wh=7.7914 eff=73.9% flags=-
[9:40:58] #17430 V_bat=3.3949 V i_chg=+0.2255 A P_in=1.096 W Ah=2.3442 Wh=7.7980 eff=69.9% flags=-
[9:41:28] #17445 V_bat=3.3948 V i_chg=+0.2256 A P_in=1.096 W Ah=2.3460 Wh=7.8044 eff=69.9% flags=-
[9:41:58] #17460 V_bat=3.3965 V i_chg=+0.2384 A P_in=1.096 W Ah=2.3480 Wh=7.8109 eff=73.9% flags=-
[9:42:28] #17475 V_bat=3.3967 V i_chg=+0.2384 A P_in=1.096 W Ah=2.3499 Wh=7.8176 eff=73.9% flags=-
[9:42:58] #17490 V_bat=3.3968 V i_chg=+0.2384 A P_in=1.096 W Ah=2.3519 Wh=7.8244 eff=73.9% flags=-
[9:43:28] #17505 V_bat=3.3968 V i_chg=+0.2384 A P_in=1.096 W Ah=2.3539 Wh=7.8311 eff=73.9% flags=-
[9:43:58] #17520 V_bat=3.3968 V i_chg=+0.2384 A P_in=1.096 W Ah=2.3559 Wh=7.8379 eff=73.9% flags=-
[9:44:28] #17535 V_bat=3.3969 V i_chg=+0.2384 A P_in=1.096 W Ah=2.3579 Wh=7.8446 eff=73.9% flags=-
[9:44:58] #17550 V_bat=3.3969 V i_chg=+0.2384 A P_in=1.096 W Ah=2.3599 Wh=7.8514 eff=73.9% flags=-
[9:45:28] #17565 V_bat=3.3969 V i_chg=+0.2384 A P_in=1.096 W Ah=2.3619 Wh=7.8581 eff=73.9% flags=-
[9:45:58] #17580 V_bat=3.3969 V i_chg=+0.2384 A P_in=1.096 W Ah=2.3638 Wh=7.8649 eff=73.9% flags=-
[9:46:28] #17595 V_bat=3.3970 V i_chg=+0.2384 A P_in=1.096 W Ah=2.3658 Wh=7.8716 eff=73.9% flags=-
[9:46:58] #17610 V_bat=3.3951 V i_chg=+0.2253 A P_in=1.096 W Ah=2.3678 Wh=7.8783 eff=69.8% flags=-
[9:47:28] #17625 V_bat=3.3949 V i_chg=+0.2258 A P_in=1.096 W Ah=2.3697 Wh=7.8847 eff=70.0% flags=-
[9:47:58] #17640 V_bat=3.3966 V i_chg=+0.2384 A P_in=1.096 W Ah=2.3716 Wh=7.8911 eff=73.9% flags=-
[9:48:28] #17655 V_bat=3.3968 V i_chg=+0.2384 A P_in=1.096 W Ah=2.3736 Wh=7.8979 eff=73.9% flags=-
[9:48:58] #17670 V_bat=3.3969 V i_chg=+0.2384 A P_in=1.096 W Ah=2.3756 Wh=7.9046 eff=73.9% flags=-
[9:49:28] #17685 V_bat=3.3970 V i_chg=+0.2384 A P_in=1.096 W Ah=2.3775 Wh=7.9114 eff=73.9% flags=-
[9:49:58] #17700 V_bat=3.3970 V i_chg=+0.2384 A P_in=1.096 W Ah=2.3795 Wh=7.9181 eff=73.9% flags=-
[9:50:28] #17715 V_bat=3.3970 V i_chg=+0.2384 A P_in=1.096 W Ah=2.3815 Wh=7.9249 eff=73.9% flags=-
[9:50:58] #17730 V_bat=3.3970 V i_chg=+0.2384 A P_in=1.096 W Ah=2.3835 Wh=7.9316 eff=73.9% flags=-
[9:51:28] #17745 V_bat=3.3971 V i_chg=+0.2384 A P_in=1.096 W Ah=2.3855 Wh=7.9384 eff=73.9% flags=-
[9:51:58] #17760 V_bat=3.3971 V i_chg=+0.2384 A P_in=1.096 W Ah=2.3875 Wh=7.9451 eff=73.9% flags=-
[9:52:28] #17775 V_bat=3.3971 V i_chg=+0.2384 A P_in=1.096 W Ah=2.3895 Wh=7.9519 eff=73.9% flags=-
[9:52:58] #17790 V_bat=3.3955 V i_chg=+0.2264 A P_in=1.096 W Ah=2.3914 Wh=7.9586 eff=70.2% flags=-
[9:53:28] #17805 V_bat=3.3952 V i_chg=+0.2261 A P_in=1.096 W Ah=2.3933 Wh=7.9650 eff=70.1% flags=-
[9:53:58] #17820 V_bat=3.3950 V i_chg=+0.2261 A P_in=1.096 W Ah=2.3952 Wh=7.9714 eff=70.1% flags=-
[9:54:28] #17835 V_bat=3.3970 V i_chg=+0.2384 A P_in=1.096 W Ah=2.3972 Wh=7.9781 eff=73.9% flags=-
[9:54:58] #17850 V_bat=3.3971 V i_chg=+0.2384 A P_in=1.096 W Ah=2.3992 Wh=7.9849 eff=73.9% flags=-
[9:55:28] #17865 V_bat=3.3971 V i_chg=+0.2384 A P_in=1.096 W Ah=2.4012 Wh=7.9916 eff=73.9% flags=-
[9:55:58] #17880 V_bat=3.3971 V i_chg=+0.2384 A P_in=1.096 W Ah=2.4031 Wh=7.9984 eff=73.9% flags=-
[9:56:28] #17895 V_bat=3.3972 V i_chg=+0.2384 A P_in=1.096 W Ah=2.4051 Wh=8.0051 eff=73.9% flags=-
[9:56:58] #17910 V_bat=3.3972 V i_chg=+0.2384 A P_in=1.096 W Ah=2.4071 Wh=8.0119 eff=73.9% flags=-
[9:57:28] #17925 V_bat=3.3972 V i_chg=+0.2384 A P_in=1.096 W Ah=2.4091 Wh=8.0186 eff=73.9% flags=-
[9:57:58] #17940 V_bat=3.3973 V i_chg=+0.2384 A P_in=1.096 W Ah=2.4111 Wh=8.0254 eff=73.9% flags=-
[9:58:28] #17955 V_bat=3.3973 V i_chg=+0.2384 A P_in=1.096 W Ah=2.4131 Wh=8.0321 eff=73.9% flags=-
[9:58:58] #17970 V_bat=3.3973 V i_chg=+0.2384 A P_in=1.096 W Ah=2.4151 Wh=8.0389 eff=73.9% flags=-
[9:59:28] #17985 V_bat=3.3953 V i_chg=+0.2212 A P_in=1.096 W Ah=2.4170 Wh=8.0453 eff=68.5% flags=-
[9:59:58] #18000 V_bat=3.3952 V i_chg=+0.2251 A P_in=1.096 W Ah=2.4188 Wh=8.0516 eff=69.8% flags=-
[10:00:28] #18015 V_bat=3.3971 V i_chg=+0.2384 A P_in=1.096 W Ah=2.4208 Wh=8.0583 eff=73.9% flags=-
[10:00:58] #18030 V_bat=3.3972 V i_chg=+0.2384 A P_in=1.096 W Ah=2.4228 Wh=8.0650 eff=73.9% flags=-
[10:01:28] #18045 V_bat=3.3973 V i_chg=+0.2384 A P_in=1.096 W Ah=2.4248 Wh=8.0718 eff=73.9% flags=-
[10:01:58] #18060 V_bat=3.3973 V i_chg=+0.2384 A P_in=1.096 W Ah=2.4267 Wh=8.0785 eff=73.9% flags=-
[10:02:28] #18075 V_bat=3.3974 V i_chg=+0.2384 A P_in=1.096 W Ah=2.4287 Wh=8.0853 eff=73.9% flags=-
[10:02:58] #18090 V_bat=3.3974 V i_chg=+0.2384 A P_in=1.096 W Ah=2.4307 Wh=8.0920 eff=73.9% flags=-
[10:03:28] #18105 V_bat=3.3974 V i_chg=+0.2384 A P_in=1.096 W Ah=2.4327 Wh=8.0988 eff=73.9% flags=-
[10:03:58] #18120 V_bat=3.3974 V i_chg=+0.2384 A P_in=1.096 W Ah=2.4347 Wh=8.1055 eff=73.9% flags=-
[10:04:28] #18135 V_bat=3.3974 V i_chg=+0.2384 A P_in=1.096 W Ah=2.4367 Wh=8.1123 eff=73.9% flags=-
[10:04:58] #18150 V_bat=3.3975 V i_chg=+0.2384 A P_in=1.096 W Ah=2.4387 Wh=8.1190 eff=73.9% flags=-
[10:05:28] #18165 V_bat=3.3955 V i_chg=+0.2253 A P_in=1.096 W Ah=2.4406 Wh=8.1255 eff=69.8% flags=-
[10:05:58] #18180 V_bat=3.3954 V i_chg=+0.2257 A P_in=1.096 W Ah=2.4425 Wh=8.1319 eff=69.9% flags=-
[10:06:28] #18195 V_bat=3.3972 V i_chg=+0.2384 A P_in=1.096 W Ah=2.4444 Wh=8.1385 eff=73.9% flags=-
[10:06:58] #18210 V_bat=3.3974 V i_chg=+0.2384 A P_in=1.096 W Ah=2.4464 Wh=8.1452 eff=73.9% flags=-
[10:07:28] #18225 V_bat=3.3974 V i_chg=+0.2384 A P_in=1.096 W Ah=2.4484 Wh=8.1520 eff=73.9% flags=-
[10:07:58] #18240 V_bat=3.3975 V i_chg=+0.2384 A P_in=1.096 W Ah=2.4504 Wh=8.1587 eff=73.9% flags=-
[10:08:28] #18255 V_bat=3.3975 V i_chg=+0.2384 A P_in=1.096 W Ah=2.4523 Wh=8.1655 eff=73.9% flags=-
[10:08:58] #18270 V_bat=3.3976 V i_chg=+0.2384 A P_in=1.096 W Ah=2.4543 Wh=8.1722 eff=73.9% flags=-
[10:09:28] #18285 V_bat=3.3976 V i_chg=+0.2384 A P_in=1.096 W Ah=2.4563 Wh=8.1790 eff=73.9% flags=-
[10:09:58] #18300 V_bat=3.3976 V i_chg=+0.2384 A P_in=1.096 W Ah=2.4583 Wh=8.1857 eff=73.9% flags=-
[10:10:28] #18315 V_bat=3.3976 V i_chg=+0.2384 A P_in=1.096 W Ah=2.4603 Wh=8.1925 eff=73.9% flags=-
[10:10:58] #18330 V_bat=3.3977 V i_chg=+0.2384 A P_in=1.096 W Ah=2.4623 Wh=8.1992 eff=73.9% flags=-
[10:11:28] #18345 V_bat=3.3958 V i_chg=+0.2261 A P_in=1.096 W Ah=2.4642 Wh=8.2058 eff=70.1% flags=-
[10:11:58] #18360 V_bat=3.3957 V i_chg=+0.2260 A P_in=1.096 W Ah=2.4661 Wh=8.2122 eff=70.0% flags=-
[10:12:28] #18375 V_bat=3.3973 V i_chg=+0.2384 A P_in=1.096 W Ah=2.4680 Wh=8.2187 eff=73.9% flags=-
[10:12:58] #18390 V_bat=3.3975 V i_chg=+0.2384 A P_in=1.096 W Ah=2.4700 Wh=8.2255 eff=73.9% flags=-
[10:13:28] #18405 V_bat=3.3976 V i_chg=+0.2384 A P_in=1.096 W Ah=2.4720 Wh=8.2322 eff=73.9% flags=-
[10:13:58] #18420 V_bat=3.3977 V i_chg=+0.2384 A P_in=1.096 W Ah=2.4740 Wh=8.2390 eff=73.9% flags=-
[10:14:28] #18435 V_bat=3.3977 V i_chg=+0.2384 A P_in=1.096 W Ah=2.4760 Wh=8.2457 eff=73.9% flags=-
[10:14:58] #18450 V_bat=3.3977 V i_chg=+0.2384 A P_in=1.096 W Ah=2.4779 Wh=8.2525 eff=73.9% flags=-
[10:15:28] #18465 V_bat=3.3978 V i_chg=+0.2384 A P_in=1.096 W Ah=2.4799 Wh=8.2592 eff=73.9% flags=-
[10:15:58] #18480 V_bat=3.3978 V i_chg=+0.2384 A P_in=1.096 W Ah=2.4819 Wh=8.2660 eff=73.9% flags=-
[10:16:28] #18495 V_bat=3.3978 V i_chg=+0.2384 A P_in=1.096 W Ah=2.4839 Wh=8.2727 eff=73.9% flags=-
[10:16:58] #18510 V_bat=3.3978 V i_chg=+0.2384 A P_in=1.096 W Ah=2.4859 Wh=8.2795 eff=73.9% flags=-
[10:17:28] #18525 V_bat=3.3962 V i_chg=+0.2267 A P_in=1.096 W Ah=2.4879 Wh=8.2861 eff=70.3% flags=-
[10:17:58] #18540 V_bat=3.3958 V i_chg=+0.2253 A P_in=1.096 W Ah=2.4897 Wh=8.2925 eff=69.8% flags=-
[10:18:28] #18555 V_bat=3.3974 V i_chg=+0.2384 A P_in=1.096 W Ah=2.4916 Wh=8.2990 eff=73.9% flags=-
[10:18:58] #18570 V_bat=3.3977 V i_chg=+0.2384 A P_in=1.096 W Ah=2.4936 Wh=8.3057 eff=73.9% flags=-
[10:19:28] #18585 V_bat=3.3978 V i_chg=+0.2384 A P_in=1.096 W Ah=2.4956 Wh=8.3125 eff=73.9% flags=-
[10:19:58] #18600 V_bat=3.3979 V i_chg=+0.2384 A P_in=1.096 W Ah=2.4976 Wh=8.3192 eff=73.9% flags=-
[10:20:28] #18615 V_bat=3.3979 V i_chg=+0.2384 A P_in=1.096 W Ah=2.4996 Wh=8.3260 eff=73.9% flags=-
[10:20:58] #18630 V_bat=3.3979 V i_chg=+0.2383 A P_in=1.096 W Ah=2.5016 Wh=8.3327 eff=73.9% flags=-
[10:21:28] #18645 V_bat=3.3980 V i_chg=+0.2384 A P_in=1.096 W Ah=2.5036 Wh=8.3395 eff=73.9% flags=-
[10:21:58] #18660 V_bat=3.3980 V i_chg=+0.2383 A P_in=1.096 W Ah=2.5055 Wh=8.3462 eff=73.9% flags=-
[10:22:28] #18675 V_bat=3.3980 V i_chg=+0.2383 A P_in=1.096 W Ah=2.5075 Wh=8.3530 eff=73.9% flags=-
[10:22:58] #18690 V_bat=3.3980 V i_chg=+0.2384 A P_in=1.096 W Ah=2.5095 Wh=8.3597 eff=73.9% flags=-
[10:23:28] #18705 V_bat=3.3975 V i_chg=+0.2349 A P_in=1.096 W Ah=2.5115 Wh=8.3664 eff=72.8% flags=-
[10:23:58] #18720 V_bat=3.3961 V i_chg=+0.2256 A P_in=1.096 W Ah=2.5134 Wh=8.3728 eff=69.9% flags=-
[10:24:28] #18735 V_bat=3.3960 V i_chg=+0.2255 A P_in=1.096 W Ah=2.5153 Wh=8.3792 eff=69.9% flags=-
[10:24:58] #18750 V_bat=3.3979 V i_chg=+0.2384 A P_in=1.096 W Ah=2.5172 Wh=8.3859 eff=73.9% flags=-
[10:25:28] #18765 V_bat=3.3980 V i_chg=+0.2383 A P_in=1.096 W Ah=2.5192 Wh=8.3927 eff=73.9% flags=-
[10:25:58] #18780 V_bat=3.3981 V i_chg=+0.2384 A P_in=1.096 W Ah=2.5212 Wh=8.3994 eff=73.9% flags=-
[10:26:28] #18795 V_bat=3.3981 V i_chg=+0.2383 A P_in=1.096 W Ah=2.5232 Wh=8.4062 eff=73.9% flags=-
[10:26:58] #18810 V_bat=3.3982 V i_chg=+0.2383 A P_in=1.096 W Ah=2.5252 Wh=8.4129 eff=73.9% flags=-
[10:27:28] #18825 V_bat=3.3982 V i_chg=+0.2384 A P_in=1.096 W Ah=2.5272 Wh=8.4197 eff=73.9% flags=-
[10:27:58] #18840 V_bat=3.3982 V i_chg=+0.2383 A P_in=1.096 W Ah=2.5292 Wh=8.4264 eff=73.9% flags=-
[10:28:28] #18855 V_bat=3.3982 V i_chg=+0.2384 A P_in=1.096 W Ah=2.5311 Wh=8.4332 eff=73.9% flags=-
[10:28:58] #18870 V_bat=3.3983 V i_chg=+0.2383 A P_in=1.096 W Ah=2.5331 Wh=8.4399 eff=73.9% flags=-
[10:29:28] #18885 V_bat=3.3983 V i_chg=+0.2383 A P_in=1.096 W Ah=2.5351 Wh=8.4467 eff=73.9% flags=-
[10:29:58] #18900 V_bat=3.3962 V i_chg=+0.2257 A P_in=1.096 W Ah=2.5370 Wh=8.4532 eff=70.0% flags=-
[10:30:28] #18915 V_bat=3.3963 V i_chg=+0.2266 A P_in=1.096 W Ah=2.5389 Wh=8.4596 eff=70.3% flags=-
[10:30:58] #18930 V_bat=3.3981 V i_chg=+0.2383 A P_in=1.096 W Ah=2.5409 Wh=8.4662 eff=73.9% flags=-
[10:31:28] #18945 V_bat=3.3982 V i_chg=+0.2384 A P_in=1.096 W Ah=2.5428 Wh=8.4730 eff=73.9% flags=-
[10:31:58] #18960 V_bat=3.3983 V i_chg=+0.2383 A P_in=1.096 W Ah=2.5448 Wh=8.4797 eff=73.9% flags=-
[10:32:28] #18975 V_bat=3.3983 V i_chg=+0.2383 A P_in=1.096 W Ah=2.5468 Wh=8.4865 eff=73.9% flags=-
[10:32:58] #18990 V_bat=3.3984 V i_chg=+0.2383 A P_in=1.096 W Ah=2.5488 Wh=8.4932 eff=73.9% flags=-
[10:33:28] #19005 V_bat=3.3984 V i_chg=+0.2383 A P_in=1.096 W Ah=2.5508 Wh=8.5000 eff=73.9% flags=-
[10:33:58] #19020 V_bat=3.3984 V i_chg=+0.2383 A P_in=1.096 W Ah=2.5528 Wh=8.5067 eff=73.9% flags=-
[10:34:28] #19035 V_bat=3.3985 V i_chg=+0.2383 A P_in=1.096 W Ah=2.5548 Wh=8.5135 eff=73.9% flags=-
[10:34:58] #19050 V_bat=3.3985 V i_chg=+0.2383 A P_in=1.096 W Ah=2.5568 Wh=8.5202 eff=73.9% flags=-
[10:35:28] #19065 V_bat=3.3985 V i_chg=+0.2383 A P_in=1.096 W Ah=2.5587 Wh=8.5270 eff=73.9% flags=-
[10:35:58] #19080 V_bat=3.3967 V i_chg=+0.2252 A P_in=1.096 W Ah=2.5607 Wh=8.5335 eff=69.8% flags=-
[10:36:28] #19095 V_bat=3.3964 V i_chg=+0.2260 A P_in=1.096 W Ah=2.5625 Wh=8.5399 eff=70.1% flags=-
[10:36:58] #19110 V_bat=3.3983 V i_chg=+0.2383 A P_in=1.096 W Ah=2.5645 Wh=8.5465 eff=73.9% flags=-
[10:37:28] #19125 V_bat=3.3984 V i_chg=+0.2383 A P_in=1.096 W Ah=2.5665 Wh=8.5532 eff=73.9% flags=-
[10:37:58] #19140 V_bat=3.3985 V i_chg=+0.2383 A P_in=1.096 W Ah=2.5684 Wh=8.5600 eff=73.9% flags=-
[10:38:28] #19155 V_bat=3.3986 V i_chg=+0.2383 A P_in=1.096 W Ah=2.5704 Wh=8.5667 eff=73.9% flags=-
[10:38:58] #19170 V_bat=3.3986 V i_chg=+0.2383 A P_in=1.096 W Ah=2.5724 Wh=8.5735 eff=73.9% flags=-
[10:39:28] #19185 V_bat=3.3987 V i_chg=+0.2383 A P_in=1.096 W Ah=2.5744 Wh=8.5802 eff=73.9% flags=-
[10:39:58] #19200 V_bat=3.3987 V i_chg=+0.2383 A P_in=1.096 W Ah=2.5764 Wh=8.5870 eff=73.9% flags=-
[10:40:28] #19215 V_bat=3.3987 V i_chg=+0.2383 A P_in=1.096 W Ah=2.5784 Wh=8.5937 eff=73.9% flags=-
[10:40:58] #19230 V_bat=3.3987 V i_chg=+0.2383 A P_in=1.096 W Ah=2.5804 Wh=8.6005 eff=73.9% flags=-
[10:41:28] #19245 V_bat=3.3988 V i_chg=+0.2383 A P_in=1.096 W Ah=2.5824 Wh=8.6072 eff=73.9% flags=-
[10:41:58] #19260 V_bat=3.3969 V i_chg=+0.2251 A P_in=1.096 W Ah=2.5843 Wh=8.6138 eff=69.8% flags=-
[10:42:28] #19275 V_bat=3.3968 V i_chg=+0.2267 A P_in=1.096 W Ah=2.5862 Wh=8.6202 eff=70.3% flags=-
[10:42:58] #19290 V_bat=3.3984 V i_chg=+0.2383 A P_in=1.096 W Ah=2.5881 Wh=8.6267 eff=73.9% flags=-
[10:43:28] #19305 V_bat=3.3987 V i_chg=+0.2383 A P_in=1.096 W Ah=2.5901 Wh=8.6335 eff=73.9% flags=-
[10:43:58] #19320 V_bat=3.3988 V i_chg=+0.2383 A P_in=1.096 W Ah=2.5921 Wh=8.6402 eff=73.9% flags=-
[10:44:28] #19335 V_bat=3.3988 V i_chg=+0.2383 A P_in=1.096 W Ah=2.5941 Wh=8.6470 eff=73.9% flags=-
[10:44:58] #19350 V_bat=3.3989 V i_chg=+0.2383 A P_in=1.096 W Ah=2.5960 Wh=8.6537 eff=73.9% flags=-
[10:45:28] #19365 V_bat=3.3989 V i_chg=+0.2383 A P_in=1.096 W Ah=2.5980 Wh=8.6605 eff=73.9% flags=-
[10:45:58] #19380 V_bat=3.3989 V i_chg=+0.2383 A P_in=1.096 W Ah=2.6000 Wh=8.6672 eff=73.9% flags=-
[10:46:28] #19395 V_bat=3.3990 V i_chg=+0.2383 A P_in=1.096 W Ah=2.6020 Wh=8.6740 eff=73.9% flags=-
[10:46:58] #19410 V_bat=3.3990 V i_chg=+0.2383 A P_in=1.096 W Ah=2.6040 Wh=8.6807 eff=73.9% flags=-
[10:47:28] #19425 V_bat=3.3990 V i_chg=+0.2383 A P_in=1.096 W Ah=2.6060 Wh=8.6875 eff=73.9% flags=-
[10:47:58] #19440 V_bat=3.3974 V i_chg=+0.2266 A P_in=1.096 W Ah=2.6079 Wh=8.6942 eff=70.3% flags=-
[10:48:28] #19455 V_bat=3.3972 V i_chg=+0.2262 A P_in=1.096 W Ah=2.6098 Wh=8.7006 eff=70.1% flags=-
[10:48:58] #19470 V_bat=3.3986 V i_chg=+0.2383 A P_in=1.096 W Ah=2.6117 Wh=8.7070 eff=73.9% flags=-
[10:49:28] #19485 V_bat=3.3989 V i_chg=+0.2383 A P_in=1.096 W Ah=2.6137 Wh=8.7137 eff=73.9% flags=-
[10:49:58] #19500 V_bat=3.3990 V i_chg=+0.2383 A P_in=1.096 W Ah=2.6157 Wh=8.7205 eff=73.9% flags=-
[10:50:28] #19515 V_bat=3.3991 V i_chg=+0.2383 A P_in=1.096 W Ah=2.6177 Wh=8.7272 eff=73.9% flags=-
[10:50:58] #19530 V_bat=3.3991 V i_chg=+0.2383 A P_in=1.096 W Ah=2.6196 Wh=8.7340 eff=73.9% flags=-
[10:51:28] #19545 V_bat=3.3992 V i_chg=+0.2383 A P_in=1.096 W Ah=2.6216 Wh=8.7407 eff=73.9% flags=-
[10:51:58] #19560 V_bat=3.3992 V i_chg=+0.2383 A P_in=1.096 W Ah=2.6236 Wh=8.7475 eff=73.9% flags=-
[10:52:28] #19575 V_bat=3.3993 V i_chg=+0.2383 A P_in=1.096 W Ah=2.6256 Wh=8.7542 eff=73.9% flags=-
[10:52:58] #19590 V_bat=3.3993 V i_chg=+0.2383 A P_in=1.096 W Ah=2.6276 Wh=8.7610 eff=73.9% flags=-
[10:53:28] #19605 V_bat=3.3993 V i_chg=+0.2383 A P_in=1.096 W Ah=2.6296 Wh=8.7677 eff=73.9% flags=-
[10:53:58] #19620 V_bat=3.3991 V i_chg=+0.2376 A P_in=1.096 W Ah=2.6316 Wh=8.7745 eff=73.7% flags=-
[10:54:28] #19635 V_bat=3.3974 V i_chg=+0.2221 A P_in=1.096 W Ah=2.6334 Wh=8.7809 eff=68.9% flags=-
[10:54:58] #19650 V_bat=3.3973 V i_chg=+0.2213 A P_in=1.096 W Ah=2.6353 Wh=8.7872 eff=68.6% flags=-
[10:55:28] #19665 V_bat=3.3991 V i_chg=+0.2383 A P_in=1.096 W Ah=2.6373 Wh=8.7939 eff=73.9% flags=-
[10:55:58] #19680 V_bat=3.3993 V i_chg=+0.2383 A P_in=1.096 W Ah=2.6393 Wh=8.8006 eff=73.9% flags=-
[10:56:28] #19695 V_bat=3.3994 V i_chg=+0.2383 A P_in=1.096 W Ah=2.6413 Wh=8.8074 eff=73.9% flags=-
[10:56:58] #19710 V_bat=3.3994 V i_chg=+0.2383 A P_in=1.096 W Ah=2.6432 Wh=8.8141 eff=73.9% flags=-
[10:57:28] #19725 V_bat=3.3995 V i_chg=+0.2383 A P_in=1.096 W Ah=2.6452 Wh=8.8209 eff=73.9% flags=-
[10:57:58] #19740 V_bat=3.3995 V i_chg=+0.2383 A P_in=1.096 W Ah=2.6472 Wh=8.8277 eff=73.9% flags=-
[10:58:28] #19755 V_bat=3.3995 V i_chg=+0.2383 A P_in=1.096 W Ah=2.6492 Wh=8.8344 eff=73.9% flags=-
[10:58:58] #19770 V_bat=3.3996 V i_chg=+0.2383 A P_in=1.096 W Ah=2.6512 Wh=8.8411 eff=73.9% flags=-
[10:59:28] #19785 V_bat=3.3996 V i_chg=+0.2383 A P_in=1.096 W Ah=2.6532 Wh=8.8479 eff=73.9% flags=-
[10:59:58] #19800 V_bat=3.3996 V i_chg=+0.2383 A P_in=1.096 W Ah=2.6551 Wh=8.8546 eff=73.9% flags=-
[11:00:28] #19815 V_bat=3.3977 V i_chg=+0.2255 A P_in=1.096 W Ah=2.6571 Wh=8.8612 eff=69.9% flags=-
[11:00:58] #19830 V_bat=3.3976 V i_chg=+0.2260 A P_in=1.096 W Ah=2.6589 Wh=8.8675 eff=70.1% flags=-
[11:01:28] #19845 V_bat=3.3994 V i_chg=+0.2382 A P_in=1.096 W Ah=2.6609 Wh=8.8742 eff=73.9% flags=-
[11:01:58] #19860 V_bat=3.3996 V i_chg=+0.2382 A P_in=1.096 W Ah=2.6629 Wh=8.8809 eff=73.9% flags=-
[11:02:28] #19875 V_bat=3.3997 V i_chg=+0.2382 A P_in=1.096 W Ah=2.6649 Wh=8.8877 eff=73.9% flags=-
[11:02:58] #19890 V_bat=3.3997 V i_chg=+0.2382 A P_in=1.096 W Ah=2.6669 Wh=8.8944 eff=73.9% flags=-
[11:03:28] #19905 V_bat=3.3998 V i_chg=+0.2382 A P_in=1.096 W Ah=2.6688 Wh=8.9012 eff=73.9% flags=-
[11:03:58] #19920 V_bat=3.3998 V i_chg=+0.2382 A P_in=1.096 W Ah=2.6708 Wh=8.9079 eff=73.9% flags=-
[11:04:28] #19935 V_bat=3.3999 V i_chg=+0.2382 A P_in=1.096 W Ah=2.6728 Wh=8.9147 eff=73.9% flags=-
[11:04:58] #19950 V_bat=3.3999 V i_chg=+0.2382 A P_in=1.096 W Ah=2.6748 Wh=8.9214 eff=73.9% flags=-
[11:05:28] #19965 V_bat=3.3999 V i_chg=+0.2382 A P_in=1.096 W Ah=2.6768 Wh=8.9282 eff=73.9% flags=-
[11:05:58] #19980 V_bat=3.4000 V i_chg=+0.2382 A P_in=1.096 W Ah=2.6788 Wh=8.9349 eff=73.9% flags=-
[11:06:28] #19995 V_bat=3.3981 V i_chg=+0.2249 A P_in=1.096 W Ah=2.6807 Wh=8.9415 eff=69.8% flags=-
[11:06:58] #20010 V_bat=3.3979 V i_chg=+0.2254 A P_in=1.096 W Ah=2.6826 Wh=8.9479 eff=69.9% flags=-
[11:07:28] #20025 V_bat=3.3997 V i_chg=+0.2382 A P_in=1.096 W Ah=2.6845 Wh=8.9544 eff=73.9% flags=-
[11:07:58] #20040 V_bat=3.3999 V i_chg=+0.2382 A P_in=1.096 W Ah=2.6865 Wh=8.9611 eff=73.9% flags=-
[11:08:28] #20055 V_bat=3.4000 V i_chg=+0.2382 A P_in=1.096 W Ah=2.6885 Wh=8.9679 eff=73.9% flags=-
[11:08:40] termination detection armed (V_bat 3.4000 V >= --term-vbat 3.4 V)
[11:08:40] #20061 V_bat=3.4000 V i_chg=+0.2382 A P_in=1.096 W Ah=2.6893 Wh=8.9706 eff=73.9% flags=TERM_ARMED
[11:08:58] #20070 V_bat=3.4000 V i_chg=+0.2382 A P_in=1.096 W Ah=2.6905 Wh=8.9747 eff=73.9% flags=-
[11:09:28] #20085 V_bat=3.4001 V i_chg=+0.2382 A P_in=1.096 W Ah=2.6924 Wh=8.9814 eff=73.9% flags=-
[11:09:58] #20100 V_bat=3.4001 V i_chg=+0.2382 A P_in=1.096 W Ah=2.6944 Wh=8.9882 eff=73.9% flags=-
[11:10:28] #20115 V_bat=3.4002 V i_chg=+0.2382 A P_in=1.096 W Ah=2.6964 Wh=8.9949 eff=73.9% flags=-
[11:10:58] #20130 V_bat=3.4002 V i_chg=+0.2382 A P_in=1.096 W Ah=2.6984 Wh=9.0017 eff=73.9% flags=-
[11:11:28] #20145 V_bat=3.4003 V i_chg=+0.2382 A P_in=1.096 W Ah=2.7004 Wh=9.0084 eff=73.9% flags=-
[11:11:58] #20160 V_bat=3.4003 V i_chg=+0.2382 A P_in=1.096 W Ah=2.7024 Wh=9.0151 eff=73.9% flags=-
[11:12:28] #20175 V_bat=3.3986 V i_chg=+0.2260 A P_in=1.096 W Ah=2.7043 Wh=9.0218 eff=70.1% flags=-
[11:12:58] #20190 V_bat=3.3983 V i_chg=+0.2246 A P_in=1.096 W Ah=2.7062 Wh=9.0282 eff=69.7% flags=-
[11:13:28] #20205 V_bat=3.3999 V i_chg=+0.2382 A P_in=1.096 W Ah=2.7081 Wh=9.0347 eff=73.9% flags=-
[11:13:58] #20220 V_bat=3.4002 V i_chg=+0.2382 A P_in=1.096 W Ah=2.7101 Wh=9.0414 eff=73.9% flags=-
[11:14:28] #20235 V_bat=3.4003 V i_chg=+0.2382 A P_in=1.096 W Ah=2.7121 Wh=9.0482 eff=73.9% flags=-
[11:14:58] #20250 V_bat=3.4004 V i_chg=+0.2382 A P_in=1.096 W Ah=2.7141 Wh=9.0549 eff=73.9% flags=-
[11:15:28] #20265 V_bat=3.4004 V i_chg=+0.2382 A P_in=1.096 W Ah=2.7160 Wh=9.0617 eff=73.9% flags=-
[11:15:58] #20280 V_bat=3.4005 V i_chg=+0.2382 A P_in=1.096 W Ah=2.7180 Wh=9.0684 eff=73.9% flags=-
[11:16:28] #20295 V_bat=3.4005 V i_chg=+0.2382 A P_in=1.096 W Ah=2.7200 Wh=9.0752 eff=73.9% flags=-
[11:16:58] #20310 V_bat=3.4006 V i_chg=+0.2382 A P_in=1.096 W Ah=2.7220 Wh=9.0819 eff=73.9% flags=-
[11:17:28] #20325 V_bat=3.4006 V i_chg=+0.2382 A P_in=1.096 W Ah=2.7240 Wh=9.0887 eff=73.9% flags=-
[11:17:58] #20340 V_bat=3.4006 V i_chg=+0.2382 A P_in=1.096 W Ah=2.7260 Wh=9.0954 eff=73.9% flags=-
[11:18:28] #20355 V_bat=3.3994 V i_chg=+0.2357 A P_in=1.096 W Ah=2.7279 Wh=9.1021 eff=73.1% flags=-
[11:18:58] #20370 V_bat=3.3987 V i_chg=+0.2253 A P_in=1.096 W Ah=2.7298 Wh=9.1086 eff=69.9% flags=-
[11:19:28] #20385 V_bat=3.3984 V i_chg=+0.2244 A P_in=1.096 W Ah=2.7317 Wh=9.1149 eff=69.6% flags=-
[11:19:58] #20400 V_bat=3.4005 V i_chg=+0.2382 A P_in=1.096 W Ah=2.7337 Wh=9.1216 eff=73.9% flags=-
[11:20:28] #20415 V_bat=3.4006 V i_chg=+0.2382 A P_in=1.096 W Ah=2.7357 Wh=9.1284 eff=73.9% flags=-
[11:20:58] #20430 V_bat=3.4007 V i_chg=+0.2382 A P_in=1.096 W Ah=2.7377 Wh=9.1352 eff=73.9% flags=-
[11:21:28] #20445 V_bat=3.4008 V i_chg=+0.2382 A P_in=1.096 W Ah=2.7396 Wh=9.1419 eff=73.9% flags=-
[11:21:58] #20460 V_bat=3.4008 V i_chg=+0.2382 A P_in=1.096 W Ah=2.7416 Wh=9.1487 eff=73.9% flags=-
[11:22:28] #20475 V_bat=3.4009 V i_chg=+0.2382 A P_in=1.096 W Ah=2.7436 Wh=9.1554 eff=73.9% flags=-
[11:22:58] #20490 V_bat=3.4009 V i_chg=+0.2382 A P_in=1.096 W Ah=2.7456 Wh=9.1621 eff=73.9% flags=-
[11:23:28] #20505 V_bat=3.4010 V i_chg=+0.2382 A P_in=1.096 W Ah=2.7476 Wh=9.1689 eff=73.9% flags=-
[11:23:58] #20520 V_bat=3.4010 V i_chg=+0.2382 A P_in=1.096 W Ah=2.7496 Wh=9.1757 eff=73.9% flags=-
[11:24:28] #20535 V_bat=3.4011 V i_chg=+0.2382 A P_in=1.096 W Ah=2.7516 Wh=9.1824 eff=73.9% flags=-
[11:24:58] #20550 V_bat=3.3991 V i_chg=+0.2254 A P_in=1.096 W Ah=2.7535 Wh=9.1889 eff=69.9% flags=-
[11:25:28] #20565 V_bat=3.3990 V i_chg=+0.2263 A P_in=1.096 W Ah=2.7553 Wh=9.1953 eff=70.2% flags=-
[11:25:58] #20580 V_bat=3.4008 V i_chg=+0.2382 A P_in=1.096 W Ah=2.7573 Wh=9.2019 eff=73.9% flags=-
[11:26:28] #20595 V_bat=3.4010 V i_chg=+0.2382 A P_in=1.096 W Ah=2.7593 Wh=9.2087 eff=73.9% flags=-
[11:26:58] #20610 V_bat=3.4011 V i_chg=+0.2382 A P_in=1.096 W Ah=2.7613 Wh=9.2154 eff=73.9% flags=-
[11:27:28] #20625 V_bat=3.4012 V i_chg=+0.2382 A P_in=1.096 W Ah=2.7632 Wh=9.2222 eff=73.9% flags=-
[11:27:58] #20640 V_bat=3.4012 V i_chg=+0.2382 A P_in=1.096 W Ah=2.7652 Wh=9.2289 eff=73.9% flags=-
[11:28:28] #20655 V_bat=3.4013 V i_chg=+0.2382 A P_in=1.096 W Ah=2.7672 Wh=9.2357 eff=73.9% flags=-
[11:28:58] #20670 V_bat=3.4013 V i_chg=+0.2382 A P_in=1.096 W Ah=2.7692 Wh=9.2424 eff=73.9% flags=-
[11:29:28] #20685 V_bat=3.4014 V i_chg=+0.2382 A P_in=1.096 W Ah=2.7712 Wh=9.2492 eff=73.9% flags=-
[11:29:58] #20700 V_bat=3.4014 V i_chg=+0.2381 A P_in=1.096 W Ah=2.7732 Wh=9.2559 eff=73.9% flags=-
[11:30:28] #20715 V_bat=3.4014 V i_chg=+0.2382 A P_in=1.096 W Ah=2.7752 Wh=9.2627 eff=73.9% flags=-
[11:30:58] #20730 V_bat=3.3994 V i_chg=+0.2254 A P_in=1.096 W Ah=2.7771 Wh=9.2692 eff=69.9% flags=-
[11:31:28] #20745 V_bat=3.3993 V i_chg=+0.2259 A P_in=1.096 W Ah=2.7790 Wh=9.2756 eff=70.1% flags=-
[11:31:58] #20760 V_bat=3.4012 V i_chg=+0.2381 A P_in=1.096 W Ah=2.7809 Wh=9.2822 eff=73.9% flags=-
[11:32:28] #20775 V_bat=3.4014 V i_chg=+0.2381 A P_in=1.096 W Ah=2.7829 Wh=9.2889 eff=73.9% flags=-
[11:32:58] #20790 V_bat=3.4015 V i_chg=+0.2381 A P_in=1.096 W Ah=2.7849 Wh=9.2957 eff=73.9% flags=-
[11:33:28] #20805 V_bat=3.4016 V i_chg=+0.2382 A P_in=1.096 W Ah=2.7868 Wh=9.3024 eff=73.9% flags=-
[11:33:58] #20820 V_bat=3.4016 V i_chg=+0.2381 A P_in=1.096 W Ah=2.7888 Wh=9.3092 eff=73.9% flags=-
[11:34:28] #20835 V_bat=3.4017 V i_chg=+0.2381 A P_in=1.096 W Ah=2.7908 Wh=9.3159 eff=73.9% flags=-
[11:34:58] #20850 V_bat=3.4017 V i_chg=+0.2381 A P_in=1.096 W Ah=2.7928 Wh=9.3227 eff=73.9% flags=-
[11:35:28] #20865 V_bat=3.4018 V i_chg=+0.2381 A P_in=1.096 W Ah=2.7948 Wh=9.3294 eff=73.9% flags=-
[11:35:58] #20880 V_bat=3.4018 V i_chg=+0.2381 A P_in=1.096 W Ah=2.7968 Wh=9.3362 eff=73.9% flags=-
[11:36:28] #20895 V_bat=3.4019 V i_chg=+0.2381 A P_in=1.096 W Ah=2.7988 Wh=9.3429 eff=73.9% flags=-
[11:36:58] #20910 V_bat=3.4000 V i_chg=+0.2254 A P_in=1.096 W Ah=2.8007 Wh=9.3496 eff=69.9% flags=-
[11:37:28] #20925 V_bat=3.3998 V i_chg=+0.2257 A P_in=1.096 W Ah=2.8026 Wh=9.3560 eff=70.0% flags=-
[11:37:58] #20940 V_bat=3.4015 V i_chg=+0.2381 A P_in=1.096 W Ah=2.8045 Wh=9.3624 eff=73.9% flags=-
[11:38:28] #20955 V_bat=3.4018 V i_chg=+0.2381 A P_in=1.096 W Ah=2.8065 Wh=9.3692 eff=73.9% flags=-
[11:38:58] #20970 V_bat=3.4019 V i_chg=+0.2381 A P_in=1.096 W Ah=2.8085 Wh=9.3760 eff=73.9% flags=-
[11:39:28] #20985 V_bat=3.4020 V i_chg=+0.2381 A P_in=1.096 W Ah=2.8104 Wh=9.3827 eff=73.9% flags=-
[11:39:58] #21000 V_bat=3.4021 V i_chg=+0.2381 A P_in=1.096 W Ah=2.8124 Wh=9.3895 eff=73.9% flags=-
[11:40:28] #21015 V_bat=3.4021 V i_chg=+0.2381 A P_in=1.096 W Ah=2.8144 Wh=9.3962 eff=73.9% flags=-
[11:40:58] #21030 V_bat=3.4022 V i_chg=+0.2381 A P_in=1.096 W Ah=2.8164 Wh=9.4030 eff=73.9% flags=-
[11:41:28] #21045 V_bat=3.4022 V i_chg=+0.2381 A P_in=1.096 W Ah=2.8184 Wh=9.4097 eff=73.9% flags=-
[11:41:58] #21060 V_bat=3.4023 V i_chg=+0.2381 A P_in=1.096 W Ah=2.8204 Wh=9.4164 eff=73.9% flags=-
[11:42:28] #21075 V_bat=3.4023 V i_chg=+0.2381 A P_in=1.096 W Ah=2.8224 Wh=9.4232 eff=73.9% flags=-
[11:42:58] #21090 V_bat=3.4008 V i_chg=+0.2266 A P_in=1.096 W Ah=2.8243 Wh=9.4299 eff=70.3% flags=-
[11:43:28] #21105 V_bat=3.4003 V i_chg=+0.2262 A P_in=1.096 W Ah=2.8262 Wh=9.4363 eff=70.2% flags=-
[11:43:58] #21120 V_bat=3.4019 V i_chg=+0.2381 A P_in=1.096 W Ah=2.8281 Wh=9.4427 eff=73.9% flags=-
[11:44:28] #21135 V_bat=3.4022 V i_chg=+0.2381 A P_in=1.096 W Ah=2.8301 Wh=9.4495 eff=73.9% flags=-
[11:44:58] #21150 V_bat=3.4024 V i_chg=+0.2381 A P_in=1.096 W Ah=2.8321 Wh=9.4562 eff=73.9% flags=-
[11:45:28] #21165 V_bat=3.4024 V i_chg=+0.2381 A P_in=1.096 W Ah=2.8340 Wh=9.4630 eff=73.9% flags=-
[11:45:58] #21180 V_bat=3.4025 V i_chg=+0.2381 A P_in=1.096 W Ah=2.8360 Wh=9.4697 eff=73.9% flags=-
[11:46:28] #21195 V_bat=3.4026 V i_chg=+0.2381 A P_in=1.096 W Ah=2.8380 Wh=9.4765 eff=73.9% flags=-
[11:46:58] #21210 V_bat=3.4026 V i_chg=+0.2381 A P_in=1.096 W Ah=2.8400 Wh=9.4832 eff=73.9% flags=-
[11:47:28] #21225 V_bat=3.4027 V i_chg=+0.2381 A P_in=1.096 W Ah=2.8420 Wh=9.4900 eff=73.9% flags=-
[11:47:58] #21240 V_bat=3.4027 V i_chg=+0.2381 A P_in=1.096 W Ah=2.8440 Wh=9.4967 eff=73.9% flags=-
[11:48:28] #21255 V_bat=3.4028 V i_chg=+0.2381 A P_in=1.096 W Ah=2.8459 Wh=9.5035 eff=73.9% flags=-
[11:48:58] #21270 V_bat=3.4028 V i_chg=+0.2381 A P_in=1.096 W Ah=2.8479 Wh=9.5102 eff=73.9% flags=-
[11:49:28] #21285 V_bat=3.4008 V i_chg=+0.2256 A P_in=1.096 W Ah=2.8498 Wh=9.5166 eff=70.0% flags=-
[11:49:58] #21300 V_bat=3.4007 V i_chg=+0.2256 A P_in=1.096 W Ah=2.8517 Wh=9.5230 eff=70.0% flags=-
[11:50:28] #21315 V_bat=3.4026 V i_chg=+0.2381 A P_in=1.096 W Ah=2.8537 Wh=9.5297 eff=73.9% flags=-
[11:50:58] #21330 V_bat=3.4028 V i_chg=+0.2381 A P_in=1.096 W Ah=2.8556 Wh=9.5365 eff=73.9% flags=-
[11:51:28] #21345 V_bat=3.4029 V i_chg=+0.2380 A P_in=1.096 W Ah=2.8576 Wh=9.5432 eff=73.9% flags=-
[11:51:58] #21360 V_bat=3.4030 V i_chg=+0.2380 A P_in=1.096 W Ah=2.8596 Wh=9.5500 eff=73.9% flags=-
[11:52:28] #21375 V_bat=3.4031 V i_chg=+0.2381 A P_in=1.096 W Ah=2.8616 Wh=9.5567 eff=73.9% flags=-
[11:52:58] #21390 V_bat=3.4031 V i_chg=+0.2380 A P_in=1.096 W Ah=2.8636 Wh=9.5635 eff=73.9% flags=-
[11:53:28] #21405 V_bat=3.4032 V i_chg=+0.2380 A P_in=1.096 W Ah=2.8656 Wh=9.5702 eff=73.9% flags=-
[11:53:58] #21420 V_bat=3.4032 V i_chg=+0.2380 A P_in=1.096 W Ah=2.8675 Wh=9.5770 eff=73.9% flags=-
[11:54:28] #21435 V_bat=3.4033 V i_chg=+0.2380 A P_in=1.096 W Ah=2.8695 Wh=9.5837 eff=73.9% flags=-
[11:54:58] #21450 V_bat=3.4033 V i_chg=+0.2380 A P_in=1.096 W Ah=2.8715 Wh=9.5905 eff=73.9% flags=-
[11:55:28] #21465 V_bat=3.4013 V i_chg=+0.2257 A P_in=1.096 W Ah=2.8734 Wh=9.5970 eff=70.1% flags=-
[11:55:58] #21480 V_bat=3.4012 V i_chg=+0.2257 A P_in=1.096 W Ah=2.8753 Wh=9.6034 eff=70.1% flags=-
[11:56:28] #21495 V_bat=3.4031 V i_chg=+0.2380 A P_in=1.096 W Ah=2.8773 Wh=9.6100 eff=73.9% flags=-
[11:56:58] #21510 V_bat=3.4033 V i_chg=+0.2380 A P_in=1.096 W Ah=2.8792 Wh=9.6168 eff=73.9% flags=-
[11:57:28] #21525 V_bat=3.4034 V i_chg=+0.2380 A P_in=1.096 W Ah=2.8812 Wh=9.6235 eff=73.9% flags=-
[11:57:58] #21540 V_bat=3.4035 V i_chg=+0.2380 A P_in=1.096 W Ah=2.8832 Wh=9.6303 eff=73.9% flags=-
[11:58:28] #21555 V_bat=3.4036 V i_chg=+0.2380 A P_in=1.096 W Ah=2.8852 Wh=9.6370 eff=73.9% flags=-
[11:58:58] #21570 V_bat=3.4036 V i_chg=+0.2380 A P_in=1.096 W Ah=2.8872 Wh=9.6437 eff=73.9% flags=-
[11:59:28] #21585 V_bat=3.4037 V i_chg=+0.2380 A P_in=1.096 W Ah=2.8892 Wh=9.6505 eff=73.9% flags=-
[11:59:58] #21600 V_bat=3.4038 V i_chg=+0.2380 A P_in=1.096 W Ah=2.8911 Wh=9.6573 eff=73.9% flags=-
[12:00:28] #21615 V_bat=3.4038 V i_chg=+0.2380 A P_in=1.096 W Ah=2.8931 Wh=9.6640 eff=73.9% flags=-
[12:00:58] #21630 V_bat=3.4039 V i_chg=+0.2380 A P_in=1.096 W Ah=2.8951 Wh=9.6708 eff=73.9% flags=-
[12:01:28] #21645 V_bat=3.4020 V i_chg=+0.2228 A P_in=1.096 W Ah=2.8970 Wh=9.6773 eff=69.2% flags=-
[12:01:58] #21660 V_bat=3.4018 V i_chg=+0.2258 A P_in=1.096 W Ah=2.8989 Wh=9.6837 eff=70.1% flags=-
[12:02:28] #21675 V_bat=3.4036 V i_chg=+0.2380 A P_in=1.096 W Ah=2.9008 Wh=9.6902 eff=73.9% flags=-
[12:02:58] #21690 V_bat=3.4038 V i_chg=+0.2380 A P_in=1.096 W Ah=2.9028 Wh=9.6970 eff=73.9% flags=-
[12:03:28] #21705 V_bat=3.4040 V i_chg=+0.2380 A P_in=1.096 W Ah=2.9048 Wh=9.7037 eff=73.9% flags=-
[12:03:58] #21720 V_bat=3.4041 V i_chg=+0.2380 A P_in=1.096 W Ah=2.9068 Wh=9.7105 eff=73.9% flags=-
[12:04:28] #21735 V_bat=3.4041 V i_chg=+0.2380 A P_in=1.096 W Ah=2.9088 Wh=9.7172 eff=73.9% flags=-
[12:04:58] #21750 V_bat=3.4042 V i_chg=+0.2380 A P_in=1.096 W Ah=2.9107 Wh=9.7240 eff=74.0% flags=-
[12:05:28] #21765 V_bat=3.4043 V i_chg=+0.2380 A P_in=1.096 W Ah=2.9127 Wh=9.7307 eff=74.0% flags=-
[12:05:58] #21780 V_bat=3.4043 V i_chg=+0.2380 A P_in=1.096 W Ah=2.9147 Wh=9.7375 eff=74.0% flags=-
[12:06:28] #21795 V_bat=3.4044 V i_chg=+0.2380 A P_in=1.096 W Ah=2.9167 Wh=9.7442 eff=73.9% flags=-
[12:06:58] #21810 V_bat=3.4044 V i_chg=+0.2380 A P_in=1.096 W Ah=2.9187 Wh=9.7510 eff=73.9% flags=-
[12:07:28] #21825 V_bat=3.4026 V i_chg=+0.2250 A P_in=1.096 W Ah=2.9206 Wh=9.7576 eff=69.9% flags=-
[12:07:58] #21840 V_bat=3.4024 V i_chg=+0.2257 A P_in=1.096 W Ah=2.9225 Wh=9.7640 eff=70.1% flags=-
[12:08:28] #21855 V_bat=3.4041 V i_chg=+0.2380 A P_in=1.096 W Ah=2.9244 Wh=9.7705 eff=73.9% flags=-
[12:08:58] #21870 V_bat=3.4044 V i_chg=+0.2380 A P_in=1.096 W Ah=2.9264 Wh=9.7772 eff=73.9% flags=-
[12:09:28] #21885 V_bat=3.4045 V i_chg=+0.2380 A P_in=1.096 W Ah=2.9284 Wh=9.7840 eff=74.0% flags=-
[12:09:58] #21900 V_bat=3.4046 V i_chg=+0.2380 A P_in=1.096 W Ah=2.9303 Wh=9.7907 eff=73.9% flags=-
[12:10:28] #21915 V_bat=3.4047 V i_chg=+0.2380 A P_in=1.096 W Ah=2.9323 Wh=9.7975 eff=74.0% flags=-
[12:10:58] #21930 V_bat=3.4048 V i_chg=+0.2380 A P_in=1.096 W Ah=2.9343 Wh=9.8042 eff=74.0% flags=-
[12:11:28] #21945 V_bat=3.4049 V i_chg=+0.2380 A P_in=1.096 W Ah=2.9363 Wh=9.8110 eff=74.0% flags=-
[12:11:58] #21960 V_bat=3.4049 V i_chg=+0.2379 A P_in=1.096 W Ah=2.9383 Wh=9.8177 eff=73.9% flags=-
[12:12:28] #21975 V_bat=3.4050 V i_chg=+0.2380 A P_in=1.096 W Ah=2.9403 Wh=9.8245 eff=74.0% flags=-
[12:12:58] #21990 V_bat=3.4051 V i_chg=+0.2379 A P_in=1.096 W Ah=2.9422 Wh=9.8312 eff=74.0% flags=-
[12:13:28] #22005 V_bat=3.4041 V i_chg=+0.2314 A P_in=1.096 W Ah=2.9442 Wh=9.8380 eff=71.9% flags=-
[12:13:58] #22020 V_bat=3.4031 V i_chg=+0.2257 A P_in=1.096 W Ah=2.9461 Wh=9.8444 eff=70.1% flags=-
[12:14:28] #22035 V_bat=3.4029 V i_chg=+0.2248 A P_in=1.096 W Ah=2.9480 Wh=9.8508 eff=69.8% flags=-
[12:14:58] #22050 V_bat=3.4050 V i_chg=+0.2379 A P_in=1.096 W Ah=2.9500 Wh=9.8575 eff=73.9% flags=-
[12:15:28] #22065 V_bat=3.4051 V i_chg=+0.2380 A P_in=1.096 W Ah=2.9520 Wh=9.8643 eff=74.0% flags=-
[12:15:58] #22080 V_bat=3.4053 V i_chg=+0.2379 A P_in=1.096 W Ah=2.9539 Wh=9.8710 eff=74.0% flags=-
[12:16:28] #22095 V_bat=3.4054 V i_chg=+0.2379 A P_in=1.096 W Ah=2.9559 Wh=9.8778 eff=74.0% flags=-
[12:16:58] #22110 V_bat=3.4054 V i_chg=+0.2379 A P_in=1.096 W Ah=2.9579 Wh=9.8845 eff=73.9% flags=-
[12:17:28] #22125 V_bat=3.4055 V i_chg=+0.2379 A P_in=1.096 W Ah=2.9599 Wh=9.8913 eff=74.0% flags=-
[12:17:58] #22140 V_bat=3.4056 V i_chg=+0.2379 A P_in=1.096 W Ah=2.9619 Wh=9.8980 eff=73.9% flags=-
[12:18:28] #22155 V_bat=3.4057 V i_chg=+0.2379 A P_in=1.096 W Ah=2.9638 Wh=9.9048 eff=74.0% flags=-
[12:18:58] #22170 V_bat=3.4057 V i_chg=+0.2379 A P_in=1.096 W Ah=2.9658 Wh=9.9115 eff=74.0% flags=-
[12:19:28] #22185 V_bat=3.4058 V i_chg=+0.2379 A P_in=1.096 W Ah=2.9678 Wh=9.9183 eff=74.0% flags=-
[12:19:58] #22200 V_bat=3.4037 V i_chg=+0.2256 A P_in=1.096 W Ah=2.9697 Wh=9.9247 eff=70.1% flags=-
[12:20:28] #22215 V_bat=3.4037 V i_chg=+0.2271 A P_in=1.096 W Ah=2.9716 Wh=9.9311 eff=70.6% flags=-
[12:20:58] #22230 V_bat=3.4056 V i_chg=+0.2379 A P_in=1.096 W Ah=2.9735 Wh=9.9378 eff=74.0% flags=-
[12:21:28] #22245 V_bat=3.4058 V i_chg=+0.2379 A P_in=1.096 W Ah=2.9755 Wh=9.9445 eff=74.0% flags=-
[12:21:58] #22260 V_bat=3.4059 V i_chg=+0.2379 A P_in=1.096 W Ah=2.9775 Wh=9.9513 eff=74.0% flags=-
[12:22:28] #22275 V_bat=3.4060 V i_chg=+0.2379 A P_in=1.096 W Ah=2.9795 Wh=9.9581 eff=74.0% flags=-
[12:22:58] #22290 V_bat=3.4061 V i_chg=+0.2379 A P_in=1.096 W Ah=2.9815 Wh=9.9648 eff=74.0% flags=-
[12:23:28] #22305 V_bat=3.4062 V i_chg=+0.2379 A P_in=1.096 W Ah=2.9835 Wh=9.9716 eff=74.0% flags=-
[12:23:58] #22320 V_bat=3.4063 V i_chg=+0.2379 A P_in=1.096 W Ah=2.9854 Wh=9.9783 eff=74.0% flags=-
[12:24:28] #22335 V_bat=3.4064 V i_chg=+0.2379 A P_in=1.096 W Ah=2.9874 Wh=9.9851 eff=74.0% flags=-
[12:24:58] #22350 V_bat=3.4064 V i_chg=+0.2379 A P_in=1.096 W Ah=2.9894 Wh=9.9918 eff=74.0% flags=-
[12:25:28] #22365 V_bat=3.4065 V i_chg=+0.2378 A P_in=1.096 W Ah=2.9914 Wh=9.9986 eff=73.9% flags=-
[12:25:58] #22380 V_bat=3.4045 V i_chg=+0.2257 A P_in=1.096 W Ah=2.9933 Wh=10.0051 eff=70.1% flags=-
[12:26:28] #22395 V_bat=3.4044 V i_chg=+0.2256 A P_in=1.096 W Ah=2.9952 Wh=10.0115 eff=70.1% flags=-
[12:26:58] #22410 V_bat=3.4063 V i_chg=+0.2379 A P_in=1.096 W Ah=2.9971 Wh=10.0181 eff=74.0% flags=-
[12:27:28] #22425 V_bat=3.4065 V i_chg=+0.2378 A P_in=1.096 W Ah=2.9991 Wh=10.0248 eff=74.0% flags=-
[12:27:58] #22440 V_bat=3.4066 V i_chg=+0.2379 A P_in=1.096 W Ah=3.0011 Wh=10.0316 eff=74.0% flags=-
[12:28:28] #22455 V_bat=3.4068 V i_chg=+0.2378 A P_in=1.096 W Ah=3.0031 Wh=10.0383 eff=74.0% flags=-
[12:28:58] #22470 V_bat=3.4069 V i_chg=+0.2378 A P_in=1.096 W Ah=3.0050 Wh=10.0451 eff=74.0% flags=-
[12:29:28] #22485 V_bat=3.4070 V i_chg=+0.2378 A P_in=1.096 W Ah=3.0070 Wh=10.0518 eff=74.0% flags=-
[12:29:58] #22500 V_bat=3.4070 V i_chg=+0.2378 A P_in=1.096 W Ah=3.0090 Wh=10.0586 eff=74.0% flags=-
[12:30:28] #22515 V_bat=3.4071 V i_chg=+0.2378 A P_in=1.096 W Ah=3.0110 Wh=10.0654 eff=74.0% flags=-
[12:30:58] #22530 V_bat=3.4072 V i_chg=+0.2378 A P_in=1.096 W Ah=3.0130 Wh=10.0721 eff=74.0% flags=-
[12:31:28] #22545 V_bat=3.4073 V i_chg=+0.2378 A P_in=1.096 W Ah=3.0150 Wh=10.0789 eff=74.0% flags=-
[12:31:58] #22560 V_bat=3.4054 V i_chg=+0.2256 A P_in=1.096 W Ah=3.0169 Wh=10.0855 eff=70.1% flags=-
[12:32:28] #22575 V_bat=3.4052 V i_chg=+0.2259 A P_in=1.096 W Ah=3.0188 Wh=10.0919 eff=70.2% flags=-
[12:32:58] #22590 V_bat=3.4070 V i_chg=+0.2378 A P_in=1.096 W Ah=3.0207 Wh=10.0984 eff=74.0% flags=-
[12:33:28] #22605 V_bat=3.4072 V i_chg=+0.2378 A P_in=1.096 W Ah=3.0227 Wh=10.1051 eff=74.0% flags=-
[12:33:58] #22620 V_bat=3.4074 V i_chg=+0.2378 A P_in=1.096 W Ah=3.0246 Wh=10.1119 eff=74.0% flags=-
[12:34:28] #22635 V_bat=3.4075 V i_chg=+0.2378 A P_in=1.096 W Ah=3.0266 Wh=10.1186 eff=74.0% flags=-
[12:34:58] #22650 V_bat=3.4076 V i_chg=+0.2378 A P_in=1.096 W Ah=3.0286 Wh=10.1254 eff=74.0% flags=-
[12:35:28] #22665 V_bat=3.4077 V i_chg=+0.2378 A P_in=1.096 W Ah=3.0306 Wh=10.1322 eff=74.0% flags=-
[12:35:58] #22680 V_bat=3.4078 V i_chg=+0.2378 A P_in=1.096 W Ah=3.0326 Wh=10.1389 eff=74.0% flags=-
[12:36:28] #22695 V_bat=3.4079 V i_chg=+0.2378 A P_in=1.096 W Ah=3.0346 Wh=10.1457 eff=74.0% flags=-
[12:36:58] #22710 V_bat=3.4080 V i_chg=+0.2378 A P_in=1.096 W Ah=3.0365 Wh=10.1524 eff=74.0% flags=-
[12:37:28] #22725 V_bat=3.4081 V i_chg=+0.2378 A P_in=1.096 W Ah=3.0385 Wh=10.1591 eff=74.0% flags=-
[12:37:58] #22740 V_bat=3.4066 V i_chg=+0.2257 A P_in=1.096 W Ah=3.0405 Wh=10.1658 eff=70.2% flags=-
[12:38:28] #22755 V_bat=3.4061 V i_chg=+0.2258 A P_in=1.096 W Ah=3.0424 Wh=10.1722 eff=70.2% flags=-
[12:38:58] #22770 V_bat=3.4077 V i_chg=+0.2377 A P_in=1.096 W Ah=3.0442 Wh=10.1786 eff=74.0% flags=-
[12:39:28] #22785 V_bat=3.4081 V i_chg=+0.2378 A P_in=1.096 W Ah=3.0462 Wh=10.1854 eff=74.0% flags=-
[12:39:58] #22800 V_bat=3.4082 V i_chg=+0.2378 A P_in=1.096 W Ah=3.0482 Wh=10.1922 eff=74.0% flags=-
[12:40:28] #22815 V_bat=3.4084 V i_chg=+0.2378 A P_in=1.096 W Ah=3.0502 Wh=10.1989 eff=74.0% flags=-
[12:40:58] #22830 V_bat=3.4085 V i_chg=+0.2378 A P_in=1.096 W Ah=3.0522 Wh=10.2057 eff=74.0% flags=-
[12:41:28] #22845 V_bat=3.4086 V i_chg=+0.2377 A P_in=1.096 W Ah=3.0542 Wh=10.2124 eff=74.0% flags=-
[12:41:58] #22860 V_bat=3.4087 V i_chg=+0.2377 A P_in=1.096 W Ah=3.0561 Wh=10.2192 eff=74.0% flags=-
[12:42:28] #22875 V_bat=3.4088 V i_chg=+0.2377 A P_in=1.096 W Ah=3.0581 Wh=10.2259 eff=74.0% flags=-
[12:42:58] #22890 V_bat=3.4089 V i_chg=+0.2377 A P_in=1.096 W Ah=3.0601 Wh=10.2327 eff=74.0% flags=-
[12:43:28] #22905 V_bat=3.4090 V i_chg=+0.2377 A P_in=1.096 W Ah=3.0621 Wh=10.2394 eff=74.0% flags=-
[12:43:58] #22920 V_bat=3.4087 V i_chg=+0.2349 A P_in=1.096 W Ah=3.0641 Wh=10.2462 eff=73.1% flags=-
[12:44:28] #22935 V_bat=3.4071 V i_chg=+0.2249 A P_in=1.096 W Ah=3.0659 Wh=10.2526 eff=69.9% flags=-
[12:44:58] #22950 V_bat=3.4070 V i_chg=+0.2253 A P_in=1.096 W Ah=3.0678 Wh=10.2590 eff=70.0% flags=-
[12:45:28] #22965 V_bat=3.4089 V i_chg=+0.2377 A P_in=1.096 W Ah=3.0698 Wh=10.2657 eff=74.0% flags=-
[12:45:58] #22980 V_bat=3.4092 V i_chg=+0.2377 A P_in=1.096 W Ah=3.0718 Wh=10.2724 eff=74.0% flags=-
[12:46:28] #22995 V_bat=3.4093 V i_chg=+0.2377 A P_in=1.096 W Ah=3.0737 Wh=10.2792 eff=74.0% flags=-
[12:46:58] #23010 V_bat=3.4095 V i_chg=+0.2377 A P_in=1.096 W Ah=3.0757 Wh=10.2860 eff=74.0% flags=-
[12:47:28] #23025 V_bat=3.4096 V i_chg=+0.2377 A P_in=1.096 W Ah=3.0777 Wh=10.2927 eff=74.0% flags=-
[12:47:58] #23040 V_bat=3.4097 V i_chg=+0.2377 A P_in=1.096 W Ah=3.0797 Wh=10.2995 eff=74.0% flags=-
[12:48:28] #23055 V_bat=3.4098 V i_chg=+0.2377 A P_in=1.096 W Ah=3.0817 Wh=10.3062 eff=74.0% flags=-
[12:48:58] #23070 V_bat=3.4099 V i_chg=+0.2377 A P_in=1.096 W Ah=3.0837 Wh=10.3130 eff=74.0% flags=-
[12:49:28] #23085 V_bat=3.4100 V i_chg=+0.2377 A P_in=1.096 W Ah=3.0856 Wh=10.3197 eff=74.0% flags=-
[12:49:58] #23100 V_bat=3.4101 V i_chg=+0.2376 A P_in=1.096 W Ah=3.0876 Wh=10.3265 eff=74.0% flags=-
[12:50:28] #23115 V_bat=3.4081 V i_chg=+0.2254 A P_in=1.096 W Ah=3.0895 Wh=10.3330 eff=70.1% flags=-
[12:50:58] #23130 V_bat=3.4081 V i_chg=+0.2263 A P_in=1.096 W Ah=3.0914 Wh=10.3394 eff=70.4% flags=-
[12:51:28] #23145 V_bat=3.4099 V i_chg=+0.2377 A P_in=1.096 W Ah=3.0933 Wh=10.3460 eff=74.0% flags=-
[12:51:58] #23160 V_bat=3.4102 V i_chg=+0.2377 A P_in=1.096 W Ah=3.0953 Wh=10.3527 eff=74.0% flags=-
[12:52:28] #23175 V_bat=3.4103 V i_chg=+0.2376 A P_in=1.096 W Ah=3.0973 Wh=10.3595 eff=74.0% flags=-
[12:52:58] #23190 V_bat=3.4105 V i_chg=+0.2376 A P_in=1.096 W Ah=3.0993 Wh=10.3662 eff=74.0% flags=-
[12:53:28] #23205 V_bat=3.4106 V i_chg=+0.2376 A P_in=1.096 W Ah=3.1013 Wh=10.3730 eff=74.0% flags=-
[12:53:58] #23220 V_bat=3.4107 V i_chg=+0.2376 A P_in=1.096 W Ah=3.1032 Wh=10.3798 eff=74.0% flags=-
[12:54:28] #23235 V_bat=3.4109 V i_chg=+0.2376 A P_in=1.096 W Ah=3.1052 Wh=10.3865 eff=74.0% flags=-
[12:54:58] #23250 V_bat=3.4110 V i_chg=+0.2376 A P_in=1.096 W Ah=3.1072 Wh=10.3933 eff=74.0% flags=-
[12:55:28] #23265 V_bat=3.4111 V i_chg=+0.2376 A P_in=1.096 W Ah=3.1092 Wh=10.4000 eff=74.0% flags=-
[12:55:58] #23280 V_bat=3.4112 V i_chg=+0.2376 A P_in=1.096 W Ah=3.1112 Wh=10.4068 eff=74.0% flags=-
[12:56:28] #23295 V_bat=3.4092 V i_chg=+0.2245 A P_in=1.096 W Ah=3.1131 Wh=10.4133 eff=69.9% flags=-
[12:56:58] #23310 V_bat=3.4091 V i_chg=+0.2253 A P_in=1.096 W Ah=3.1150 Wh=10.4197 eff=70.1% flags=-
[12:57:28] #23325 V_bat=3.4110 V i_chg=+0.2376 A P_in=1.096 W Ah=3.1169 Wh=10.4263 eff=74.0% flags=-
[12:57:58] #23340 V_bat=3.4113 V i_chg=+0.2376 A P_in=1.096 W Ah=3.1189 Wh=10.4330 eff=74.0% flags=-
[12:58:28] #23355 V_bat=3.4115 V i_chg=+0.2376 A P_in=1.096 W Ah=3.1208 Wh=10.4398 eff=74.0% flags=-
[12:58:58] #23370 V_bat=3.4116 V i_chg=+0.2376 A P_in=1.096 W Ah=3.1228 Wh=10.4465 eff=74.0% flags=-
[12:59:28] #23385 V_bat=3.4118 V i_chg=+0.2375 A P_in=1.096 W Ah=3.1248 Wh=10.4533 eff=74.0% flags=-
[12:59:58] #23400 V_bat=3.4119 V i_chg=+0.2376 A P_in=1.096 W Ah=3.1268 Wh=10.4601 eff=74.0% flags=-
[13:00:28] #23415 V_bat=3.4120 V i_chg=+0.2375 A P_in=1.096 W Ah=3.1288 Wh=10.4668 eff=74.0% flags=-
[13:00:58] #23430 V_bat=3.4122 V i_chg=+0.2375 A P_in=1.096 W Ah=3.1307 Wh=10.4735 eff=74.0% flags=-
[13:01:28] #23445 V_bat=3.4123 V i_chg=+0.2375 A P_in=1.096 W Ah=3.1327 Wh=10.4803 eff=74.0% flags=-
[13:01:58] #23460 V_bat=3.4124 V i_chg=+0.2375 A P_in=1.096 W Ah=3.1347 Wh=10.4871 eff=74.0% flags=-
[13:02:28] #23475 V_bat=3.4107 V i_chg=+0.2252 A P_in=1.096 W Ah=3.1366 Wh=10.4937 eff=70.1% flags=-
[13:02:58] #23490 V_bat=3.4104 V i_chg=+0.2252 A P_in=1.096 W Ah=3.1385 Wh=10.5001 eff=70.1% flags=-
[13:03:28] #23505 V_bat=3.4121 V i_chg=+0.2375 A P_in=1.096 W Ah=3.1404 Wh=10.5066 eff=74.0% flags=-
[13:03:58] #23520 V_bat=3.4125 V i_chg=+0.2375 A P_in=1.096 W Ah=3.1424 Wh=10.5133 eff=74.0% flags=-
[13:04:28] #23535 V_bat=3.4127 V i_chg=+0.2375 A P_in=1.096 W Ah=3.1444 Wh=10.5201 eff=74.0% flags=-
[13:04:58] #23550 V_bat=3.4129 V i_chg=+0.2375 A P_in=1.096 W Ah=3.1464 Wh=10.5269 eff=74.0% flags=-
[13:05:28] #23565 V_bat=3.4131 V i_chg=+0.2375 A P_in=1.096 W Ah=3.1483 Wh=10.5336 eff=74.0% flags=-
[13:05:58] #23580 V_bat=3.4132 V i_chg=+0.2374 A P_in=1.096 W Ah=3.1503 Wh=10.5404 eff=74.0% flags=-
[13:06:28] #23595 V_bat=3.4134 V i_chg=+0.2375 A P_in=1.096 W Ah=3.1523 Wh=10.5471 eff=74.0% flags=-
[13:06:58] #23610 V_bat=3.4135 V i_chg=+0.2374 A P_in=1.096 W Ah=3.1543 Wh=10.5539 eff=74.0% flags=-
[13:07:28] #23625 V_bat=3.4136 V i_chg=+0.2374 A P_in=1.096 W Ah=3.1562 Wh=10.5606 eff=74.0% flags=-
[13:07:58] #23640 V_bat=3.4138 V i_chg=+0.2374 A P_in=1.096 W Ah=3.1582 Wh=10.5674 eff=74.0% flags=-
[13:08:28] #23655 V_bat=3.4122 V i_chg=+0.2246 A P_in=1.096 W Ah=3.1602 Wh=10.5741 eff=69.9% flags=-
[13:08:58] #23670 V_bat=3.4118 V i_chg=+0.2244 A P_in=1.096 W Ah=3.1621 Wh=10.5805 eff=69.9% flags=-
[13:09:28] #23685 V_bat=3.4118 V i_chg=+0.2252 A P_in=1.096 W Ah=3.1640 Wh=10.5869 eff=70.1% flags=-
[13:09:58] #23700 V_bat=3.4139 V i_chg=+0.2374 A P_in=1.096 W Ah=3.1659 Wh=10.5937 eff=74.0% flags=-
[13:10:28] #23715 V_bat=3.4141 V i_chg=+0.2374 A P_in=1.096 W Ah=3.1679 Wh=10.6004 eff=74.0% flags=-
[13:10:58] #23730 V_bat=3.4143 V i_chg=+0.2374 A P_in=1.096 W Ah=3.1699 Wh=10.6072 eff=74.0% flags=-
[13:11:28] #23745 V_bat=3.4145 V i_chg=+0.2374 A P_in=1.096 W Ah=3.1719 Wh=10.6139 eff=74.0% flags=-
[13:11:58] #23760 V_bat=3.4147 V i_chg=+0.2374 A P_in=1.096 W Ah=3.1738 Wh=10.6207 eff=74.0% flags=-
[13:12:28] #23775 V_bat=3.4149 V i_chg=+0.2374 A P_in=1.096 W Ah=3.1758 Wh=10.6274 eff=74.0% flags=-
[13:12:58] #23790 V_bat=3.4150 V i_chg=+0.2374 A P_in=1.096 W Ah=3.1778 Wh=10.6342 eff=74.0% flags=-
[13:13:28] #23805 V_bat=3.4152 V i_chg=+0.2374 A P_in=1.096 W Ah=3.1798 Wh=10.6409 eff=74.0% flags=-
[13:13:58] #23820 V_bat=3.4153 V i_chg=+0.2373 A P_in=1.096 W Ah=3.1818 Wh=10.6477 eff=74.0% flags=-
[13:14:28] #23835 V_bat=3.4154 V i_chg=+0.2373 A P_in=1.096 W Ah=3.1837 Wh=10.6545 eff=74.0% flags=-
[13:14:58] #23850 V_bat=3.4134 V i_chg=+0.2248 A P_in=1.096 W Ah=3.1856 Wh=10.6609 eff=70.0% flags=-
[13:15:28] #23865 V_bat=3.4135 V i_chg=+0.2259 A P_in=1.096 W Ah=3.1875 Wh=10.6673 eff=70.4% flags=-
[13:15:58] #23880 V_bat=3.4154 V i_chg=+0.2373 A P_in=1.096 W Ah=3.1895 Wh=10.6740 eff=74.0% flags=-
[13:16:28] #23895 V_bat=3.4157 V i_chg=+0.2373 A P_in=1.096 W Ah=3.1914 Wh=10.6807 eff=74.0% flags=-
[13:16:58] #23910 V_bat=3.4160 V i_chg=+0.2373 A P_in=1.096 W Ah=3.1934 Wh=10.6875 eff=74.0% flags=-
[13:17:28] #23925 V_bat=3.4162 V i_chg=+0.2373 A P_in=1.096 W Ah=3.1954 Wh=10.6942 eff=74.0% flags=-
[13:17:58] #23940 V_bat=3.4163 V i_chg=+0.2373 A P_in=1.096 W Ah=3.1974 Wh=10.7010 eff=74.0% flags=-
[13:18:28] #23955 V_bat=3.4165 V i_chg=+0.2373 A P_in=1.096 W Ah=3.1993 Wh=10.7078 eff=74.0% flags=-
[13:18:58] #23970 V_bat=3.4167 V i_chg=+0.2373 A P_in=1.096 W Ah=3.2013 Wh=10.7145 eff=74.0% flags=-
[13:19:28] #23985 V_bat=3.4169 V i_chg=+0.2373 A P_in=1.096 W Ah=3.2033 Wh=10.7213 eff=74.0% flags=-
[13:19:58] #24000 V_bat=3.4170 V i_chg=+0.2372 A P_in=1.096 W Ah=3.2053 Wh=10.7280 eff=74.0% flags=-
[13:20:28] #24015 V_bat=3.4172 V i_chg=+0.2372 A P_in=1.096 W Ah=3.2072 Wh=10.7348 eff=74.0% flags=-
[13:20:58] #24030 V_bat=3.4152 V i_chg=+0.2243 A P_in=1.096 W Ah=3.2092 Wh=10.7413 eff=69.9% flags=-
[13:21:28] #24045 V_bat=3.4152 V i_chg=+0.2249 A P_in=1.096 W Ah=3.2110 Wh=10.7477 eff=70.1% flags=-
[13:21:58] #24060 V_bat=3.4171 V i_chg=+0.2372 A P_in=1.096 W Ah=3.2130 Wh=10.7543 eff=74.0% flags=-
[13:22:28] #24075 V_bat=3.4175 V i_chg=+0.2372 A P_in=1.096 W Ah=3.2149 Wh=10.7610 eff=74.0% flags=-
[13:22:58] #24090 V_bat=3.4178 V i_chg=+0.2372 A P_in=1.096 W Ah=3.2169 Wh=10.7678 eff=74.0% flags=-
[13:23:28] #24105 V_bat=3.4180 V i_chg=+0.2372 A P_in=1.096 W Ah=3.2189 Wh=10.7745 eff=74.0% flags=-
[13:23:58] #24120 V_bat=3.4182 V i_chg=+0.2372 A P_in=1.096 W Ah=3.2209 Wh=10.7813 eff=74.0% flags=-
[13:24:28] #24135 V_bat=3.4184 V i_chg=+0.2372 A P_in=1.096 W Ah=3.2228 Wh=10.7881 eff=74.0% flags=-
[13:24:58] #24150 V_bat=3.4186 V i_chg=+0.2372 A P_in=1.096 W Ah=3.2248 Wh=10.7948 eff=74.0% flags=-
[13:25:28] #24165 V_bat=3.4188 V i_chg=+0.2371 A P_in=1.096 W Ah=3.2268 Wh=10.8016 eff=74.0% flags=-
[13:25:58] #24180 V_bat=3.4190 V i_chg=+0.2371 A P_in=1.096 W Ah=3.2288 Wh=10.8083 eff=74.0% flags=-
[13:26:28] #24195 V_bat=3.4192 V i_chg=+0.2371 A P_in=1.096 W Ah=3.2307 Wh=10.8151 eff=74.0% flags=-
[13:26:58] #24210 V_bat=3.4174 V i_chg=+0.2219 A P_in=1.096 W Ah=3.2327 Wh=10.8217 eff=69.2% flags=-
[13:27:28] #24225 V_bat=3.4173 V i_chg=+0.2203 A P_in=1.096 W Ah=3.2345 Wh=10.8281 eff=68.7% flags=-
[13:27:58] #24240 V_bat=3.4191 V i_chg=+0.2371 A P_in=1.096 W Ah=3.2364 Wh=10.8345 eff=74.0% flags=-
[13:28:28] #24255 V_bat=3.4196 V i_chg=+0.2371 A P_in=1.096 W Ah=3.2384 Wh=10.8413 eff=74.0% flags=-
[13:28:58] #24270 V_bat=3.4199 V i_chg=+0.2371 A P_in=1.096 W Ah=3.2404 Wh=10.8480 eff=74.0% flags=-
[13:29:28] #24285 V_bat=3.4201 V i_chg=+0.2371 A P_in=1.096 W Ah=3.2424 Wh=10.8548 eff=74.0% flags=-
[13:29:58] #24300 V_bat=3.4204 V i_chg=+0.2370 A P_in=1.096 W Ah=3.2443 Wh=10.8615 eff=74.0% flags=-
[13:30:28] #24315 V_bat=3.4206 V i_chg=+0.2370 A P_in=1.096 W Ah=3.2463 Wh=10.8683 eff=74.0% flags=-
[13:30:58] #24330 V_bat=3.4209 V i_chg=+0.2370 A P_in=1.096 W Ah=3.2483 Wh=10.8750 eff=74.0% flags=-
[13:31:28] #24345 V_bat=3.4211 V i_chg=+0.2370 A P_in=1.096 W Ah=3.2503 Wh=10.8818 eff=74.0% flags=-
[13:31:58] #24360 V_bat=3.4213 V i_chg=+0.2370 A P_in=1.096 W Ah=3.2522 Wh=10.8886 eff=74.0% flags=-
[13:32:28] #24375 V_bat=3.4215 V i_chg=+0.2370 A P_in=1.096 W Ah=3.2542 Wh=10.8953 eff=74.0% flags=-
[13:32:58] #24390 V_bat=3.4200 V i_chg=+0.2254 A P_in=1.096 W Ah=3.2562 Wh=10.9020 eff=70.4% flags=-
[13:33:28] #24405 V_bat=3.4197 V i_chg=+0.2254 A P_in=1.096 W Ah=3.2580 Wh=10.9084 eff=70.4% flags=-
[13:33:58] #24420 V_bat=3.4214 V i_chg=+0.2370 A P_in=1.096 W Ah=3.2599 Wh=10.9148 eff=74.0% flags=-
[13:34:28] #24435 V_bat=3.4219 V i_chg=+0.2370 A P_in=1.096 W Ah=3.2619 Wh=10.9216 eff=74.0% flags=-
[13:34:58] #24450 V_bat=3.4223 V i_chg=+0.2370 A P_in=1.096 W Ah=3.2639 Wh=10.9284 eff=74.0% flags=-
[13:35:28] #24465 V_bat=3.4226 V i_chg=+0.2369 A P_in=1.096 W Ah=3.2658 Wh=10.9351 eff=74.0% flags=-
[13:35:58] #24480 V_bat=3.4229 V i_chg=+0.2369 A P_in=1.096 W Ah=3.2678 Wh=10.9419 eff=74.0% flags=-
[13:36:28] #24495 V_bat=3.4232 V i_chg=+0.2369 A P_in=1.096 W Ah=3.2698 Wh=10.9486 eff=74.0% flags=-
[13:36:58] #24510 V_bat=3.4234 V i_chg=+0.2369 A P_in=1.096 W Ah=3.2718 Wh=10.9554 eff=74.0% flags=-
[13:37:28] #24525 V_bat=3.4237 V i_chg=+0.2369 A P_in=1.096 W Ah=3.2737 Wh=10.9621 eff=74.0% flags=-
[13:37:58] #24540 V_bat=3.4240 V i_chg=+0.2368 A P_in=1.096 W Ah=3.2757 Wh=10.9689 eff=74.0% flags=-
[13:38:28] #24555 V_bat=3.4242 V i_chg=+0.2368 A P_in=1.096 W Ah=3.2777 Wh=10.9757 eff=74.0% flags=-
[13:38:58] #24570 V_bat=3.4242 V i_chg=+0.2345 A P_in=1.096 W Ah=3.2797 Wh=10.9824 eff=73.3% flags=-
[13:39:28] #24585 V_bat=3.4225 V i_chg=+0.2238 A P_in=1.096 W Ah=3.2815 Wh=10.9888 eff=69.9% flags=-
[13:39:58] #24600 V_bat=3.4225 V i_chg=+0.2251 A P_in=1.096 W Ah=3.2834 Wh=10.9952 eff=70.3% flags=-
[13:40:28] #24615 V_bat=3.4247 V i_chg=+0.2368 A P_in=1.096 W Ah=3.2854 Wh=11.0019 eff=74.0% flags=-
[13:40:58] #24630 V_bat=3.4251 V i_chg=+0.2368 A P_in=1.096 W Ah=3.2873 Wh=11.0087 eff=74.0% flags=-
[13:41:28] #24645 V_bat=3.4255 V i_chg=+0.2368 A P_in=1.096 W Ah=3.2893 Wh=11.0155 eff=74.0% flags=-
[13:41:58] #24660 V_bat=3.4258 V i_chg=+0.2368 A P_in=1.096 W Ah=3.2913 Wh=11.0222 eff=74.0% flags=-
[13:42:28] #24675 V_bat=3.4261 V i_chg=+0.2367 A P_in=1.096 W Ah=3.2933 Wh=11.0290 eff=74.0% flags=-
[13:42:58] #24690 V_bat=3.4265 V i_chg=+0.2367 A P_in=1.096 W Ah=3.2952 Wh=11.0358 eff=74.0% flags=-
[13:43:28] #24705 V_bat=3.4268 V i_chg=+0.2367 A P_in=1.096 W Ah=3.2972 Wh=11.0425 eff=74.0% flags=-
[13:43:58] #24720 V_bat=3.4271 V i_chg=+0.2366 A P_in=1.096 W Ah=3.2992 Wh=11.0493 eff=74.0% flags=-
[13:44:28] #24735 V_bat=3.4274 V i_chg=+0.2366 A P_in=1.096 W Ah=3.3011 Wh=11.0560 eff=74.0% flags=-
[13:44:58] #24750 V_bat=3.4277 V i_chg=+0.2366 A P_in=1.096 W Ah=3.3031 Wh=11.0628 eff=74.0% flags=-
[13:45:28] #24765 V_bat=3.4258 V i_chg=+0.2238 A P_in=1.096 W Ah=3.3050 Wh=11.0692 eff=70.0% flags=-
[13:45:58] #24780 V_bat=3.4258 V i_chg=+0.2243 A P_in=1.096 W Ah=3.3069 Wh=11.0757 eff=70.1% flags=-
[13:46:28] #24795 V_bat=3.4279 V i_chg=+0.2366 A P_in=1.096 W Ah=3.3088 Wh=11.0823 eff=74.0% flags=-
[13:46:58] #24810 V_bat=3.4285 V i_chg=+0.2366 A P_in=1.096 W Ah=3.3108 Wh=11.0890 eff=74.0% flags=-
[13:47:28] #24825 V_bat=3.4289 V i_chg=+0.2366 A P_in=1.096 W Ah=3.3127 Wh=11.0958 eff=74.0% flags=-
[13:47:58] #24840 V_bat=3.4293 V i_chg=+0.2365 A P_in=1.096 W Ah=3.3147 Wh=11.1026 eff=74.0% flags=-
[13:48:28] #24855 V_bat=3.4297 V i_chg=+0.2365 A P_in=1.096 W Ah=3.3167 Wh=11.1093 eff=74.0% flags=-
[13:48:58] #24870 V_bat=3.4300 V i_chg=+0.2365 A P_in=1.096 W Ah=3.3187 Wh=11.1161 eff=74.0% flags=-
[13:49:28] #24885 V_bat=3.4304 V i_chg=+0.2365 A P_in=1.096 W Ah=3.3206 Wh=11.1228 eff=74.0% flags=-
[13:49:58] #24900 V_bat=3.4308 V i_chg=+0.2365 A P_in=1.096 W Ah=3.3226 Wh=11.1296 eff=74.0% flags=-
[13:50:28] #24915 V_bat=3.4311 V i_chg=+0.2364 A P_in=1.096 W Ah=3.3246 Wh=11.1364 eff=74.0% flags=-
[13:50:58] #24930 V_bat=3.4315 V i_chg=+0.2364 A P_in=1.096 W Ah=3.3265 Wh=11.1431 eff=74.0% flags=-
[13:51:28] #24945 V_bat=3.4296 V i_chg=+0.2242 A P_in=1.096 W Ah=3.3285 Wh=11.1497 eff=70.2% flags=-
[13:51:58] #24960 V_bat=3.4298 V i_chg=+0.2234 A P_in=1.096 W Ah=3.3303 Wh=11.1561 eff=69.9% flags=-
[13:52:28] #24975 V_bat=3.4318 V i_chg=+0.2364 A P_in=1.096 W Ah=3.3322 Wh=11.1627 eff=74.0% flags=-
[13:52:58] #24990 V_bat=3.4325 V i_chg=+0.2364 A P_in=1.096 W Ah=3.3342 Wh=11.1694 eff=74.0% flags=-
[13:53:28] #25005 V_bat=3.4330 V i_chg=+0.2363 A P_in=1.096 W Ah=3.3362 Wh=11.1762 eff=74.0% flags=-
[13:53:58] #25020 V_bat=3.4335 V i_chg=+0.2363 A P_in=1.096 W Ah=3.3382 Wh=11.1830 eff=74.0% flags=-
[13:54:28] #25035 V_bat=3.4339 V i_chg=+0.2363 A P_in=1.096 W Ah=3.3401 Wh=11.1897 eff=74.1% flags=-
[13:54:58] #25050 V_bat=3.4344 V i_chg=+0.2362 A P_in=1.096 W Ah=3.3421 Wh=11.1965 eff=74.1% flags=-
[13:55:28] #25065 V_bat=3.4348 V i_chg=+0.2362 A P_in=1.096 W Ah=3.3441 Wh=11.2032 eff=74.1% flags=-
[13:55:58] #25080 V_bat=3.4353 V i_chg=+0.2362 A P_in=1.096 W Ah=3.3460 Wh=11.2100 eff=74.1% flags=-
[13:56:28] #25095 V_bat=3.4357 V i_chg=+0.2362 A P_in=1.096 W Ah=3.3480 Wh=11.2168 eff=74.1% flags=-
[13:56:58] #25110 V_bat=3.4362 V i_chg=+0.2361 A P_in=1.096 W Ah=3.3500 Wh=11.2235 eff=74.1% flags=-
[13:57:28] #25125 V_bat=3.4347 V i_chg=+0.2233 A P_in=1.096 W Ah=3.3519 Wh=11.2302 eff=70.0% flags=-
[13:57:58] #25140 V_bat=3.4346 V i_chg=+0.2234 A P_in=1.096 W Ah=3.3538 Wh=11.2366 eff=70.0% flags=-
[13:58:28] #25155 V_bat=3.4367 V i_chg=+0.2361 A P_in=1.096 W Ah=3.3557 Wh=11.2431 eff=74.1% flags=-
[13:58:58] #25170 V_bat=3.4374 V i_chg=+0.2361 A P_in=1.096 W Ah=3.3576 Wh=11.2498 eff=74.1% flags=-
[13:59:28] #25185 V_bat=3.4381 V i_chg=+0.2360 A P_in=1.096 W Ah=3.3596 Wh=11.2566 eff=74.1% flags=-
[13:59:58] #25200 V_bat=3.4387 V i_chg=+0.2360 A P_in=1.096 W Ah=3.3615 Wh=11.2633 eff=74.1% flags=-
[14:00:28] #25215 V_bat=3.4393 V i_chg=+0.2360 A P_in=1.096 W Ah=3.3635 Wh=11.2701 eff=74.1% flags=-
[14:00:58] #25230 V_bat=3.4398 V i_chg=+0.2359 A P_in=1.096 W Ah=3.3655 Wh=11.2769 eff=74.1% flags=-
[14:01:28] #25245 V_bat=3.4404 V i_chg=+0.2359 A P_in=1.096 W Ah=3.3674 Wh=11.2836 eff=74.1% flags=-
[14:01:58] #25260 V_bat=3.4410 V i_chg=+0.2359 A P_in=1.096 W Ah=3.3694 Wh=11.2904 eff=74.1% flags=-
[14:02:28] #25275 V_bat=3.4415 V i_chg=+0.2358 A P_in=1.096 W Ah=3.3714 Wh=11.2972 eff=74.1% flags=-
[14:02:58] #25290 V_bat=3.4421 V i_chg=+0.2358 A P_in=1.096 W Ah=3.3733 Wh=11.3039 eff=74.1% flags=-
[14:03:28] #25305 V_bat=3.4407 V i_chg=+0.2236 A P_in=1.096 W Ah=3.3753 Wh=11.3107 eff=70.2% flags=-
[14:03:58] #25320 V_bat=3.4408 V i_chg=+0.2231 A P_in=1.096 W Ah=3.3772 Wh=11.3170 eff=70.1% flags=-
[14:04:28] #25335 V_bat=3.4410 V i_chg=+0.2235 A P_in=1.096 W Ah=3.3790 Wh=11.3234 eff=70.2% flags=-
[14:04:58] #25350 V_bat=3.4438 V i_chg=+0.2357 A P_in=1.096 W Ah=3.3810 Wh=11.3302 eff=74.1% flags=-
[14:05:28] #25365 V_bat=3.4446 V i_chg=+0.2357 A P_in=1.096 W Ah=3.3829 Wh=11.3369 eff=74.1% flags=-
[14:05:58] #25380 V_bat=3.4454 V i_chg=+0.2356 A P_in=1.096 W Ah=3.3849 Wh=11.3437 eff=74.1% flags=-
[14:06:28] #25395 V_bat=3.4462 V i_chg=+0.2356 A P_in=1.096 W Ah=3.3869 Wh=11.3505 eff=74.1% flags=-
[14:06:58] #25410 V_bat=3.4469 V i_chg=+0.2355 A P_in=1.096 W Ah=3.3888 Wh=11.3572 eff=74.1% flags=-
[14:07:28] #25425 V_bat=3.4477 V i_chg=+0.2355 A P_in=1.096 W Ah=3.3908 Wh=11.3640 eff=74.1% flags=-
[14:07:58] #25440 V_bat=3.4485 V i_chg=+0.2354 A P_in=1.096 W Ah=3.3927 Wh=11.3707 eff=74.1% flags=-
[14:08:28] #25455 V_bat=3.4492 V i_chg=+0.2354 A P_in=1.096 W Ah=3.3947 Wh=11.3775 eff=74.1% flags=-
[14:08:58] #25470 V_bat=3.4500 V i_chg=+0.2353 A P_in=1.096 W Ah=3.3967 Wh=11.3843 eff=74.1% flags=-
[14:09:28] #25485 V_bat=3.4508 V i_chg=+0.2353 A P_in=1.096 W Ah=3.3986 Wh=11.3911 eff=74.1% flags=-
[14:09:58] #25500 V_bat=3.4493 V i_chg=+0.2226 A P_in=1.096 W Ah=3.4005 Wh=11.3975 eff=70.1% flags=-
[14:10:28] #25515 V_bat=3.4497 V i_chg=+0.2234 A P_in=1.096 W Ah=3.4024 Wh=11.4039 eff=70.3% flags=-
[14:10:58] #25530 V_bat=3.4525 V i_chg=+0.2352 A P_in=1.096 W Ah=3.4043 Wh=11.4106 eff=74.1% flags=-
[14:11:28] #25545 V_bat=3.4536 V i_chg=+0.2351 A P_in=1.096 W Ah=3.4063 Wh=11.4174 eff=74.1% flags=-
[14:11:58] #25560 V_bat=3.4547 V i_chg=+0.2351 A P_in=1.096 W Ah=3.4082 Wh=11.4241 eff=74.1% flags=-
[14:12:28] #25575 V_bat=3.4558 V i_chg=+0.2350 A P_in=1.096 W Ah=3.4102 Wh=11.4309 eff=74.1% flags=-
[14:12:58] #25590 V_bat=3.4569 V i_chg=+0.2350 A P_in=1.096 W Ah=3.4121 Wh=11.4377 eff=74.1% flags=-
[14:13:28] #25605 V_bat=3.4580 V i_chg=+0.2349 A P_in=1.096 W Ah=3.4141 Wh=11.4445 eff=74.1% flags=-
[14:13:58] #25620 V_bat=3.4591 V i_chg=+0.2348 A P_in=1.096 W Ah=3.4160 Wh=11.4512 eff=74.1% flags=-
[14:14:28] #25635 V_bat=3.4602 V i_chg=+0.2348 A P_in=1.096 W Ah=3.4180 Wh=11.4580 eff=74.1% flags=-
[14:14:58] #25650 V_bat=3.4614 V i_chg=+0.2347 A P_in=1.096 W Ah=3.4200 Wh=11.4648 eff=74.1% flags=-
[14:15:28] #25665 V_bat=3.4627 V i_chg=+0.2346 A P_in=1.096 W Ah=3.4219 Wh=11.4715 eff=74.1% flags=-
[14:15:58] #25680 V_bat=3.4616 V i_chg=+0.2226 A P_in=1.096 W Ah=3.4238 Wh=11.4781 eff=70.3% flags=-
[14:16:28] #25695 V_bat=3.4623 V i_chg=+0.2218 A P_in=1.096 W Ah=3.4257 Wh=11.4845 eff=70.1% flags=-
[14:16:58] #25710 V_bat=3.4655 V i_chg=+0.2345 A P_in=1.096 W Ah=3.4276 Wh=11.4911 eff=74.2% flags=-
[14:17:28] #25725 V_bat=3.4672 V i_chg=+0.2344 A P_in=1.096 W Ah=3.4295 Wh=11.4979 eff=74.2% flags=-
[14:17:58] #25740 V_bat=3.4689 V i_chg=+0.2343 A P_in=1.096 W Ah=3.4315 Wh=11.5047 eff=74.2% flags=-
[14:18:28] #25755 V_bat=3.4705 V i_chg=+0.2342 A P_in=1.096 W Ah=3.4334 Wh=11.5114 eff=74.2% flags=-
[14:18:58] #25770 V_bat=3.4723 V i_chg=+0.2341 A P_in=1.096 W Ah=3.4354 Wh=11.5182 eff=74.2% flags=-
[14:19:28] #25785 V_bat=3.4740 V i_chg=+0.2340 A P_in=1.096 W Ah=3.4373 Wh=11.5250 eff=74.2% flags=-
[14:19:58] #25800 V_bat=3.4759 V i_chg=+0.2339 A P_in=1.096 W Ah=3.4393 Wh=11.5317 eff=74.2% flags=-
[14:20:28] #25815 V_bat=3.4778 V i_chg=+0.2338 A P_in=1.096 W Ah=3.4412 Wh=11.5385 eff=74.2% flags=-
[14:20:58] #25830 V_bat=3.4798 V i_chg=+0.2337 A P_in=1.096 W Ah=3.4432 Wh=11.5453 eff=74.2% flags=-
[14:21:28] #25845 V_bat=3.4819 V i_chg=+0.2336 A P_in=1.096 W Ah=3.4451 Wh=11.5521 eff=74.2% flags=-
[14:21:58] #25860 V_bat=3.4820 V i_chg=+0.2218 A P_in=1.096 W Ah=3.4470 Wh=11.5587 eff=70.5% flags=-
[14:22:28] #25875 V_bat=3.4833 V i_chg=+0.2215 A P_in=1.096 W Ah=3.4489 Wh=11.5651 eff=70.4% flags=-
[14:22:58] #25890 V_bat=3.4874 V i_chg=+0.2333 A P_in=1.096 W Ah=3.4508 Wh=11.5717 eff=74.2% flags=-
[14:23:28] #25905 V_bat=3.4903 V i_chg=+0.2331 A P_in=1.096 W Ah=3.4527 Wh=11.5784 eff=74.2% flags=-
[14:23:58] #25920 V_bat=3.4933 V i_chg=+0.2329 A P_in=1.096 W Ah=3.4546 Wh=11.5852 eff=74.3% flags=-
[14:24:28] #25935 V_bat=3.4964 V i_chg=+0.2328 A P_in=1.096 W Ah=3.4566 Wh=11.5920 eff=74.3% flags=-
[14:24:58] #25950 V_bat=3.4996 V i_chg=+0.2326 A P_in=1.096 W Ah=3.4585 Wh=11.5988 eff=74.3% flags=-
[14:25:28] #25965 V_bat=3.5029 V i_chg=+0.2324 A P_in=1.096 W Ah=3.4605 Wh=11.6056 eff=74.3% flags=-
[14:25:58] #25980 V_bat=3.5065 V i_chg=+0.2322 A P_in=1.096 W Ah=3.4624 Wh=11.6124 eff=74.3% flags=-
[14:26:28] #25995 V_bat=3.5103 V i_chg=+0.2320 A P_in=1.096 W Ah=3.4643 Wh=11.6191 eff=74.3% flags=-
[14:26:58] #26010 V_bat=3.5144 V i_chg=+0.2318 A P_in=1.096 W Ah=3.4663 Wh=11.6259 eff=74.3% flags=-
[14:27:28] #26025 V_bat=3.5188 V i_chg=+0.2316 A P_in=1.096 W Ah=3.4682 Wh=11.6327 eff=74.3% flags=-
[14:27:58] #26040 V_bat=3.5214 V i_chg=+0.2193 A P_in=1.096 W Ah=3.4701 Wh=11.6394 eff=70.5% flags=-
[14:28:28] #26055 V_bat=3.5245 V i_chg=+0.2198 A P_in=1.096 W Ah=3.4719 Wh=11.6458 eff=70.7% flags=-
[14:28:58] #26070 V_bat=3.5309 V i_chg=+0.2309 A P_in=1.096 W Ah=3.4737 Wh=11.6523 eff=74.4% flags=-
[14:29:28] #26085 V_bat=3.5375 V i_chg=+0.2305 A P_in=1.097 W Ah=3.4757 Wh=11.6591 eff=74.4% flags=-
[14:29:58] #26100 V_bat=3.5441 V i_chg=+0.2301 A P_in=1.097 W Ah=3.4776 Wh=11.6659 eff=74.4% flags=-
[14:30:28] #26115 V_bat=3.5509 V i_chg=+0.2297 A P_in=1.097 W Ah=3.4795 Wh=11.6727 eff=74.4% flags=-
[14:30:58] #26130 V_bat=3.5583 V i_chg=+0.2293 A P_in=1.097 W Ah=3.4814 Wh=11.6795 eff=74.4% flags=-
[14:31:28] #26145 V_bat=3.5603 V i_chg=+0.2293 A P_in=1.096 W Ah=3.4831 Wh=11.6855 eff=74.4% flags=-
[14:31:58] #26160 V_bat=3.5605 V i_chg=+0.2306 A P_in=1.102 W Ah=3.4848 Wh=11.6914 eff=74.5% flags=-
[14:32:28] #26175 V_bat=3.5608 V i_chg=+0.2313 A P_in=1.146 W Ah=3.4864 Wh=11.6974 eff=71.9% flags=-
[14:32:58] #26190 V_bat=3.5321 V i_chg=+0.0053 A P_in=0.067 W Ah=3.4879 Wh=11.7025 eff=28.0% flags=-
[14:33:28] #26205 V_bat=3.5609 V i_chg=+0.2310 A P_in=1.144 W Ah=3.4888 Wh=11.7059 eff=71.9% flags=-
[14:33:58] #26220 V_bat=3.5614 V i_chg=+0.2265 A P_in=1.121 W Ah=3.4901 Wh=11.7103 eff=72.0% flags=-
[14:34:28] #26235 V_bat=3.5337 V i_chg=-0.0069 A P_in=0.067 W Ah=3.4914 Wh=11.7151 eff=-36.6% flags=-
[14:34:58] #26250 V_bat=3.5341 V i_chg=-0.0070 A P_in=0.067 W Ah=3.4924 Wh=11.7184 eff=-37.4% flags=-
[14:35:28] #26265 V_bat=3.5610 V i_chg=+0.2311 A P_in=1.134 W Ah=3.4931 Wh=11.7210 eff=72.5% flags=-
[14:35:58] #26280 V_bat=3.5611 V i_chg=+0.2307 A P_in=1.143 W Ah=3.4946 Wh=11.7265 eff=71.9% flags=-
[14:36:28] #26295 V_bat=3.5616 V i_chg=+0.2269 A P_in=1.126 W Ah=3.4960 Wh=11.7315 eff=71.8% flags=-
[14:36:58] #26310 V_bat=3.5344 V i_chg=+0.0052 A P_in=0.067 W Ah=3.4974 Wh=11.7363 eff=27.8% flags=-
[14:37:28] #26325 V_bat=3.5347 V i_chg=+0.0055 A P_in=0.067 W Ah=3.4980 Wh=11.7386 eff=29.1% flags=-
[14:37:58] #26340 V_bat=3.5360 V i_chg=+0.0056 A P_in=0.067 W Ah=3.4988 Wh=11.7413 eff=29.6% flags=-
[14:38:28] #26355 V_bat=3.5375 V i_chg=+0.0052 A P_in=0.067 W Ah=3.4997 Wh=11.7448 eff=27.8% flags=-
[14:38:58] #26370 V_bat=3.5376 V i_chg=+0.0052 A P_in=0.067 W Ah=3.4999 Wh=11.7453 eff=27.9% flags=-
[14:39:28] #26385 V_bat=3.5643 V i_chg=+0.2075 A P_in=1.038 W Ah=3.5001 Wh=11.7461 eff=71.2% flags=-
[14:39:58] #26400 V_bat=3.5663 V i_chg=+0.1938 A P_in=0.976 W Ah=3.5018 Wh=11.7520 eff=70.8% flags=-
[14:40:28] #26415 V_bat=3.5399 V i_chg=-0.0069 A P_in=0.067 W Ah=3.5023 Wh=11.7540 eff=-36.7% flags=-
WARNING: i_chg has been negative for 10 consecutive samples -- wiring/sign problem? (Expected positive while charging; rerun with --sign -1 if so. Continuing -- discharge is a valid observation.)
[14:40:56] #26429 V_bat=3.5399 V i_chg=-0.0064 A P_in=0.067 W Ah=3.5025 Wh=11.7546 eff=-33.9% flags=SIGN_WARN
[14:40:58] #26430 V_bat=3.5397 V i_chg=-0.0072 A P_in=0.067 W Ah=3.5025 Wh=11.7546 eff=-38.1% flags=SIGN_WARN
[14:41:00] #26431 V_bat=3.5399 V i_chg=-0.0070 A P_in=0.067 W Ah=3.5025 Wh=11.7546 eff=-37.2% flags=SIGN_WARN
[14:41:02] #26432 V_bat=3.5399 V i_chg=-0.0066 A P_in=0.067 W Ah=3.5025 Wh=11.7546 eff=-34.9% flags=SIGN_WARN
[14:41:04] #26433 V_bat=3.5398 V i_chg=-0.0076 A P_in=0.067 W Ah=3.5025 Wh=11.7546 eff=-40.5% flags=SIGN_WARN
[14:41:06] #26434 V_bat=3.5399 V i_chg=-0.0069 A P_in=0.067 W Ah=3.5025 Wh=11.7546 eff=-36.7% flags=SIGN_WARN
[14:41:28] #26445 V_bat=3.5440 V i_chg=+0.0052 A P_in=0.067 W Ah=3.5030 Wh=11.7565 eff=27.8% flags=-
[14:41:58] #26460 V_bat=3.5461 V i_chg=+0.0052 A P_in=0.067 W Ah=3.5039 Wh=11.7595 eff=27.9% flags=-
[14:42:28] #26475 V_bat=3.5487 V i_chg=+0.0052 A P_in=0.067 W Ah=3.5050 Wh=11.7634 eff=27.8% flags=-
[14:42:58] #26490 V_bat=3.5696 V i_chg=+0.1700 A P_in=0.867 W Ah=3.5051 Wh=11.7640 eff=70.0% flags=-
[14:43:28] #26505 V_bat=3.5702 V i_chg=+0.1657 A P_in=0.847 W Ah=3.5057 Wh=11.7661 eff=69.8% flags=-
[14:43:58] #26520 V_bat=3.5709 V i_chg=+0.1605 A P_in=0.823 W Ah=3.5064 Wh=11.7684 eff=69.6% flags=-
[14:44:28] #26535 V_bat=3.5523 V i_chg=+0.0052 A P_in=0.067 W Ah=3.5068 Wh=11.7699 eff=27.8% flags=-
[14:44:58] #26550 V_bat=3.5531 V i_chg=+0.0052 A P_in=0.067 W Ah=3.5071 Wh=11.7710 eff=27.7% flags=-
[14:45:28] #26565 V_bat=3.5551 V i_chg=+0.0054 A P_in=0.067 W Ah=3.5078 Wh=11.7734 eff=29.0% flags=-
[14:45:58] #26580 V_bat=3.5732 V i_chg=+0.1449 A P_in=0.751 W Ah=3.5082 Wh=11.7749 eff=68.9% flags=-
[14:46:28] #26595 V_bat=3.5730 V i_chg=+0.1453 A P_in=0.812 W Ah=3.5086 Wh=11.7765 eff=64.0% flags=-
[14:46:58] #26610 V_bat=3.5738 V i_chg=+0.1391 A P_in=0.780 W Ah=3.5097 Wh=11.7804 eff=63.7% flags=-
[14:47:28] #26625 V_bat=3.5580 V i_chg=+0.0052 A P_in=0.067 W Ah=3.5104 Wh=11.7827 eff=27.8% flags=-
[14:47:58] #26640 V_bat=3.5586 V i_chg=+0.0052 A P_in=0.067 W Ah=3.5106 Wh=11.7834 eff=27.6% flags=-
[14:48:28] #26655 V_bat=3.5595 V i_chg=+0.0052 A P_in=0.067 W Ah=3.5108 Wh=11.7840 eff=27.7% flags=-
[14:48:58] #26670 V_bat=3.5759 V i_chg=+0.1247 A P_in=0.658 W Ah=3.5112 Wh=11.7855 eff=67.7% flags=-
[14:49:28] #26685 V_bat=3.5623 V i_chg=+0.0052 A P_in=0.067 W Ah=3.5120 Wh=11.7883 eff=27.7% flags=-
[14:49:58] #26700 V_bat=3.5770 V i_chg=+0.1177 A P_in=0.626 W Ah=3.5122 Wh=11.7893 eff=67.2% flags=-
[14:50:28] #26715 V_bat=3.5776 V i_chg=+0.1134 A P_in=0.606 W Ah=3.5129 Wh=11.7918 eff=66.9% flags=-
[14:50:58] #26730 V_bat=3.5777 V i_chg=+0.1124 A P_in=0.602 W Ah=3.5133 Wh=11.7931 eff=66.8% flags=-
[14:51:28] #26745 V_bat=3.5786 V i_chg=+0.1058 A P_in=0.571 W Ah=3.5142 Wh=11.7963 eff=66.3% flags=-
[14:51:58] #26760 V_bat=3.5787 V i_chg=+0.1059 A P_in=0.572 W Ah=3.5145 Wh=11.7975 eff=66.3% flags=-
[14:52:28] #26775 V_bat=3.5785 V i_chg=+0.1061 A P_in=0.630 W Ah=3.5151 Wh=11.7997 eff=60.3% flags=-
[14:52:58] #26790 V_bat=3.5783 V i_chg=+0.1077 A P_in=0.638 W Ah=3.5156 Wh=11.8013 eff=60.4% flags=-
[14:53:28] #26805 V_bat=3.5655 V i_chg=+0.0052 A P_in=0.067 W Ah=3.5158 Wh=11.8020 eff=27.8% flags=-
[14:53:58] #26820 V_bat=3.5790 V i_chg=+0.1035 A P_in=0.561 W Ah=3.5158 Wh=11.8022 eff=66.1% flags=-
[14:54:28] #26835 V_bat=3.5681 V i_chg=+0.0052 A P_in=0.067 W Ah=3.5163 Wh=11.8040 eff=27.7% flags=-
[14:54:58] #26850 V_bat=3.5692 V i_chg=+0.0052 A P_in=0.067 W Ah=3.5168 Wh=11.8058 eff=27.7% flags=-
[14:55:28] #26865 V_bat=3.5802 V i_chg=+0.0949 A P_in=0.520 W Ah=3.5170 Wh=11.8064 eff=65.3% flags=-
[14:55:58] #26880 V_bat=3.5809 V i_chg=+0.0900 A P_in=0.497 W Ah=3.5175 Wh=11.8082 eff=64.8% flags=-
[14:56:28] #26895 V_bat=3.5700 V i_chg=+0.0052 A P_in=0.067 W Ah=3.5176 Wh=11.8087 eff=27.7% flags=-
[14:56:58] #26910 V_bat=3.5814 V i_chg=+0.0867 A P_in=0.482 W Ah=3.5181 Wh=11.8102 eff=64.4% flags=-
[14:57:28] #26925 V_bat=3.5716 V i_chg=+0.0051 A P_in=0.067 W Ah=3.5184 Wh=11.8116 eff=27.6% flags=-
[14:57:58] #26940 V_bat=3.5817 V i_chg=+0.0845 A P_in=0.472 W Ah=3.5186 Wh=11.8123 eff=64.2% flags=-
[14:58:28] #26955 V_bat=3.5818 V i_chg=+0.0827 A P_in=0.516 W Ah=3.5192 Wh=11.8141 eff=57.4% flags=-
[14:58:48] #26965 V_bat=3.5691 V i_chg=-0.0072 A P_in=0.067 W Ah=3.5191 Wh=11.8141 eff=-38.3% flags=SIGN_WARN
[14:58:50] #26966 V_bat=3.5689 V i_chg=-0.0072 A P_in=0.067 W Ah=3.5191 Wh=11.8141 eff=-38.4% flags=SIGN_WARN
[14:58:52] #26967 V_bat=3.5688 V i_chg=-0.0069 A P_in=0.067 W Ah=3.5191 Wh=11.8140 eff=-37.3% flags=SIGN_WARN
[14:58:58] #26970 V_bat=3.5810 V i_chg=+0.0891 A P_in=0.547 W Ah=3.5192 Wh=11.8143 eff=58.3% flags=-
[14:59:28] #26985 V_bat=3.5810 V i_chg=+0.0888 A P_in=0.492 W Ah=3.5196 Wh=11.8156 eff=64.7% flags=-
[14:59:58] #27000 V_bat=3.5726 V i_chg=+0.0052 A P_in=0.067 W Ah=3.5200 Wh=11.8171 eff=27.6% flags=-
[15:00:28] #27015 V_bat=3.5735 V i_chg=+0.0051 A P_in=0.067 W Ah=3.5204 Wh=11.8184 eff=27.6% flags=-
[15:00:58] #27030 V_bat=3.5741 V i_chg=+0.0052 A P_in=0.067 W Ah=3.5207 Wh=11.8196 eff=27.7% flags=-
[15:01:28] #27045 V_bat=3.5829 V i_chg=+0.0759 A P_in=0.431 W Ah=3.5208 Wh=11.8199 eff=63.1% flags=-
[15:01:58] #27060 V_bat=3.5832 V i_chg=+0.0738 A P_in=0.421 W Ah=3.5210 Wh=11.8208 eff=62.8% flags=-
[15:02:28] #27075 V_bat=3.5747 V i_chg=+0.0052 A P_in=0.067 W Ah=3.5212 Wh=11.8215 eff=27.7% flags=-
[15:02:58] #27090 V_bat=3.5754 V i_chg=+0.0051 A P_in=0.067 W Ah=3.5215 Wh=11.8224 eff=27.6% flags=-
[15:03:28] #27105 V_bat=3.5756 V i_chg=+0.0052 A P_in=0.067 W Ah=3.5217 Wh=11.8234 eff=27.7% flags=-
[15:03:58] #27120 V_bat=3.5841 V i_chg=+0.0669 A P_in=0.388 W Ah=3.5221 Wh=11.8246 eff=61.8% flags=-
[15:04:28] #27135 V_bat=3.5770 V i_chg=+0.0052 A P_in=0.067 W Ah=3.5225 Wh=11.8262 eff=27.8% flags=-
[15:04:58] #27150 V_bat=3.5833 V i_chg=+0.0721 A P_in=0.470 W Ah=3.5227 Wh=11.8270 eff=55.0% flags=-
[15:05:28] #27165 V_bat=3.5728 V i_chg=-0.0073 A P_in=0.067 W Ah=3.5229 Wh=11.8276 eff=-39.0% flags=-
[15:05:58] #27180 V_bat=3.5761 V i_chg=+0.0052 A P_in=0.067 W Ah=3.5232 Wh=11.8286 eff=27.7% flags=-
[15:06:28] #27195 V_bat=3.5846 V i_chg=+0.0632 A P_in=0.371 W Ah=3.5236 Wh=11.8302 eff=61.1% flags=-
[15:06:58] #27210 V_bat=3.5849 V i_chg=+0.0612 A P_in=0.361 W Ah=3.5240 Wh=11.8314 eff=60.7% flags=-
[15:07:28] #27225 V_bat=3.5778 V i_chg=+0.0051 A P_in=0.067 W Ah=3.5242 Wh=11.8321 eff=27.6% flags=-
[15:07:58] #27240 V_bat=3.5778 V i_chg=+0.0052 A P_in=0.067 W Ah=3.5242 Wh=11.8324 eff=27.7% flags=-
[15:08:28] #27255 V_bat=3.5854 V i_chg=+0.0583 A P_in=0.347 W Ah=3.5246 Wh=11.8335 eff=60.1% flags=-
[15:08:58] #27270 V_bat=3.5855 V i_chg=+0.0571 A P_in=0.342 W Ah=3.5249 Wh=11.8346 eff=59.9% flags=-
[15:09:28] #27285 V_bat=3.5858 V i_chg=+0.0554 A P_in=0.334 W Ah=3.5253 Wh=11.8360 eff=59.5% flags=-
[15:09:58] #27300 V_bat=3.5857 V i_chg=+0.0556 A P_in=0.335 W Ah=3.5255 Wh=11.8369 eff=59.5% flags=-
[15:10:28] #27315 V_bat=3.5795 V i_chg=+0.0052 A P_in=0.067 W Ah=3.5258 Wh=11.8378 eff=27.7% flags=-
[15:10:58] #27330 V_bat=3.5851 V i_chg=+0.0590 A P_in=0.412 W Ah=3.5260 Wh=11.8385 eff=51.4% flags=-
[15:11:28] #27345 V_bat=3.5850 V i_chg=+0.0604 A P_in=0.417 W Ah=3.5264 Wh=11.8400 eff=51.9% flags=-
[15:11:58] #27360 V_bat=3.5858 V i_chg=+0.0555 A P_in=0.334 W Ah=3.5268 Wh=11.8416 eff=59.5% flags=-
[15:12:28] #27375 V_bat=3.5861 V i_chg=+0.0531 A P_in=0.323 W Ah=3.5270 Wh=11.8424 eff=58.9% flags=-
[15:12:58] #27390 V_bat=3.5805 V i_chg=+0.0051 A P_in=0.067 W Ah=3.5274 Wh=11.8435 eff=27.6% flags=-
[15:13:28] #27405 V_bat=3.5809 V i_chg=+0.0051 A P_in=0.067 W Ah=3.5277 Wh=11.8446 eff=27.5% flags=-
[15:13:58] #27420 V_bat=3.5808 V i_chg=+0.0051 A P_in=0.067 W Ah=3.5279 Wh=11.8453 eff=27.6% flags=-
[15:14:28] #27435 V_bat=3.5864 V i_chg=+0.0503 A P_in=0.310 W Ah=3.5280 Wh=11.8457 eff=58.3% flags=-
[15:14:58] #27450 V_bat=3.5811 V i_chg=+0.0051 A P_in=0.067 W Ah=3.5282 Wh=11.8466 eff=27.5% flags=-
[15:15:28] #27465 V_bat=3.5867 V i_chg=+0.0481 A P_in=0.299 W Ah=3.5284 Wh=11.8472 eff=57.7% flags=-
[15:15:58] #27480 V_bat=3.5818 V i_chg=+0.0052 A P_in=0.067 W Ah=3.5287 Wh=11.8484 eff=27.7% flags=-
[15:16:28] #27495 V_bat=3.5869 V i_chg=+0.0470 A P_in=0.294 W Ah=3.5288 Wh=11.8488 eff=57.4% flags=-
[15:16:58] #27510 V_bat=3.5796 V i_chg=-0.0073 A P_in=0.067 W Ah=3.5292 Wh=11.8500 eff=-39.0% flags=-
[15:17:28] #27525 V_bat=3.5782 V i_chg=-0.0074 A P_in=0.067 W Ah=3.5293 Wh=11.8504 eff=-39.9% flags=-
[15:17:58] #27540 V_bat=3.5864 V i_chg=+0.0509 A P_in=0.313 W Ah=3.5295 Wh=11.8513 eff=58.4% flags=-
[15:18:28] #27555 V_bat=3.5818 V i_chg=+0.0051 A P_in=0.067 W Ah=3.5298 Wh=11.8522 eff=27.6% flags=-
[15:18:58] #27570 V_bat=3.5821 V i_chg=+0.0051 A P_in=0.067 W Ah=3.5299 Wh=11.8528 eff=27.6% flags=-
[15:19:28] #27585 V_bat=3.5825 V i_chg=+0.0051 A P_in=0.067 W Ah=3.5301 Wh=11.8535 eff=27.5% flags=-
[15:19:58] #27600 V_bat=3.5825 V i_chg=+0.0051 A P_in=0.067 W Ah=3.5303 Wh=11.8539 eff=27.7% flags=-
[15:20:28] #27615 V_bat=3.5876 V i_chg=+0.0420 A P_in=0.270 W Ah=3.5305 Wh=11.8548 eff=55.9% flags=-
[15:20:58] #27630 V_bat=3.5833 V i_chg=+0.0051 A P_in=0.067 W Ah=3.5307 Wh=11.8557 eff=27.5% flags=-
[15:21:28] #27645 V_bat=3.5832 V i_chg=+0.0051 A P_in=0.067 W Ah=3.5309 Wh=11.8563 eff=27.6% flags=-
[15:21:58] #27660 V_bat=3.5834 V i_chg=+0.0051 A P_in=0.067 W Ah=3.5311 Wh=11.8568 eff=27.7% flags=-
[15:22:28] #27675 V_bat=3.5835 V i_chg=+0.0051 A P_in=0.067 W Ah=3.5312 Wh=11.8573 eff=27.6% flags=-
[15:22:58] #27690 V_bat=3.5811 V i_chg=-0.0062 A P_in=0.067 W Ah=3.5313 Wh=11.8575 eff=-33.5% flags=-
[15:23:28] #27705 V_bat=3.5869 V i_chg=+0.0465 A P_in=0.345 W Ah=3.5314 Wh=11.8582 eff=48.3% flags=-
[15:23:58] #27720 V_bat=3.5820 V i_chg=+0.0051 A P_in=0.067 W Ah=3.5318 Wh=11.8593 eff=27.6% flags=-
[15:24:28] #27735 V_bat=3.5878 V i_chg=+0.0413 A P_in=0.266 W Ah=3.5319 Wh=11.8599 eff=55.7% flags=-
[15:24:58] #27750 V_bat=3.5837 V i_chg=+0.0051 A P_in=0.067 W Ah=3.5321 Wh=11.8604 eff=27.6% flags=-
[15:25:28] #27765 V_bat=3.5881 V i_chg=+0.0387 A P_in=0.253 W Ah=3.5322 Wh=11.8608 eff=54.8% flags=-
[15:25:58] #27780 V_bat=3.5842 V i_chg=+0.0051 A P_in=0.067 W Ah=3.5323 Wh=11.8614 eff=27.6% flags=-
[15:26:28] #27795 V_bat=3.5885 V i_chg=+0.0362 A P_in=0.241 W Ah=3.5325 Wh=11.8621 eff=54.0% flags=-
[15:26:58] #27810 V_bat=3.5849 V i_chg=+0.0051 A P_in=0.067 W Ah=3.5328 Wh=11.8630 eff=27.7% flags=-
[15:27:28] #27825 V_bat=3.5886 V i_chg=+0.0354 A P_in=0.237 W Ah=3.5329 Wh=11.8634 eff=53.6% flags=-
[15:27:58] #27840 V_bat=3.5887 V i_chg=+0.0346 A P_in=0.233 W Ah=3.5331 Wh=11.8641 eff=53.3% flags=-
[15:28:28] #27855 V_bat=3.5849 V i_chg=+0.0051 A P_in=0.067 W Ah=3.5332 Wh=11.8646 eff=27.5% flags=-
[15:28:58] #27870 V_bat=3.5844 V i_chg=+0.0022 A P_in=0.067 W Ah=3.5333 Wh=11.8650 eff=11.7% flags=-
[15:29:28] #27885 V_bat=3.5813 V i_chg=-0.0075 A P_in=0.067 W Ah=3.5333 Wh=11.8650 eff=-40.5% flags=-
[15:29:30] #27886 V_bat=3.5812 V i_chg=-0.0074 A P_in=0.067 W Ah=3.5333 Wh=11.8650 eff=-39.6% flags=SIGN_WARN
[15:29:32] #27887 V_bat=3.5811 V i_chg=-0.0069 A P_in=0.067 W Ah=3.5333 Wh=11.8650 eff=-37.4% flags=SIGN_WARN
[15:29:34] #27888 V_bat=3.5812 V i_chg=-0.0068 A P_in=0.067 W Ah=3.5333 Wh=11.8649 eff=-36.5% flags=SIGN_WARN
[15:29:36] #27889 V_bat=3.5811 V i_chg=-0.0064 A P_in=0.067 W Ah=3.5333 Wh=11.8649 eff=-34.6% flags=SIGN_WARN
[15:29:38] #27890 V_bat=3.5809 V i_chg=-0.0073 A P_in=0.067 W Ah=3.5333 Wh=11.8649 eff=-39.4% flags=SIGN_WARN
[15:29:58] #27900 V_bat=3.5875 V i_chg=+0.0423 A P_in=0.330 W Ah=3.5335 Wh=11.8656 eff=46.0% flags=-
[15:30:28] #27915 V_bat=3.5884 V i_chg=+0.0364 A P_in=0.242 W Ah=3.5338 Wh=11.8665 eff=54.0% flags=-
[15:30:58] #27930 V_bat=3.5850 V i_chg=+0.0051 A P_in=0.067 W Ah=3.5339 Wh=11.8670 eff=27.5% flags=-
[15:31:28] #27945 V_bat=3.5853 V i_chg=+0.0051 A P_in=0.067 W Ah=3.5340 Wh=11.8675 eff=27.6% flags=-
[15:31:58] #27960 V_bat=3.5889 V i_chg=+0.0329 A P_in=0.225 W Ah=3.5341 Wh=11.8679 eff=52.6% flags=-
[15:32:28] #27975 V_bat=3.5857 V i_chg=+0.0051 A P_in=0.067 W Ah=3.5343 Wh=11.8684 eff=27.5% flags=-
[15:32:58] #27990 V_bat=3.5859 V i_chg=+0.0051 A P_in=0.067 W Ah=3.5345 Wh=11.8690 eff=27.4% flags=-
[15:33:28] #28005 V_bat=3.5892 V i_chg=+0.0308 A P_in=0.214 W Ah=3.5346 Wh=11.8694 eff=51.6% flags=-
[15:33:58] #28020 V_bat=3.5894 V i_chg=+0.0300 A P_in=0.210 W Ah=3.5348 Wh=11.8702 eff=51.2% flags=-
[15:34:28] #28035 V_bat=3.5861 V i_chg=+0.0051 A P_in=0.067 W Ah=3.5349 Wh=11.8705 eff=27.5% flags=-
[15:34:58] #28050 V_bat=3.5862 V i_chg=+0.0051 A P_in=0.067 W Ah=3.5350 Wh=11.8709 eff=27.5% flags=-
[15:35:28] #28065 V_bat=3.5827 V i_chg=-0.0069 A P_in=0.067 W Ah=3.5350 Wh=11.8710 eff=-37.4% flags=-
[15:35:58] #28080 V_bat=3.5881 V i_chg=+0.0377 A P_in=0.309 W Ah=3.5352 Wh=11.8716 eff=43.7% flags=-
[15:36:28] #28095 V_bat=3.5853 V i_chg=+0.0051 A P_in=0.067 W Ah=3.5354 Wh=11.8724 eff=27.4% flags=-
[15:36:58] #28110 V_bat=3.5892 V i_chg=+0.0309 A P_in=0.215 W Ah=3.5355 Wh=11.8727 eff=51.7% flags=-
[15:37:28] #28125 V_bat=3.5863 V i_chg=+0.0051 A P_in=0.067 W Ah=3.5356 Wh=11.8732 eff=27.6% flags=-
[15:37:58] #28140 V_bat=3.5864 V i_chg=+0.0051 A P_in=0.067 W Ah=3.5357 Wh=11.8735 eff=27.5% flags=-
[15:38:28] #28155 V_bat=3.5896 V i_chg=+0.0282 A P_in=0.201 W Ah=3.5359 Wh=11.8741 eff=50.3% flags=-
[15:38:58] #28170 V_bat=3.5866 V i_chg=+0.0051 A P_in=0.067 W Ah=3.5359 Wh=11.8743 eff=27.6% flags=-
[15:39:28] #28185 V_bat=3.5897 V i_chg=+0.0276 A P_in=0.198 W Ah=3.5360 Wh=11.8746 eff=50.0% flags=-
[15:39:58] #28200 V_bat=3.5870 V i_chg=+0.0051 A P_in=0.067 W Ah=3.5362 Wh=11.8752 eff=27.6% flags=-
[15:40:28] #28215 V_bat=3.5898 V i_chg=+0.0261 A P_in=0.190 W Ah=3.5363 Wh=11.8757 eff=49.2% flags=-
[15:40:58] #28230 V_bat=3.5899 V i_chg=+0.0263 A P_in=0.191 W Ah=3.5364 Wh=11.8761 eff=49.3% flags=-
[15:41:28] #28245 V_bat=3.5893 V i_chg=+0.0296 A P_in=0.273 W Ah=3.5366 Wh=11.8768 eff=38.9% flags=-
[15:41:58] #28260 V_bat=3.5887 V i_chg=+0.0335 A P_in=0.289 W Ah=3.5368 Wh=11.8773 eff=41.7% flags=-
[15:42:28] #28275 V_bat=3.5893 V i_chg=+0.0300 A P_in=0.210 W Ah=3.5370 Wh=11.8782 eff=51.3% flags=-
[15:42:58] #28290 V_bat=3.5871 V i_chg=+0.0051 A P_in=0.067 W Ah=3.5372 Wh=11.8789 eff=27.6% flags=-
[15:43:28] #28305 V_bat=3.5874 V i_chg=+0.0051 A P_in=0.067 W Ah=3.5374 Wh=11.8794 eff=27.6% flags=-
[15:43:58] #28320 V_bat=3.5875 V i_chg=+0.0051 A P_in=0.067 W Ah=3.5375 Wh=11.8798 eff=27.6% flags=-
[15:44:28] #28335 V_bat=3.5902 V i_chg=+0.0239 A P_in=0.179 W Ah=3.5377 Wh=11.8805 eff=47.9% flags=-
[15:44:58] #28350 V_bat=3.5879 V i_chg=+0.0051 A P_in=0.067 W Ah=3.5379 Wh=11.8812 eff=27.6% flags=-
[15:45:28] #28365 V_bat=3.5878 V i_chg=+0.0051 A P_in=0.067 W Ah=3.5379 Wh=11.8814 eff=27.6% flags=-
[15:45:58] #28380 V_bat=3.5877 V i_chg=+0.0051 A P_in=0.067 W Ah=3.5379 Wh=11.8815 eff=27.6% flags=-
[15:46:28] #28395 V_bat=3.5878 V i_chg=+0.0051 A P_in=0.067 W Ah=3.5380 Wh=11.8818 eff=27.6% flags=-
[15:46:58] #28410 V_bat=3.5880 V i_chg=+0.0051 A P_in=0.067 W Ah=3.5381 Wh=11.8822 eff=27.6% flags=-
[15:47:28] #28425 V_bat=3.5899 V i_chg=+0.0255 A P_in=0.251 W Ah=3.5383 Wh=11.8827 eff=36.6% flags=-
[15:47:58] #28440 V_bat=3.5893 V i_chg=+0.0301 A P_in=0.273 W Ah=3.5384 Wh=11.8832 eff=39.6% flags=-
[15:48:22] #28452 V_bat=3.5832 V i_chg=-0.0069 A P_in=0.067 W Ah=3.5384 Wh=11.8833 eff=-37.2% flags=SIGN_WARN
[15:48:28] #28455 V_bat=3.5859 V i_chg=+0.0051 A P_in=0.067 W Ah=3.5384 Wh=11.8833 eff=27.6% flags=-
[15:48:58] #28470 V_bat=3.5875 V i_chg=+0.0051 A P_in=0.067 W Ah=3.5386 Wh=11.8839 eff=27.6% flags=-
[15:49:28] #28485 V_bat=3.5903 V i_chg=+0.0234 A P_in=0.177 W Ah=3.5387 Wh=11.8842 eff=47.6% flags=-
[15:49:58] #28500 V_bat=3.5882 V i_chg=+0.0051 A P_in=0.067 W Ah=3.5388 Wh=11.8846 eff=27.6% flags=-
[15:50:28] #28515 V_bat=3.5905 V i_chg=+0.0222 A P_in=0.171 W Ah=3.5389 Wh=11.8848 eff=46.7% flags=-
[15:50:58] #28530 V_bat=3.5906 V i_chg=+0.0216 A P_in=0.168 W Ah=3.5390 Wh=11.8853 eff=46.3% flags=-
[15:51:28] #28545 V_bat=3.5906 V i_chg=+0.0210 A P_in=0.164 W Ah=3.5391 Wh=11.8858 eff=45.8% flags=-
[15:51:58] #28560 V_bat=3.5886 V i_chg=+0.0051 A P_in=0.067 W Ah=3.5392 Wh=11.8860 eff=27.5% flags=-
[15:52:28] #28575 V_bat=3.5907 V i_chg=+0.0208 A P_in=0.163 W Ah=3.5393 Wh=11.8863 eff=45.7% flags=-
[15:52:58] #28590 V_bat=3.5887 V i_chg=+0.0051 A P_in=0.067 W Ah=3.5394 Wh=11.8865 eff=27.5% flags=-
[15:53:28] #28605 V_bat=3.5906 V i_chg=+0.0212 A P_in=0.202 W Ah=3.5394 Wh=11.8867 eff=37.6% flags=-
[15:53:58] #28620 V_bat=3.5853 V i_chg=-0.0077 A P_in=0.067 W Ah=3.5395 Wh=11.8870 eff=-41.5% flags=-
[15:54:28] #28635 V_bat=3.5848 V i_chg=-0.0074 A P_in=0.067 W Ah=3.5396 Wh=11.8875 eff=-39.9% flags=-
[15:54:58] #28650 V_bat=3.5904 V i_chg=+0.0230 A P_in=0.175 W Ah=3.5398 Wh=11.8880 eff=47.2% flags=-
[15:55:28] #28665 V_bat=3.5907 V i_chg=+0.0209 A P_in=0.164 W Ah=3.5399 Wh=11.8885 eff=45.8% flags=-
[15:55:58] #28680 V_bat=3.5891 V i_chg=+0.0051 A P_in=0.067 W Ah=3.5400 Wh=11.8890 eff=27.5% flags=-
[15:56:28] #28695 V_bat=3.5890 V i_chg=+0.0051 A P_in=0.067 W Ah=3.5401 Wh=11.8892 eff=27.6% flags=-
[15:56:58] #28710 V_bat=3.5909 V i_chg=+0.0194 A P_in=0.156 W Ah=3.5402 Wh=11.8895 eff=44.6% flags=-
[15:57:28] #28725 V_bat=3.5892 V i_chg=+0.0051 A P_in=0.067 W Ah=3.5403 Wh=11.8898 eff=27.5% flags=-
[15:57:58] #28740 V_bat=3.5911 V i_chg=+0.0182 A P_in=0.150 W Ah=3.5404 Wh=11.8902 eff=43.7% flags=-
[15:58:28] #28755 V_bat=3.5911 V i_chg=+0.0179 A P_in=0.148 W Ah=3.5405 Wh=11.8907 eff=43.3% flags=-
[15:58:58] #28770 V_bat=3.5897 V i_chg=+0.0051 A P_in=0.067 W Ah=3.5406 Wh=11.8912 eff=27.6% flags=-
[15:59:28] #28785 V_bat=3.5897 V i_chg=+0.0051 A P_in=0.067 W Ah=3.5408 Wh=11.8916 eff=27.6% flags=-
[15:59:52] #28797 V_bat=3.5863 V i_chg=-0.0068 A P_in=0.067 W Ah=3.5407 Wh=11.8915 eff=-36.8% flags=SIGN_WARN
[15:59:54] #28798 V_bat=3.5863 V i_chg=-0.0072 A P_in=0.067 W Ah=3.5407 Wh=11.8915 eff=-38.9% flags=SIGN_WARN
[15:59:56] #28799 V_bat=3.5861 V i_chg=-0.0070 A P_in=0.067 W Ah=3.5407 Wh=11.8914 eff=-37.6% flags=SIGN_WARN
[15:59:58] #28800 V_bat=3.5901 V i_chg=+0.0248 A P_in=0.245 W Ah=3.5407 Wh=11.8915 eff=36.4% flags=-
[16:00:28] #28815 V_bat=3.5857 V i_chg=-0.0066 A P_in=0.067 W Ah=3.5409 Wh=11.8921 eff=-35.5% flags=-
[16:00:58] #28830 V_bat=3.5884 V i_chg=+0.0051 A P_in=0.067 W Ah=3.5410 Wh=11.8923 eff=27.6% flags=-
[16:01:28] #28845 V_bat=3.5891 V i_chg=+0.0051 A P_in=0.067 W Ah=3.5410 Wh=11.8925 eff=27.6% flags=-
[16:01:58] #28860 V_bat=3.5895 V i_chg=+0.0051 A P_in=0.067 W Ah=3.5411 Wh=11.8929 eff=27.6% flags=-
[16:02:28] #28875 V_bat=3.5897 V i_chg=+0.0051 A P_in=0.067 W Ah=3.5412 Wh=11.8933 eff=27.7% flags=-
[16:02:58] #28890 V_bat=3.5898 V i_chg=+0.0051 A P_in=0.067 W Ah=3.5413 Wh=11.8936 eff=27.6% flags=-
[16:03:28] #28905 V_bat=3.5914 V i_chg=+0.0162 A P_in=0.139 W Ah=3.5414 Wh=11.8940 eff=41.8% flags=-
[16:03:58] #28920 V_bat=3.5900 V i_chg=+0.0051 A P_in=0.067 W Ah=3.5415 Wh=11.8944 eff=27.6% flags=-
[16:04:28] #28935 V_bat=3.5914 V i_chg=+0.0160 A P_in=0.138 W Ah=3.5416 Wh=11.8947 eff=41.7% flags=-
[16:04:58] #28950 V_bat=3.5914 V i_chg=+0.0161 A P_in=0.139 W Ah=3.5417 Wh=11.8949 eff=41.6% flags=-
[16:05:28] #28965 V_bat=3.5901 V i_chg=+0.0051 A P_in=0.067 W Ah=3.5418 Wh=11.8953 eff=27.6% flags=-
[16:05:58] #28980 V_bat=3.5871 V i_chg=-0.0080 A P_in=0.067 W Ah=3.5418 Wh=11.8955 eff=-43.4% flags=-
[16:06:28] #28995 V_bat=3.5863 V i_chg=-0.0068 A P_in=0.067 W Ah=3.5419 Wh=11.8958 eff=-36.5% flags=-
[16:06:58] #29010 V_bat=3.5907 V i_chg=+0.0212 A P_in=0.165 W Ah=3.5420 Wh=11.8960 eff=46.0% flags=-
[16:07:28] #29025 V_bat=3.5912 V i_chg=+0.0173 A P_in=0.145 W Ah=3.5421 Wh=11.8965 eff=42.8% flags=-
[16:07:58] #29040 V_bat=3.5899 V i_chg=+0.0051 A P_in=0.067 W Ah=3.5422 Wh=11.8967 eff=27.7% flags=-
[16:08:28] #29055 V_bat=3.5915 V i_chg=+0.0151 A P_in=0.133 W Ah=3.5423 Wh=11.8971 eff=40.6% flags=-
[16:08:58] #29070 V_bat=3.5903 V i_chg=+0.0051 A P_in=0.067 W Ah=3.5424 Wh=11.8974 eff=27.5% flags=-
[16:09:28] #29085 V_bat=3.5916 V i_chg=+0.0146 A P_in=0.131 W Ah=3.5424 Wh=11.8976 eff=40.1% flags=-
[16:09:58] #29100 V_bat=3.5904 V i_chg=+0.0051 A P_in=0.067 W Ah=3.5425 Wh=11.8978 eff=27.6% flags=-
[16:10:28] #29115 V_bat=3.5905 V i_chg=+0.0051 A P_in=0.067 W Ah=3.5426 Wh=11.8981 eff=27.5% flags=-
[16:10:58] #29130 V_bat=3.5917 V i_chg=+0.0141 A P_in=0.128 W Ah=3.5426 Wh=11.8983 eff=39.6% flags=-
[16:11:28] #29145 V_bat=3.5917 V i_chg=+0.0138 A P_in=0.127 W Ah=3.5427 Wh=11.8986 eff=39.2% flags=-
[16:11:58] #29160 V_bat=3.5912 V i_chg=+0.0161 A P_in=0.204 W Ah=3.5428 Wh=11.8991 eff=28.4% flags=-
CHARGE_COMPLETE: i_chg < 0.02 A sustained for 5.0 min (armed at V_bat >= 3.4 V)
SMU error queue at exit: clean
DMM error queue at exit: clean

--- summary ---
duration:        16:12:04 (29163 samples)
final V_bat:     3.58779942
max V_bat:       3.59175843
charge in:       3.5428 Ah
energy to batt:  11.8991 Wh
energy from sol: 16.2999 Wh
overall eff:     73.0%
CC->CV ESTIMATE: t=0:10:00 (heuristic)
stop reason:     CHARGE_COMPLETE: i_chg < 0.02 A sustained for 5.0 min (armed at V_bat >= 3.4 V)
panel replay:    564577 loops, 217172 compliance updates, 9.7 Hz (if the charger perturbs faster than this, the emulation lags and the numbers say less than they look)

Samples written to data/charge_log_lt3652_recovery.csv
Summary written to data/charge_log_lt3652_recovery_summary.csv
Plots written to data/charge_log_lt3652_recovery_vbat_ichg.png and data/charge_log_lt3652_recovery_eff_pin.png
